#
# A fatal error has been detected by the Java Runtime Environment:
#
#  SIGSEGV (0xb) at pc=0x00007f872749da37, pid=93846, tid=95007
#
# JRE version: Java(TM) SE Runtime Environment (24.0.2+12) (build 24.0.2+12-54)
# Java VM: Java HotSpot(TM) 64-Bit Server VM (24.0.2+12-54, mixed mode, sharing, tiered, compressed oops, compressed class ptrs, g1 gc, linux-amd64)
# Problematic frame:
# C  [libtesseract.so.4.0.1+0x9da37]  tesseract::Tesseract::recog_all_words(PAGE_RES*, ETEXT_DESC*, TBOX const*, char const*, int)+0x347
#
# Core dump will be written. Default location: Core dumps may be processed with "/usr/share/apport/apport -p%p -s%s -c%c -d%d -P%P -u%u -g%g -F%F -- %E" (or dumping to /home/spartanluck/Documents/rovirosa_spring/core.93846)
#
# If you would like to submit a bug report, please visit:
#   https://bugreport.java.com/bugreport/crash.jsp
# The crash happened outside the Java Virtual Machine in native code.
# See problematic frame for where to report the bug.
#

---------------  S U M M A R Y ------------

Command Line: -agentlib:jdwp=transport=dt_socket,server=n,suspend=y,address=localhost:36553 -Dcom.sun.management.jmxremote -Dcom.sun.management.jmxremote.port=43367 -Dcom.sun.management.jmxremote.authenticate=false -Dcom.sun.management.jmxremote.ssl=false -Dspring.jmx.enabled=true -Djava.rmi.server.hostname=localhost -Dspring.application.admin.enabled=true -Dspring.boot.project.name=rovirosa_spring -XX:+ShowCodeDetailsInExceptionMessages -Dmanagement.endpoints.jmx.exposure.include=* com.rovirosa.rovirosa_spring.RovirosaSpringApplication

Host: 12th Gen Intel(R) Core(TM) i5-1235U, 12 cores, 15G, Ubuntu 22.04.5 LTS
Time: Tue Sep 16 01:33:37 2025 CST elapsed time: 168.427312 seconds (0d 0h 2m 48s)

---------------  T H R E A D  ---------------

Current thread (0x00007f863840c870):  JavaThread "http-nio-8080-exec-2" daemon [_thread_in_native, id=95007, stack(0x00007f8735e00000,0x00007f8735f00000) (1024K)]

Stack: [0x00007f8735e00000,0x00007f8735f00000],  sp=0x00007f8735efb4e0,  free space=1005k
Native frames: (J=compiled Java code, j=interpreted, Vv=VM code, C=native code)
C  [libtesseract.so.4.0.1+0x9da37]  tesseract::Tesseract::recog_all_words(PAGE_RES*, ETEXT_DESC*, TBOX const*, char const*, int)+0x347
Java frames: (J=compiled Java code, j=interpreted, Vv=VM code)
j  com.sun.jna.Native.invokePointer(Lcom/sun/jna/Function;JI[Ljava/lang/Object;)J+0
j  com.sun.jna.Function.invokePointer(I[Ljava/lang/Object;)Lcom/sun/jna/Pointer;+7
j  com.sun.jna.Function.invoke([Ljava/lang/Object;Ljava/lang/Class;ZI)Ljava/lang/Object;+385
j  com.sun.jna.Function.invoke(Ljava/lang/reflect/Method;[Ljava/lang/Class;Ljava/lang/Class;[Ljava/lang/Object;Ljava/util/Map;)Ljava/lang/Object;+271
j  com.sun.jna.Library$Handler.invoke(Ljava/lang/Object;Ljava/lang/reflect/Method;[Ljava/lang/Object;)Ljava/lang/Object;+390
j  jdk.proxy2.$Proxy95.TessBaseAPIGetUTF8Text(Lnet/sourceforge/tess4j/ITessAPI$TessBaseAPI;)Lcom/sun/jna/Pointer;+16 jdk.proxy2
j  net.sourceforge.tess4j.Tesseract.getOCRText(Ljava/lang/String;I)Ljava/lang/String;+269
j  net.sourceforge.tess4j.Tesseract.doOCR(Ljavax/imageio/IIOImage;Ljava/lang/String;Ljava/awt/Rectangle;I)Ljava/lang/String;+18
j  net.sourceforge.tess4j.Tesseract.doOCR(Ljava/io/File;Ljava/awt/Rectangle;)Ljava/lang/String;+126
j  net.sourceforge.tess4j.Tesseract.doOCR(Ljava/io/File;)Ljava/lang/String;+3
j  com.rovirosa.rovirosa_spring.controllers.OcrController.processINE(Lorg/springframework/web/multipart/MultipartFile;)Lorg/springframework/http/ResponseEntity;+41
j  java.lang.invoke.LambdaForm$DMH+0x00007f86e714c400.invokeVirtual(Ljava/lang/Object;Ljava/lang/Object;Ljava/lang/Object;)Ljava/lang/Object;+11 java.base@24.0.2
j  java.lang.invoke.LambdaForm$MH+0x00007f86e72b2c00.invoke(Ljava/lang/Object;Ljava/lang/Object;Ljava/lang/Object;)Ljava/lang/Object;+52 java.base@24.0.2
J 6265 c2 java.lang.reflect.Method.invoke(Ljava/lang/Object;[Ljava/lang/Object;)Ljava/lang/Object; java.base@24.0.2 (108 bytes) @ 0x00007f875036a65c [0x00007f875036a4a0+0x00000000000001bc]
j  org.springframework.web.method.support.InvocableHandlerMethod.doInvoke([Ljava/lang/Object;)Ljava/lang/Object;+55
j  org.springframework.web.method.support.InvocableHandlerMethod.invokeForRequest(Lorg/springframework/web/context/request/NativeWebRequest;Lorg/springframework/web/method/support/ModelAndViewContainer;[Ljava/lang/Object;)Ljava/lang/Object;+82
j  org.springframework.web.servlet.mvc.method.annotation.ServletInvocableHandlerMethod.invokeAndHandle(Lorg/springframework/web/context/request/ServletWebRequest;Lorg/springframework/web/method/support/ModelAndViewContainer;[Ljava/lang/Object;)V+4
j  org.springframework.web.servlet.mvc.method.annotation.RequestMappingHandlerAdapter.invokeHandlerMethod(Ljakarta/servlet/http/HttpServletRequest;Ljakarta/servlet/http/HttpServletResponse;Lorg/springframework/web/method/HandlerMethod;)Lorg/springframework/web/servlet/ModelAndView;+309
j  org.springframework.web.servlet.mvc.method.annotation.RequestMappingHandlerAdapter.handleInternal(Ljakarta/servlet/http/HttpServletRequest;Ljakarta/servlet/http/HttpServletResponse;Lorg/springframework/web/method/HandlerMethod;)Lorg/springframework/web/servlet/ModelAndView;+81
j  org.springframework.web.servlet.mvc.method.AbstractHandlerMethodAdapter.handle(Ljakarta/servlet/http/HttpServletRequest;Ljakarta/servlet/http/HttpServletResponse;Ljava/lang/Object;)Lorg/springframework/web/servlet/ModelAndView;+7
j  org.springframework.web.servlet.DispatcherServlet.doDispatch(Ljakarta/servlet/http/HttpServletRequest;Ljakarta/servlet/http/HttpServletResponse;)V+304
j  org.springframework.web.servlet.DispatcherServlet.doService(Ljakarta/servlet/http/HttpServletRequest;Ljakarta/servlet/http/HttpServletResponse;)V+242
j  org.springframework.web.servlet.FrameworkServlet.processRequest(Ljakarta/servlet/http/HttpServletRequest;Ljakarta/servlet/http/HttpServletResponse;)V+70
j  org.springframework.web.servlet.FrameworkServlet.doPost(Ljakarta/servlet/http/HttpServletRequest;Ljakarta/servlet/http/HttpServletResponse;)V+3
j  jakarta.servlet.http.HttpServlet.service(Ljakarta/servlet/http/HttpServletRequest;Ljakarta/servlet/http/HttpServletResponse;)V+150
j  org.springframework.web.servlet.FrameworkServlet.service(Ljakarta/servlet/http/HttpServletRequest;Ljakarta/servlet/http/HttpServletResponse;)V+20
j  jakarta.servlet.http.HttpServlet.service(Ljakarta/servlet/ServletRequest;Ljakarta/servlet/ServletResponse;)V+37
j  org.apache.catalina.core.ApplicationFilterChain.internalDoFilter(Ljakarta/servlet/ServletRequest;Ljakarta/servlet/ServletResponse;)V+300
j  org.apache.catalina.core.ApplicationFilterChain.doFilter(Ljakarta/servlet/ServletRequest;Ljakarta/servlet/ServletResponse;)V+99
j  org.apache.tomcat.websocket.server.WsFilter.doFilter(Ljakarta/servlet/ServletRequest;Ljakarta/servlet/ServletResponse;Ljakarta/servlet/FilterChain;)V+21
j  org.apache.catalina.core.ApplicationFilterChain.internalDoFilter(Ljakarta/servlet/ServletRequest;Ljakarta/servlet/ServletResponse;)V+130
j  org.apache.catalina.core.ApplicationFilterChain.doFilter(Ljakarta/servlet/ServletRequest;Ljakarta/servlet/ServletResponse;)V+99
j  org.springframework.web.filter.RequestContextFilter.doFilterInternal(Ljakarta/servlet/http/HttpServletRequest;Ljakarta/servlet/http/HttpServletResponse;Ljakarta/servlet/FilterChain;)V+21
j  org.springframework.web.filter.OncePerRequestFilter.doFilter(Ljakarta/servlet/ServletRequest;Ljakarta/servlet/ServletResponse;Ljakarta/servlet/FilterChain;)V+150
j  org.apache.catalina.core.ApplicationFilterChain.internalDoFilter(Ljakarta/servlet/ServletRequest;Ljakarta/servlet/ServletResponse;)V+130
j  org.apache.catalina.core.ApplicationFilterChain.doFilter(Ljakarta/servlet/ServletRequest;Ljakarta/servlet/ServletResponse;)V+99
j  org.springframework.web.filter.FormContentFilter.doFilterInternal(Ljakarta/servlet/http/HttpServletRequest;Ljakarta/servlet/http/HttpServletResponse;Ljakarta/servlet/FilterChain;)V+38
j  org.springframework.web.filter.OncePerRequestFilter.doFilter(Ljakarta/servlet/ServletRequest;Ljakarta/servlet/ServletResponse;Ljakarta/servlet/FilterChain;)V+150
j  org.apache.catalina.core.ApplicationFilterChain.internalDoFilter(Ljakarta/servlet/ServletRequest;Ljakarta/servlet/ServletResponse;)V+130
j  org.apache.catalina.core.ApplicationFilterChain.doFilter(Ljakarta/servlet/ServletRequest;Ljakarta/servlet/ServletResponse;)V+99
j  org.springframework.web.filter.ServerHttpObservationFilter.doFilterInternal(Ljakarta/servlet/http/HttpServletRequest;Ljakarta/servlet/http/HttpServletResponse;Ljakarta/servlet/FilterChain;)V+28
j  org.springframework.web.filter.OncePerRequestFilter.doFilter(Ljakarta/servlet/ServletRequest;Ljakarta/servlet/ServletResponse;Ljakarta/servlet/FilterChain;)V+150
j  org.apache.catalina.core.ApplicationFilterChain.internalDoFilter(Ljakarta/servlet/ServletRequest;Ljakarta/servlet/ServletResponse;)V+130
j  org.apache.catalina.core.ApplicationFilterChain.doFilter(Ljakarta/servlet/ServletRequest;Ljakarta/servlet/ServletResponse;)V+99
j  org.springframework.web.filter.CharacterEncodingFilter.doFilterInternal(Ljakarta/servlet/http/HttpServletRequest;Ljakarta/servlet/http/HttpServletResponse;Ljakarta/servlet/FilterChain;)V+53
j  org.springframework.web.filter.OncePerRequestFilter.doFilter(Ljakarta/servlet/ServletRequest;Ljakarta/servlet/ServletResponse;Ljakarta/servlet/FilterChain;)V+150
j  org.apache.catalina.core.ApplicationFilterChain.internalDoFilter(Ljakarta/servlet/ServletRequest;Ljakarta/servlet/ServletResponse;)V+130
j  org.apache.catalina.core.ApplicationFilterChain.doFilter(Ljakarta/servlet/ServletRequest;Ljakarta/servlet/ServletResponse;)V+99
j  org.apache.catalina.core.StandardWrapperValve.invoke(Lorg/apache/catalina/connector/Request;Lorg/apache/catalina/connector/Response;)V+511
j  org.apache.catalina.core.StandardContextValve.invoke(Lorg/apache/catalina/connector/Request;Lorg/apache/catalina/connector/Response;)V+169
j  org.apache.catalina.authenticator.AuthenticatorBase.invoke(Lorg/apache/catalina/connector/Request;Lorg/apache/catalina/connector/Response;)V+221
j  org.apache.catalina.core.StandardHostValve.invoke(Lorg/apache/catalina/connector/Request;Lorg/apache/catalina/connector/Response;)V+131
j  org.apache.catalina.valves.ErrorReportValve.invoke(Lorg/apache/catalina/connector/Request;Lorg/apache/catalina/connector/Response;)V+6
j  org.apache.catalina.core.StandardEngineValve.invoke(Lorg/apache/catalina/connector/Request;Lorg/apache/catalina/connector/Response;)V+59
j  org.apache.catalina.connector.CoyoteAdapter.service(Lorg/apache/coyote/Request;Lorg/apache/coyote/Response;)V+188
j  org.apache.coyote.http11.Http11Processor.service(Lorg/apache/tomcat/util/net/SocketWrapperBase;)Lorg/apache/tomcat/util/net/AbstractEndpoint$Handler$SocketState;+796
j  org.apache.coyote.AbstractProcessorLight.process(Lorg/apache/tomcat/util/net/SocketWrapperBase;Lorg/apache/tomcat/util/net/SocketEvent;)Lorg/apache/tomcat/util/net/AbstractEndpoint$Handler$SocketState;+155
j  org.apache.coyote.AbstractProtocol$ConnectionHandler.process(Lorg/apache/tomcat/util/net/SocketWrapperBase;Lorg/apache/tomcat/util/net/SocketEvent;)Lorg/apache/tomcat/util/net/AbstractEndpoint$Handler$SocketState;+477
j  org.apache.tomcat.util.net.NioEndpoint$SocketProcessor.doRun()V+222
j  org.apache.tomcat.util.net.SocketProcessorBase.run()V+32
j  org.apache.tomcat.util.threads.ThreadPoolExecutor.runWorker(Lorg/apache/tomcat/util/threads/ThreadPoolExecutor$Worker;)V+92
j  org.apache.tomcat.util.threads.ThreadPoolExecutor$Worker.run()V+5
j  org.apache.tomcat.util.threads.TaskThread$WrappingRunnable.run()V+4
j  java.lang.Thread.runWith(Ljava/lang/Object;Ljava/lang/Runnable;)V+5 java.base@24.0.2
j  java.lang.Thread.run()V+19 java.base@24.0.2
v  ~StubRoutines::call_stub 0x00007f874fb37c86

siginfo: si_signo: 11 (SIGSEGV), si_code: 1 (SEGV_MAPERR), si_addr: 0x000000000000000c

Registers:
RAX=0x0000000000000000, RBX=0x00007f869400d3f0, RCX=0x00007f869402ed78, RDX=0x0000000000000000
RSP=0x00007f8735efb4e0, RBP=0x00007f8735efb530, RSI=0x0000000000000000, RDI=0x00007f8735efb5e0
R8 =0x00007f86944485a0, R9 =0x0000000000000000, R10=0x00007f8694451d70, R11=0x00007f8694000090
R12=0x00007f8694437020, R13=0x0000000000000000, R14=0x0000000000000000, R15=0x00007f8694437020
RIP=0x00007f872749da37, EFLAGS=0x0000000000010246, CSGSFS=0x002b000000000033, ERR=0x0000000000000004
  TRAPNO=0x000000000000000e

XMM[0]=0x00007f8694448bd0 0x00007f869442f1d0
XMM[1]=0x00007f8694436a30 0x00007f86944485a0
XMM[2]=0x00007f86944489c0 0x00007f869442f1d0
XMM[3]=0x00007f8694448bd0 0x00007f8694448de0
XMM[4]=0x27f6bd28f3bd27f0 0xbe27edc027edbe26
XMM[5]=0x0000000000000000 0x0000000000000000
XMM[6]=0x0000000000000000 0x4046000000000000
XMM[7]=0x0000000000000000 0x0000000000000000
XMM[8]=0x362685341c83371a 0x833a16803a137935
XMM[9]=0x0000000000000000 0x00000000402ccccd
XMM[10]=0x0000000000000000 0x0000000080000000
XMM[11]=0x0000000000000000 0x000000003faccccd
XMM[12]=0x0000000000000000 0x000000003f800000
XMM[13]=0x0000000000000000 0x3fefffc000155552
XMM[14]=0x0000000000000000 0x3f7fffeaaaaeeeef
XMM[15]=0x0000000000000000 0xffffffffffffffff
  MXCSR=0x00001fa2


Register to memory mapping:

RAX=0x0 is null
RBX=0x00007f869400d3f0 points into unknown readable memory: 0x00007f87277036b8 | b8 36 70 27 87 7f 00 00
RCX=0x00007f869402ed78 points into unknown readable memory: 0x0000000000000000 | 00 00 00 00 00 00 00 00
RDX=0x0 is null
RSP=0x00007f8735efb4e0 is pointing into the stack for thread: 0x00007f863840c870
RBP=0x00007f8735efb530 is pointing into the stack for thread: 0x00007f863840c870
RSI=0x0 is null
RDI=0x00007f8735efb5e0 is pointing into the stack for thread: 0x00007f863840c870
R8 =0x00007f86944485a0 points into unknown readable memory: 0x00007f8694436a30 | 30 6a 43 94 86 7f 00 00
R9 =0x0 is null
R10=0x00007f8694451d70 points into unknown readable memory: 0x00000000000037d0 | d0 37 00 00 00 00 00 00
R11=0x00007f8694000090 points into unknown readable memory: 0x00007f8694832ad0 | d0 2a 83 94 86 7f 00 00
R12=0x00007f8694437020 points into unknown readable memory: 0x0000000000000000 | 00 00 00 00 00 00 00 00
R13=0x0 is null
R14=0x0 is null
R15=0x00007f8694437020 points into unknown readable memory: 0x0000000000000000 | 00 00 00 00 00 00 00 00

Top of Stack: (sp=0x00007f8735efb4e0)
0x00007f8735efb4e0:   0000000000000000 0000000000000000   ................
0x00007f8735efb4f0:   00007f8694449d70 00007f8694010000   p.D.............
0x00007f8735efb500:   00007f8694433578 0755c3cc5b565e00   x5C......^V[..U.
0x00007f8735efb510:   0000000000000000 0000000000000001   ................
0x00007f8735efb520:   00007f869444a5c0 00007f8694449f98   ..D.......D.....
0x00007f8735efb530:   00007f8694437020 0000000000000000    pC.............
0x00007f8735efb540:   0000000000000000 0000000000000000   ................
0x00007f8735efb550:   00007f86944485a0 00007f869442f1b0   ..D.......B.....
0x00007f8735efb560:   00007f8694449f70 00007f8694448de0   p.D.......D.....
0x00007f8735efb570:   00007f869442f1b0 00007f8694449f70   ..B.....p.D.....
0x00007f8735efb580:   00007f8694437028 00007f8694449f70   (pC.....p.D.....
0x00007f8735efb590:   00007f8694449f70 00007f8694449f70   p.D.....p.D.....
0x00007f8735efb5a0:   00007f8694449f70 0000000000000000   p.D.............
0x00007f8735efb5b0:   00007f8694449f98 00007f869444a5c0   ..D.......D.....
0x00007f8735efb5c0:   00007f869442f1b0 00007f869442ef10   ..B.......B.....
0x00007f8735efb5d0:   00007f869442f1b0 00007f8694000000   ..B.............
0x00007f8735efb5e0:   00007f869442f1d0 00007f8694448de0   ..B.......D.....
0x00007f8735efb5f0:   00007f8694448bd0 00007f86944485a0   ..D.......D.....
0x00007f8735efb600:   00007f86944485a0 00007f8694010000   ..D.............
0x00007f8735efb610:   00007f869442f1d0 00007f8694448bd0   ..B.......D.....
0x00007f8735efb620:   00007f86944485a0 00007f8694436a30   ..D.....0jC.....
0x00007f8735efb630:   00007f86944485a0 0755c3cc5b000000   ..D........[..U.
0x00007f8735efb640:   00007f869442f1d0 00007f86944489c0   ..B.......D.....
0x00007f8735efb650:   00007f8694448de0 00007f8694448bd0   ..D.......D.....
0x00007f8735efb660:   00007f86944485a0 00007f8735010000   ..D........5....
0x00007f8735efb670:   00007f872764e1a2 0755c3cc5b565e00   ..d'.....^V[..U.
0x00007f8735efb680:   0000000000000000 00007f8694006a90   .........j......
0x00007f8735efb690:   00007f8735efb720 0000000000000001    ..5............
0x00007f8735efb6a0:   0000000000000000 0000000000000000   ................
0x00007f8735efb6b0:   00007f8694437020 00007f8727481c3b    pC.....;.H'....
0x00007f8735efb6c0:   00007f8735ef8ff0 00007f8735ef6800   ...5.....h.5....
0x00007f8735efb6d0:   00007f869400d3f0 00007f8694006a90   .........j......

Instructions: (pc=0x00007f872749da37)
  0x00007f872749d937:   24 70 48 85 c0 74 62 48 8b 94 24 80 00 00 00 48
  0x00007f872749d947:   8b 52 08 48 85 d2 74 04 48 8b 52 08 48 8b 80 38
  0x00007f872749d957:   01 00 00 48 85 c0 74 c1 8b 48 34 85 c9 74 ba 7e
  0x00007f872749d967:   1f 48 8b 40 10 83 e9 01 48 8d 4c 88 04 0f 1f 40
  0x00007f872749d977:   00 8b 30 85 f6 75 aa 48 83 c0 04 48 39 c8 75 f1
  0x00007f872749d987:   48 85 d2 74 94 8b 42 10 83 f8 03 77 6c 85 c0 74
  0x00007f872749d997:   90 eb 86 66 0f 1f 44 00 00 4d 85 ed 74 0a b8 64
  0x00007f872749d9a7:   00 00 00 66 41 89 45 02 b8 01 00 00 00 48 8b 94
  0x00007f872749d9b7:   24 98 01 00 00 64 48 2b 14 25 28 00 00 00 0f 85
  0x00007f872749d9c7:   8c 03 00 00 48 81 c4 a8 01 00 00 5b 5d 41 5c 41
  0x00007f872749d9d7:   5d 41 5e 41 5f c3 0f 1f 00 4d 85 ed 0f 84 c7 01
  0x00007f872749d9e7:   00 00 48 8b 14 24 48 89 ee 48 89 df e8 98 72 00
  0x00007f872749d9f7:   00 e9 f8 fe ff ff 0f 1f 00 83 e8 05 83 f8 03 0f
  0x00007f872749da07:   86 14 ff ff ff e9 17 ff ff ff 0f 1f 80 00 00 00
  0x00007f872749da17:   00 31 f6 48 89 ef e8 ce 1f 17 00 8b 83 08 14 00
  0x00007f872749da27:   00 85 c0 0f 8f c0 01 00 00 48 8b 83 b0 09 00 00
=>0x00007f872749da37:   80 78 0c 00 0f 85 d8 02 00 00 8b 83 d8 44 02 00
  0x00007f872749da47:   45 31 ff 85 c0 7f 20 eb 47 48 8b 87 b0 09 00 00
  0x00007f872749da57:   80 78 0c 00 0f 85 9f 01 00 00 49 83 c7 01 44 39
  0x00007f872749da67:   bb d8 44 02 00 7e 29 48 8b 83 e0 44 02 00 4a 8b
  0x00007f872749da77:   3c f8 44 8b 9f 08 14 00 00 45 85 db 7e cb e8 46
  0x00007f872749da87:   96 0e 00 49 83 c7 01 44 39 bb d8 44 02 00 7f d7
  0x00007f872749da97:   48 c7 44 24 30 00 00 00 00 4c 8d 7c 24 30 4c 89
  0x00007f872749daa7:   ff e8 23 f2 1a 00 48 8b 4c 24 08 4d 89 f9 4d 89
  0x00007f872749dab7:   e0 48 8b 14 24 be 01 00 00 00 48 89 df e8 87 b2
  0x00007f872749dac7:   ff ff 44 8b 93 d4 35 02 00 45 85 d2 74 0b 4c 89
  0x00007f872749dad7:   fe 48 89 df e8 b0 ae 03 00 8b 44 24 30 45 31 c9
  0x00007f872749dae7:   4d 89 f8 48 89 e9 c7 83 c4 44 02 00 00 00 00 00
  0x00007f872749daf7:   4c 89 ea be 01 00 00 00 48 89 df 89 83 c0 44 02
  0x00007f872749db07:   00 48 c7 83 b4 44 02 00 00 00 00 00 66 44 89 8b
  0x00007f872749db17:   bc 44 02 00 48 89 9b f8 44 02 00 e8 69 ef ff ff
  0x00007f872749db27:   84 c0 0f 84 d6 01 00 00 31 f6 48 89 ef e8 b7 1e


Stack slot to memory mapping:

stack at sp + 0 slots: 0x0 is null
stack at sp + 1 slots: 0x0 is null
stack at sp + 2 slots: 0x00007f8694449d70 points into unknown readable memory: 0x00007f8694449e30 | 30 9e 44 94 86 7f 00 00
stack at sp + 3 slots: 0x00007f8694010000 points into unknown readable memory: 0x0000000000000000 | 00 00 00 00 00 00 00 00
stack at sp + 4 slots: 0x00007f8694433578 points into unknown readable memory: 0x00007f8694466bc0 | c0 6b 46 94 86 7f 00 00
stack at sp + 5 slots: 0x0755c3cc5b565e00 is an unknown value
stack at sp + 6 slots: 0x0 is null
stack at sp + 7 slots: 0x0000000000000001 is an unknown value

Lock stack of current Java thread (top to bottom):


Compiled method (c2) 168438 6265       4       java.lang.reflect.Method::invoke (108 bytes)
 total in heap  [0x00007f875036a188,0x00007f875036bf00] = 7544
 relocation     [0x00007f875036a260,0x00007f875036a490] = 560
 main code      [0x00007f875036a4a0,0x00007f875036bbf0] = 5968
 stub code      [0x00007f875036bbf0,0x00007f875036bcf8] = 264
 oops           [0x00007f875036bcf8,0x00007f875036bd38] = 64
 metadata       [0x00007f875036bd38,0x00007f875036bf00] = 456
 immutable data [0x00007f86c8b1ec60,0x00007f86c8b20020] = 5056
 dependencies   [0x00007f86c8b1ec60,0x00007f86c8b1ecd8] = 120
 nul chk table  [0x00007f86c8b1ecd8,0x00007f86c8b1ed50] = 120
 handler table  [0x00007f86c8b1ed50,0x00007f86c8b1ef48] = 504
 scopes pcs     [0x00007f86c8b1ef48,0x00007f86c8b1f3b8] = 1136
 scopes data    [0x00007f86c8b1f3b8,0x00007f86c8b20020] = 3176

[Constant Pool (empty)]

[MachCode]
[Instructions begin]
  0x00007f875036a4a0: 6690 448b | 5608 443b 

  0x00007f875036a4a8: ;   {runtime_call Shared Runtime ic_miss_blob}
  0x00007f875036a4a8: 5008 0f85 | b0ab 81ff 
[Verified Entry Point]
  0x00007f875036a4b0: 8984 2400 | c0fe ff55 | 4881 eca0 | 0000 0090 | 4181 7f20 | 0a00 0000 | 0f85 1417 | 0000 4889 
  0x00007f875036a4d0: 4c24 3048 | 8954 2460 | 4889 7424 | 4844 0fbe | 560d 4585 | d20f 84f5 | 0300 0045 | 85d2 0f8f 
  0x00007f875036a4f0: e40b 0000 | 4c8b 5424 | 4845 0fb6 | 5a0c 4585 | db0f 84a9 | 0300 0045 | 33ed 4c8b | 5424 4845 
  0x00007f875036a510: 8b52 5445 | 85d2 0f84 | 9406 0000 | 4b8d 04d4 | 448b 5008 

  0x00007f875036a524: ;   {metadata('jdk/internal/reflect/DirectMethodHandleAccessor')}
  0x00007f875036a524: 4181 fa78 | 602a 000f | 85e3 0a00 | 004c 8bc8 | 41ba 0002 | 0000 4585 | 5110 753a | 458b 5114 
  0x00007f875036a544: 4c8b 5c24 | 6045 8b5b | 0848 be00 | 0000 e686 | 7f00 0049 | 03f3 4c8b | 5e70 4d8b | 1b4b 8b44 
  0x00007f875036a564: d410 448b | 4014 4d63 | d04e 8b14 | 1649 3bc2 | 0f85 5902 | 0000 4c8b | 5c24 304d | 85db 7409 
  0x00007f875036a584: 418b 4b0c | 4d8b d3eb | 0533 c945 | 33d2 458b | 410c 413b | c80f 8501 | 0b00 0045 | 8b51 1845 
  0x00007f875036a5a4: 85c0 0f84 | 7901 0000 | 4183 f801 | 0f85 b300 | 0000 418b | 4b0c 85c9 | 0f86 e60b | 0000 418b 
  0x00007f875036a5c4: 6b10 478b 

  0x00007f875036a5c8: ;   {oop(a 'java/lang/invoke/MethodType'{0x00000007ffc04f50} = (Ljava/lang/Object;Ljava/lang/Object;)Ljava/lang/Object;)}
  0x00007f875036a5c8: 44d4 1041 | 81f8 ea09 | f8ff 0f85 | 400c 0000 | 478b 44d4 | 1445 85c0 | 0f84 7e0b | 0000 49c1 
  0x00007f875036a5e8: e203 473b | 64c4 1c75 | 394c 8914 | 244c 894c | 2420 4c89 | 6c24 184c | 895c 2438 | 498b f24c 
  0x00007f875036a608: 894c 2408 | 4c8b 5424 | 604c 8954 | 2410 4c89 

  0x00007f875036a618: ;   {static_call}
  0x00007f875036a618: 5c24 28e8 

  0x00007f875036a61c: ; ImmutableOopMap {rbp=NarrowOop [0]=Oop [8]=Oop [16]=Oop [24]=Oop [32]=Oop [40]=Oop [56]=Oop [72]=Oop [96]=Oop }
                      ;*invokestatic maybeCustomize {reexecute=0 rethrow=0 return_oop=0}
                      ; - java.lang.invoke.Invokers::checkCustomized@19 (line 626)
                      ; - java.lang.invoke.Invokers$Holder::invokeExact_MT@14
                      ; - jdk.internal.reflect.DirectMethodHandleAccessor::invokeImpl@55 (line 155)
                      ; - jdk.internal.reflect.DirectMethodHandleAccessor::invoke@23 (line 104)
                      ; - java.lang.reflect.Method::invoke@102 (line 565)
  0x00007f875036a61c: 808e feff 

  0x00007f875036a620: ;   {post_call_nop}
  0x00007f875036a620: 0f1f 8400 | 9804 0000 | eb13 4c89 | 5c24 384c | 896c 2418 | 4c89 4c24 | 204c 8914 | 2448 8bcd 
  0x00007f875036a640: 48c1 e103 | 896c 2408 | 488b 3424 | 488b 5424 | 6048 8bea 

  0x00007f875036a654: ;   {optimized virtual_call}
  0x00007f875036a654: 6666 90e8 

  0x00007f875036a658: ; ImmutableOopMap {rbp=Oop [0]=Oop [8]=NarrowOop [24]=Oop [32]=Oop [56]=Oop [72]=Oop [96]=Oop }
                      ;*invokevirtual invokeBasic {reexecute=0 rethrow=0 return_oop=1}
                      ; - java.lang.invoke.Invokers$Holder::invokeExact_MT@20
                      ; - jdk.internal.reflect.DirectMethodHandleAccessor::invokeImpl@55 (line 155)
                      ; - jdk.internal.reflect.DirectMethodHandleAccessor::invoke@23 (line 104)
                      ; - java.lang.reflect.Method::invoke@102 (line 565)
  0x00007f875036a658: 24a3 d7ff 

  0x00007f875036a65c: ;   {post_call_nop}
  0x00007f875036a65c: 0f1f 8400 | d404 0001 | e957 0100 | 0041 83f8 | 020f 84a1 | 0700 0041 | 83f8 030f | 845c 0800 
  0x00007f875036a67c: 0047 8b44 

  0x00007f875036a680: ;   {oop(a 'java/lang/invoke/MethodType'{0x000000070b9edf08} = (Ljava/lang/Object;[Ljava/lang/Object;)Ljava/lang/Object;)}
  0x00007f875036a680: d410 4181 | f8e1 db73 | e10f 854d | 0b00 0047 | 8b44 d414 | 4585 c00f | 8493 0a00 | 0049 c1e2 
  0x00007f875036a6a0: 0347 3b64 | c41c 753e | 4c89 1424 | 4c89 4c24 | 204c 896c | 2418 4c89 | 5c24 3849 | 8bf2 4c89 
  0x00007f875036a6c0: 4c24 084c | 8b54 2460 | 4c89 5424 | 1049 8beb 

  0x00007f875036a6d0: ;   {static_call}
  0x00007f875036a6d0: 6666 90e8 

  0x00007f875036a6d4: ; ImmutableOopMap {rbp=Oop [0]=Oop [8]=Oop [16]=Oop [24]=Oop [32]=Oop [56]=Oop [72]=Oop [96]=Oop }
                      ;*invokestatic maybeCustomize {reexecute=0 rethrow=0 return_oop=0}
                      ; - java.lang.invoke.Invokers::checkCustomized@19 (line 626)
                      ; - java.lang.invoke.Invokers$Holder::invokeExact_MT@14
                      ; - jdk.internal.reflect.DirectMethodHandleAccessor::invokeImpl@104 (line 158)
                      ; - jdk.internal.reflect.DirectMethodHandleAccessor::invoke@23 (line 104)
                      ; - java.lang.reflect.Method::invoke@102 (line 565)
  0x00007f875036a6d4: c88d feff 

  0x00007f875036a6d8: ;   {post_call_nop}
  0x00007f875036a6d8: 0f1f 8400 | 5005 0002 | 4c8b 1424 | eb0f 4c89 | 5c24 384c | 896c 2418 | 4c89 4c24 | 204c 8914 
  0x00007f875036a6f8: 2449 8bf2 | 488b 5424 | 6048 8b4c | 2438 4889 | 5424 1048 | 8954 2440 

  0x00007f875036a710: ;   {optimized virtual_call}
  0x00007f875036a710: 6666 90e8 

  0x00007f875036a714: ; ImmutableOopMap {[0]=Oop [16]=Oop [24]=Oop [32]=Oop [56]=Oop [64]=Oop [72]=Oop [96]=Oop }
                      ;*invokevirtual invokeBasic {reexecute=0 rethrow=0 return_oop=1}
                      ; - java.lang.invoke.Invokers$Holder::invokeExact_MT@20
                      ; - jdk.internal.reflect.DirectMethodHandleAccessor::invokeImpl@104 (line 158)
                      ; - jdk.internal.reflect.DirectMethodHandleAccessor::invoke@23 (line 104)
                      ; - java.lang.reflect.Method::invoke@102 (line 565)
  0x00007f875036a714: 68a2 d7ff 

  0x00007f875036a718: ;   {post_call_nop}
  0x00007f875036a718: 0f1f 8400 | 9005 0003 | e99b 0000 | 0047 8b44 

  0x00007f875036a728: ;   {oop(a 'java/lang/invoke/MethodType'{0x00000007ffc04e38} = (Ljava/lang/Object;)Ljava/lang/Object;)}
  0x00007f875036a728: d410 4181 | f8c7 09f8 | ff0f 85bd | 0900 0047 | 8b44 d414 | 4585 c00f | 8424 0900 | 0049 c1e2 
  0x00007f875036a748: 0347 3b64 | c41c 7542 | 4c89 1424 | 4c89 4c24 | 204c 896c | 2418 4c89 | 5c24 3849 | 8bf2 4c89 
  0x00007f875036a768: 4c24 084c | 8b54 2460 | 4c89 5424 | 104c 895c | 2428 488b 

  0x00007f875036a77c: ;   {static_call}
  0x00007f875036a77c: 6c24 10e8 

  0x00007f875036a780: ; ImmutableOopMap {rbp=Oop [0]=Oop [8]=Oop [16]=Oop [24]=Oop [32]=Oop [40]=Oop [56]=Oop [72]=Oop [96]=Oop }
                      ;*invokestatic maybeCustomize {reexecute=0 rethrow=0 return_oop=0}
                      ; - java.lang.invoke.Invokers::checkCustomized@19 (line 626)
                      ; - java.lang.invoke.Invokers$Holder::invokeExact_MT@14
                      ; - jdk.internal.reflect.DirectMethodHandleAccessor::invokeImpl@41 (line 154)
                      ; - jdk.internal.reflect.DirectMethodHandleAccessor::invoke@23 (line 104)
                      ; - java.lang.reflect.Method::invoke@102 (line 565)
  0x00007f875036a780: 1c8d feff 

  0x00007f875036a784: ;   {post_call_nop}
  0x00007f875036a784: 0f1f 8400 | fc05 0004 | 4c8b 1424 | eb0f 4c89 | 5c24 384c | 896c 2418 | 4c89 4c24 | 204c 8914 
  0x00007f875036a7a4: 2449 8bf2 | 488b 5424 | 6048 8bea 

  0x00007f875036a7b0: ;   {optimized virtual_call}
  0x00007f875036a7b0: 6666 90e8 

  0x00007f875036a7b4: ; ImmutableOopMap {rbp=Oop [0]=Oop [24]=Oop [32]=Oop [56]=Oop [72]=Oop [96]=Oop }
                      ;*invokevirtual invokeBasic {reexecute=0 rethrow=0 return_oop=1}
                      ; - java.lang.invoke.Invokers$Holder::invokeExact_MT@19
                      ; - jdk.internal.reflect.DirectMethodHandleAccessor::invokeImpl@41 (line 154)
                      ; - jdk.internal.reflect.DirectMethodHandleAccessor::invoke@23 (line 104)
                      ; - java.lang.reflect.Method::invoke@102 (line 565)
  0x00007f875036a7b4: 4818 d6ff 

  0x00007f875036a7b8: ;   {post_call_nop}
  0x00007f875036a7b8: 0f1f 8400 | 3006 0005 | 4881 c4a0 | 0000 005d 

  0x00007f875036a7c8: ;   {poll_return}
  0x00007f875036a7c8: 493b 6728 | 0f87 fa13 | 0000 c341 | 83f8 200f | 85a3 0000 | 0048 3bf0 | 0f84 94fd | ffff 488b 
  0x00007f875036a7e8: 9ea0 0000 | 0048 8bd3 | 8a88 a800 | 0000 83f1 | 3f48 d3e2 | 4885 d20f | 8966 0000 | 00f3 480f 
  0x00007f875036a808: b8d2 4c8b | 5e28 493b | 04d3 7460 | 8a88 a800 | 0000 48d3 | cb48 0fba | e301 7347 | 418b 3b49 
  0x00007f875036a828: 83c3 0883 | ff3e 0f8f | 2400 0000 | 33c9 3bd7 | 0f4d d149 | 3b04 d30f | 842f 0000 | 0048 0fba 
  0x00007f875036a848: e302 0f83 | 1b00 0000 | 48d1 cb83 | c201 ebde | 33d2 493b | 04d3 0f84 | 1000 0000 | 83c2 013b 
  0x00007f875036a868: d77c ef48 | c7c7 0100 | 0000 eb03 | 4833 ff48 | 85ff 0f84 | fafc ffff | be4d ffff | ff48 8b6c 
  0x00007f875036a888: 2448 48ff | 7424 6048 | 8f04 244c | 896c 2410 | 4c89 4c24 | 204c 894c 

  0x00007f875036a8a0: ;   {runtime_call UncommonTrapBlob}
  0x00007f875036a8a0: 2438 90e8 

  0x00007f875036a8a4: ; ImmutableOopMap {rbp=Oop [0]=Oop [16]=Oop [32]=Oop [48]=Oop [56]=Oop }
                      ;*ifne {reexecute=1 rethrow=0 return_oop=0}
                      ; - (reexecute) jdk.internal.reflect.DirectMethodHandleAccessor::checkReceiver@11 (line 197)
                      ; - jdk.internal.reflect.DirectMethodHandleAccessor::invoke@9 (line 100)
                      ; - java.lang.reflect.Method::invoke@102 (line 565)
  0x00007f875036a8a4: 3855 8fff 

  0x00007f875036a8a8: ;   {post_call_nop}
  0x00007f875036a8a8: 0f1f 8400 | 2007 0006 

  0x00007f875036a8b0: ;   {static_call}
  0x00007f875036a8b0: 6666 90e8 

  0x00007f875036a8b4: ; ImmutableOopMap {[48]=Oop [72]=Oop [96]=Oop }
                      ;*invokestatic getCallerClass {reexecute=0 rethrow=0 return_oop=1}
                      ; - java.lang.reflect.Method::invoke@19 (line 549)
  0x00007f875036a8b4: 5825 d9ff 

  0x00007f875036a8b8: ;   {post_call_nop}
  0x00007f875036a8b8: 0f1f 8400 | 3007 0007 | 4889 4424 | 084c 8b54 | 2448 450f | b65a 0c45 | 85db 0f84 | 1b03 0000 
  0x00007f875036a8d8: 4c8b e8e9 | 2afc ffff | 448b 5628 

  0x00007f875036a8e4: ; implicit exception: dispatches to 0x00007f875036b7cc
  0x00007f875036a8e4: 478b 54d4 | 3444 8994 | 2488 0000 | 0049 8bf2 | 48c1 e603 | 488b 6c24 

  0x00007f875036a8fc: ;   {static_call}
  0x00007f875036a8fc: 4866 90e8 

  0x00007f875036a900: ; ImmutableOopMap {rbp=Oop [48]=Oop [72]=Oop [96]=Oop [136]=NarrowOop }
                      ;*invokestatic isSystemDomainLoader {reexecute=0 rethrow=0 return_oop=0}
                      ; - jdk.internal.reflect.Reflection::isCallerSensitive@9 (line 352)
                      ; - java.lang.reflect.Method::isCallerSensitive@11 (line 603)
                      ; - java.lang.reflect.Method::invoke@1 (line 546)
  0x00007f875036a900: bc8f 53f8 

  0x00007f875036a904: ;   {post_call_nop}
  0x00007f875036a904: 0f1f 8400 | 7c07 0008 | 85c0 0f84 | 8d02 0000 | 448b 5518 | 4585 d20f | 856b 0200 | 0048 8d9c 
  0x00007f875036a924: 2490 0000 | 004c 8b55 | 0041 8b9f | f806 0000 | 41f6 c202 | 0f85 3800 | 0000 81fb | 4707 0000 
  0x00007f875036a944: 0f8f 4c00 | 0000 493b | 6c1f f874 | 1749 8bc2 | 4883 c801 | 4983 e2fe | f04c 0fb1 | 5500 0f85 
  0x00007f875036a964: 2e00 0000 | 4989 2c1f | 4183 87f8 | 0600 0008 | eb1e 4833 | c049 8b9f | 4804 0000 | f049 0fb1 
  0x00007f875036a984: 5a3e 740c | 483b d875 | 0949 ff82 | 8600 0000 | 33c0 0f85 | e408 0000 | 448b 5518 | 4585 d20f 
  0x00007f875036a9a4: 851c 0900 | 0044 8b55 | 4c45 85d2 | 0f85 8b00 | 0000 448b | 4d28 8b6d 

  0x00007f875036a9bc: ;   {oop(a 'java/lang/Class'{0x000000070b091e90} = 'jdk/internal/access/SharedSecrets')}
  0x00007f875036a9bc: 4049 ba90 | 1e09 0b07 | 0000 0045 | 8b52 7c47 | 8b44 d408 

  0x00007f875036a9d0: ;   {metadata('java/lang/System$1')}
  0x00007f875036a9d0: 4181 f8a8 | 2f17 000f | 8547 0900 | 0049 c1e2 | 0345 85c9 | 0f84 0609 | 0000 4b8d | 34cc 4c89 
  0x00007f875036a9f0: 1424 4489 | 4c24 0848 | ff74 2448 | 488f 4424 

  0x00007f875036aa00: ;   {optimized virtual_call}
  0x00007f875036aa00: 1066 90e8 

  0x00007f875036aa04: ; ImmutableOopMap {rbp=NarrowOop [0]=Oop [8]=NarrowOop [16]=Oop [48]=Oop [72]=Oop [96]=Oop [136]=NarrowOop }
                      ;*invokevirtual getConstantPool {reexecute=0 rethrow=0 return_oop=1}
                      ; - java.lang.System$1::getConstantPool@1 (line 1983)
                      ; - java.lang.reflect.Executable::declaredAnnotations@53 (line 670)
                      ; - java.lang.reflect.Executable::getAnnotation@7 (line 633)
                      ; - java.lang.reflect.Method::getAnnotation@2 (line 778)
                      ; - java.lang.reflect.AnnotatedElement::isAnnotationPresent@2 (line 291)
                      ; - java.lang.reflect.AccessibleObject::isAnnotationPresent@2 (line 515)
                      ; - jdk.internal.reflect.Reflection::isCallerSensitive@18 (line 353)
                      ; - java.lang.reflect.Method::isCallerSensitive@11 (line 603)
                      ; - java.lang.reflect.Method::invoke@1 (line 546)
  0x00007f875036aa04: 58a9 81ff 

  0x00007f875036aa08: ;   {post_call_nop}
  0x00007f875036aa08: 0f1f 8400 | 8008 0009 | 4c8b 5c24 | 1045 8b5b | 2848 8bf5 | 48c1 e603 | 498b cb48 | c1e1 0348 
  0x00007f875036aa28: 8bd0 488b 

  0x00007f875036aa2c: ;   {static_call}
  0x00007f875036aa2c: 6c24 10e8 

  0x00007f875036aa30: ; ImmutableOopMap {rbp=Oop [48]=Oop [72]=Oop [96]=Oop [136]=NarrowOop }
                      ;*invokestatic parseAnnotations {reexecute=0 rethrow=0 return_oop=1}
                      ; - java.lang.reflect.Executable::declaredAnnotations@62 (line 667)
                      ; - java.lang.reflect.Executable::getAnnotation@7 (line 633)
                      ; - java.lang.reflect.Method::getAnnotation@2 (line 778)
                      ; - java.lang.reflect.AnnotatedElement::isAnnotationPresent@2 (line 291)
                      ; - java.lang.reflect.AccessibleObject::isAnnotationPresent@2 (line 515)
                      ; - jdk.internal.reflect.Reflection::isCallerSensitive@18 (line 353)
                      ; - java.lang.reflect.Method::isCallerSensitive@11 (line 603)
                      ; - java.lang.reflect.Method::invoke@1 (line 546)
  0x00007f875036aa30: 2caf 81ff 

  0x00007f875036aa34: ;   {post_call_nop}
  0x00007f875036aa34: 0f1f 8400 | ac08 000a | 4c8b d0eb | 224b 8d34 | d441 8bea | 48ff 7424 | 4848 8f04 

  0x00007f875036aa50: ;   {optimized virtual_call}
  0x00007f875036aa50: 2466 90e8 

  0x00007f875036aa54: ; ImmutableOopMap {rbp=NarrowOop [0]=Oop [48]=Oop [72]=Oop [96]=Oop [136]=NarrowOop }
                      ;*invokevirtual declaredAnnotations {reexecute=0 rethrow=0 return_oop=1}
                      ; - java.lang.reflect.Executable::declaredAnnotations@35 (line 665)
                      ; - java.lang.reflect.Executable::getAnnotation@7 (line 633)
                      ; - java.lang.reflect.Method::getAnnotation@2 (line 778)
                      ; - java.lang.reflect.AnnotatedElement::isAnnotationPresent@2 (line 291)
                      ; - java.lang.reflect.AccessibleObject::isAnnotationPresent@2 (line 515)
                      ; - jdk.internal.reflect.Reflection::isCallerSensitive@18 (line 353)
                      ; - java.lang.reflect.Method::isCallerSensitive@11 (line 603)
                      ; - java.lang.reflect.Method::invoke@1 (line 546)
  0x00007f875036aa54: 38f6 f2ff 

  0x00007f875036aa58: ;   {post_call_nop}
  0x00007f875036aa58: 0f1f 8400 | d008 000b | 4c8b d049 | 8bda 4c8b | 5424 484d | 8d42 1841 | 807f 4800 | 0f85 a610 
  0x00007f875036aa78: 0000 4c8b | db49 c1eb | 0345 8918 | 4d8b c84c | 33cb 49c1 | e915 0f84 | 2800 0000 | 4883 fb00 
  0x00007f875036aa98: 0f84 1e00 | 0000 4d8b | c849 c1e9 | 0949 bb00 | f09e 6287 | 7f00 004d | 03cb 4180 | 3902 0f85 
  0x00007f875036aab8: bb10 0000 | f083 4424 | c000 488d | 8424 9000 | 0000 4c8b | 5c24 4841 | 8b87 f806 | 0000 4d8b 
  0x00007f875036aad8: 134d 3b5c | 07f8 0f85 | 2e00 0000 | 4183 aff8 | 0600 0008 | 4d3b 5c07 | f00f 8465 | 0000 0049 
  0x00007f875036aaf8: 8bc2 4883 | e0fc 4983 | ca01 f04d | 0fb1 130f | 85b2 1000 | 00e9 4a00 | 0000 4983 | ba86 0000 
  0x00007f875036ab18: 0000 7539 | 49c7 423e | 0000 0000 | f083 4424 | c000 498b | 828e 0000 | 0049 0b82 | 9600 0000 
  0x00007f875036ab38: 7422 4983 | ba9e 0000 | 0000 7518 | 4983 e2fd | 4d89 9768 | 0500 0041 | 83ca 01eb 

  0x00007f875036ab54: ;   {no_reloc}
  0x00007f875036ab54: 0a49 ff8a | 8600 0000 | 4533 d20f | 8538 0700 | 0048 85db | 7526 bef6 | ffff ff48 | 8b6c 2448 
  0x00007f875036ab74: 4c8b 5424 | 304c 8954 

  0x00007f875036ab7c: ;   {runtime_call UncommonTrapBlob}
  0x00007f875036ab7c: 2408 90e8 

  0x00007f875036ab80: ; ImmutableOopMap {rbp=Oop [8]=Oop [96]=Oop [136]=NarrowOop }
                      ;*invokeinterface get {reexecute=0 rethrow=0 return_oop=0}
                      ; - java.lang.reflect.Executable::getAnnotation@11 (line 633)
                      ; - java.lang.reflect.Method::getAnnotation@2 (line 778)
                      ; - java.lang.reflect.AnnotatedElement::isAnnotationPresent@2 (line 291)
                      ; - java.lang.reflect.AccessibleObject::isAnnotationPresent@2 (line 515)
                      ; - jdk.internal.reflect.Reflection::isCallerSensitive@18 (line 353)
                      ; - java.lang.reflect.Method::isCallerSensitive@11 (line 603)
                      ; - java.lang.reflect.Method::invoke@1 (line 546)
  0x00007f875036ab80: 5c52 8fff 

  0x00007f875036ab84: ;   {post_call_nop}
  0x00007f875036ab84: 0f1f 8400 | fc09 000c | 4b8d 1cd4 | 448b 5b08 

  0x00007f875036ab94: ;   {metadata('java/util/Collections$EmptyMap')}
  0x00007f875036ab94: 4181 fbf0 | ef2c 000f | 85b4 0000 | 004c 8b54 | 2448 41c6 | 420d ffe9 | 44f9 ffff | 4c89 6c24 
  0x00007f875036abb4: 1048 ff74 | 2460 488f | 4424 1848 | ff74 2448 | 488f 0424 | 488b 3424 | 488b 6c24 

  0x00007f875036abd0: ;   {optimized virtual_call}
  0x00007f875036abd0: 3066 90e8 

  0x00007f875036abd4: ; ImmutableOopMap {rbp=Oop [0]=Oop [16]=Oop [24]=Oop [48]=Oop [72]=Oop [96]=Oop }
                      ;*invokevirtual acquireMethodAccessor {reexecute=0 rethrow=0 return_oop=1}
                      ; - java.lang.reflect.Method::invoke@75 (line 562)
  0x00007f875036abd4: 6865 2df8 

  0x00007f875036abd8: ;   {post_call_nop}
  0x00007f875036abd8: 0f1f 8400 | 500a 000d | 4885 c00f | 8477 0600 | 004c 8b6c | 2410 e92d | f9ff ff45 | 8b52 284c 
  0x00007f875036abf8: 8b5c 2448 | 458b 4b20 | 41f6 c108 | 0f85 0202 | 0000 4c8b | 5c24 6045 | 8b43 0849 | bb00 0000 
  0x00007f875036ac18: e686 7f00 | 004d 03d8 | 4d8b 5b70 | 4d8b 0349 | 8bca 48c1 | e103 488b | 7424 4848 | 8bd0 488b 
  0x00007f875036ac38: ;   {optimized virtual_call}
  0x00007f875036ac38: ee66 90e8 

  0x00007f875036ac3c: ; ImmutableOopMap {rbp=Oop [8]=Oop [48]=Oop [72]=Oop [96]=Oop }
                      ;*invokevirtual checkAccess {reexecute=0 rethrow=0 return_oop=0}
                      ; - java.lang.reflect.Method::invoke@60 (line 556)
  0x00007f875036ac3c: c070 37f8 

  0x00007f875036ac40: ;   {post_call_nop}
  0x00007f875036ac40: 0f1f 8400 | b80a 000e | 4c8b 5424 | 084d 8bea | e9b5 f8ff 

  0x00007f875036ac54: ;   {metadata('java/util/LinkedHashMap')}
  0x00007f875036ac54: ff41 81fb | e845 2300 | 0f85 fe06 | 0000 448b | 5b24 4585 | db0f 8432 | ffff ff43 | 8b4c dc0c 
  0x00007f875036ac74: 85c9 0f86 | 0c07 0000 | 4b8d 3cdc 

  0x00007f875036ac80: ;   {oop(a 'java/lang/Class'{0x000000070b0ca2e8} = 'jdk/internal/reflect/CallerSensitive')}
  0x00007f875036ac80: 8d69 ff48 | bee8 a20c | 0b07 0000 | 004c 8b16 | 4d8b c249 | 83e0 0349 | 83f8 020f | 841c 0300 
  0x00007f875036aca0: 0049 c1ea | 0b41 8bc2 | 25ff ffff | 7f0f 840a | 0300 0044 | 8bc8 41c1 | e910 4433 | c841 23e9 
  0x00007f875036acc0: 448b 54af | 1045 85d2 | 0f84 d3fe | ffff 438b | 54d4 0c4b | 8d2c d441 | 3bd1 750e | 478b 44d4 
  0x00007f875036ace0: ;   {oop(a 'java/lang/Class'{0x000000070b0ca2e8} = 'jdk/internal/reflect/CallerSensitive')}
  0x00007f875036ace0: 1041 81f8 | 5d94 61e1 | 7467 478b | 44d4 1845 | 85c0 0f84 | a9fe ffff | 438b 74d4 

  0x00007f875036acfc: ;   {metadata('java/util/HashMap$TreeNode')}
  0x00007f875036acfc: 0881 fe48 | 342b 000f | 84d3 0700 | 004b 8d14 | c444 8b42 | 0c45 3bc1 | 7429 4d8b | 7730 8b52 
  0x00007f875036ad1c: 184c 8b44 | 2448 498b | f0c5 fa10 | 8424 8800 

  0x00007f875036ad2c: ; ImmutableOopMap {r10=NarrowOop r11=NarrowOop rbx=Oop rdi=Oop rdx=NarrowOop rsi=Oop rbp=Oop xmm0=NarrowOop [48]=Oop [72]=Oop [96]=Oop [136]=NarrowOop }
                      ;*ifnonnull {reexecute=1 rethrow=0 return_oop=0}
                      ; - (reexecute) java.util.HashMap::getNode@145 (line 588)
                      ; - java.util.LinkedHashMap::get@2 (line 537)
                      ; - java.lang.reflect.Executable::getAnnotation@11 (line 633)
                      ; - java.lang.reflect.Method::getAnnotation@2 (line 778)
                      ; - java.lang.reflect.AnnotatedElement::isAnnotationPresent@2 (line 291)
                      ; - java.lang.reflect.AccessibleObject::isAnnotationPresent@2 (line 515)
                      ; - jdk.internal.reflect.Reflection::isCallerSensitive@18 (line 353)
                      ; - java.lang.reflect.Method::isCallerSensitive@11 (line 603)
                      ; - java.lang.reflect.Method::invoke@1 (line 546)
                      ;   {poll}
  0x00007f875036ad2c: 0000 4185 | 0685 d20f | 8468 feff | ff48 c1e2 | 03eb ce8b 

  0x00007f875036ad40: ;   {oop(a 'java/lang/Class'{0x000000070b0ca2e8} = 'jdk/internal/reflect/CallerSensitive')}
  0x00007f875036ad40: 6a10 81fd | 5d94 61e1 | 0f85 2208 | 0000 488b | ea44 0fb6 | 5b30 4585 | db0f 85e1 | 0200 0044 
  0x00007f875036ad60: 8b55 1445 | 85d2 0f84 | 35fe ffff | 478b 5cd4 

  0x00007f875036ad70: ;   {metadata('java/lang/Class')}
  0x00007f875036ad70: 0841 81fb | b868 1700 | 0f84 4206 

  0x00007f875036ad7c: ;   {metadata('jdk/internal/reflect/CallerSensitive')}
  0x00007f875036ad7c: 0000 48b8 | 908d 1ee6 | 867f 0000 | 48be 0000 | 00e6 867f | 0000 4903 | f34c 8b5e | 204c 3bd8 
  0x00007f875036ad9c: 7444 4833 | ff4c 8b9e | a000 0000 | 498b d348 | c1e2 250f | 8921 0000 | 00f3 480f | b8d2 488b 
  0x00007f875036adbc: 5e28 483b | 04d3 7415 | 490f bae3 | 1b73 0b49 

  0x00007f875036adcc: ;   {runtime_call StubRoutines (compiler stubs)}
  0x00007f875036adcc: c1cb 1ae8 | a35f 85ff | eb03 48ff | c748 85ff | 0f85 de05 | 0000 49c1 | e203 be4d | ffff ff48 
  0x00007f875036adec: 8b6c 2448 | 4c8b 5c24 | 304c 895c | 2408 4c89 

  0x00007f875036adfc: ;   {runtime_call UncommonTrapBlob}
  0x00007f875036adfc: 5424 40e8 

  0x00007f875036ae00: ; ImmutableOopMap {rbp=Oop [8]=Oop [64]=Oop [96]=Oop [136]=NarrowOop }
                      ;*ifnull {reexecute=1 rethrow=0 return_oop=0}
                      ; - (reexecute) java.lang.reflect.AnnotatedElement::isAnnotationPresent@7 (line 291)
                      ; - java.lang.reflect.AccessibleObject::isAnnotationPresent@2 (line 515)
                      ; - jdk.internal.reflect.Reflection::isCallerSensitive@18 (line 353)
                      ; - java.lang.reflect.Method::isCallerSensitive@11 (line 603)
                      ; - java.lang.reflect.Method::invoke@1 (line 546)
  0x00007f875036ae00: dc4f 8fff 

  0x00007f875036ae04: ;   {post_call_nop}
  0x00007f875036ae04: 0f1f 8400 | 7c0c 0010 | 4533 c0e9 | 13fe ffff 

  0x00007f875036ae14: ; implicit exception: dispatches to 0x00007f875036b834
  0x00007f875036ae14: 458b 430c | 4183 f801 | 0f86 0e06 | 0000 418b | 7b14 418b | 6b10 438b 

  0x00007f875036ae2c: ;   {oop(a 'java/lang/invoke/MethodType'{0x00000007ffc07b98} = (Ljava/lang/Object;Ljava/lang/Object;Ljava/lang/Object;)Ljava/lang/Object;)}
  0x00007f875036ae2c: 4cd4 1081 | f973 0ff8 | ff0f 85e9 | 0600 0043 | 8b4c d414 | 85c9 0f84 | a005 0000 | 49c1 e203 
  0x00007f875036ae4c: 453b 64cc | 1c75 364c | 8954 2410 | 893c 244c | 894c 2420 | 4c89 6c24 | 184c 895c | 2438 498b 
  0x00007f875036ae6c: f248 ff74 | 2460 488f 

  0x00007f875036ae74: ;   {static_call}
  0x00007f875036ae74: 4424 28e8 

  0x00007f875036ae78: ; ImmutableOopMap {rbp=NarrowOop [0]=NarrowOop [16]=Oop [24]=Oop [32]=Oop [40]=Oop [48]=Oop [56]=Oop [72]=Oop [96]=Oop }
                      ;*invokestatic maybeCustomize {reexecute=0 rethrow=0 return_oop=0}
                      ; - java.lang.invoke.Invokers::checkCustomized@19 (line 626)
                      ; - java.lang.invoke.LambdaForm$MH/0x00007f86e7128c00::invokeExact_MT@15
                      ; - jdk.internal.reflect.DirectMethodHandleAccessor::invokeImpl@72 (line 156)
                      ; - jdk.internal.reflect.DirectMethodHandleAccessor::invoke@23 (line 104)
                      ; - java.lang.reflect.Method::invoke@102 (line 565)
  0x00007f875036ae78: 2486 feff 

  0x00007f875036ae7c: ;   {post_call_nop}
  0x00007f875036ae7c: 0f1f 8400 | f40c 0011 | 8b3c 24eb | 144c 895c | 2438 4c89 | 6c24 184c | 894c 2420 | 4c89 5424 
  0x00007f875036ae9c: 104c 8bc7 | 49c1 e003 | 488b cd48 | c1e1 034c | 8b54 2410 | 4c89 1424 | 897c 2408 | 488b 7424 
  0x00007f875036aebc: 1048 8b54 | 2460 4889 

  0x00007f875036aec4: ;   {optimized virtual_call}
  0x00007f875036aec4: 5424 50e8 

  0x00007f875036aec8: ; ImmutableOopMap {rbp=NarrowOop [0]=Oop [8]=NarrowOop [24]=Oop [32]=Oop [56]=Oop [72]=Oop [80]=Oop [96]=Oop }
                      ;*invokevirtual invokeBasic {reexecute=0 rethrow=0 return_oop=1}
                      ; - java.lang.invoke.LambdaForm$MH/0x00007f86e7128c00::invokeExact_MT@22
                      ; - jdk.internal.reflect.DirectMethodHandleAccessor::invokeImpl@72 (line 156)
                      ; - jdk.internal.reflect.DirectMethodHandleAccessor::invoke@23 (line 104)
                      ; - java.lang.reflect.Method::invoke@102 (line 565)
  0x00007f875036aec8: 343e d8ff 

  0x00007f875036aecc: ;   {post_call_nop}
  0x00007f875036aecc: 0f1f 8400 | 440d 0012 | e9e7 f8ff | ff45 8b43 | 0c41 83f8 | 020f 86c1 | 0500 0041 | 8b5b 1845 
  0x00007f875036aeec: 8b43 1441 | 8b4b 1043 | 8b6c d410 

  0x00007f875036aef8: ;   {oop(a 'java/lang/invoke/MethodType'{0x00000007ffc07da0} = (Ljava/lang/Object;Ljava/lang/Object;Ljava/lang/Object;Ljava/lang/Object;)Ljava/lang/Object;)}
  0x00007f875036aef8: 81fd b40f | f8ff 0f85 | b806 0000 | 438b 54d4 | 1485 d20f | 8453 0500 | 0049 c1e2 | 0345 3b64 
  0x00007f875036af18: d41c 753c | 4c89 5424 | 0889 4c24 | 0444 8904 | 248b eb4c | 894c 2420 | 4c89 6c24 | 184c 895c 
  0x00007f875036af38: 2438 498b | f24c 8b54 | 2460 4c89 

  0x00007f875036af44: ;   {static_call}
  0x00007f875036af44: 5424 28e8 

  0x00007f875036af48: ; ImmutableOopMap {rbp=NarrowOop [0]=NarrowOop [4]=NarrowOop [8]=Oop [24]=Oop [32]=Oop [40]=Oop [48]=Oop [56]=Oop [72]=Oop [96]=Oop }
                      ;*invokestatic maybeCustomize {reexecute=0 rethrow=0 return_oop=0}
                      ; - java.lang.invoke.Invokers::checkCustomized@19 (line 626)
                      ; - java.lang.invoke.LambdaForm$MH/0x00007f86e72a0000::invokeExact_MT@15
                      ; - jdk.internal.reflect.DirectMethodHandleAccessor::invokeImpl@92 (line 157)
                      ; - jdk.internal.reflect.DirectMethodHandleAccessor::invoke@23 (line 104)
                      ; - java.lang.reflect.Method::invoke@102 (line 565)
  0x00007f875036af48: 5485 feff 

  0x00007f875036af4c: ;   {post_call_nop}
  0x00007f875036af4c: 0f1f 8400 | c40d 0013 | 8bdd eb1c | 4c89 5c24 | 384c 896c | 2418 4c89 | 4c24 2044 | 8904 2489 
  0x00007f875036af6c: 4c24 044c | 8954 2408 | 4c8b cb49 | c1e1 0344 | 8b04 2449 | c1e0 0344 | 8b5c 2404 | 498b cb48 
  0x00007f875036af8c: c1e1 0348 | 8b74 2408 | 488b 5424 | 6048 8b6c | 2448 4889 | 5424 4089 | 9c24 8000 

  0x00007f875036afa8: ;   {optimized virtual_call}
  0x00007f875036afa8: 0000 90e8 

  0x00007f875036afac: ; ImmutableOopMap {rbp=Oop [0]=NarrowOop [4]=NarrowOop [8]=Oop [24]=Oop [32]=Oop [56]=Oop [64]=Oop [72]=Oop [96]=Oop [128]=NarrowOop }
                      ;*invokevirtual invokeBasic {reexecute=0 rethrow=0 return_oop=1}
                      ; - java.lang.invoke.LambdaForm$MH/0x00007f86e72a0000::invokeExact_MT@24
                      ; - jdk.internal.reflect.DirectMethodHandleAccessor::invokeImpl@92 (line 157)
                      ; - jdk.internal.reflect.DirectMethodHandleAccessor::invoke@23 (line 104)
                      ; - java.lang.reflect.Method::invoke@102 (line 565)
  0x00007f875036afac: 50a7 d7ff 

  0x00007f875036afb0: ;   {post_call_nop}
  0x00007f875036afb0: 0f1f 8400 | 280e 0014 | e903 f8ff | ff48 897c | 2420 894c | 2418 4489 | 5c24 0c48 | 895c 2410 
  0x00007f875036afd0: 4889 4424 | f88b 8424 | 8800 0000 | 8944 2408 | 488b 4424 | f848 ff74 | 2448 488f 

  0x00007f875036afec: ;   {optimized virtual_call}
  0x00007f875036afec: 0424 90e8 

  0x00007f875036aff0: ; ImmutableOopMap {[0]=Oop [8]=NarrowOop [12]=NarrowOop [16]=Oop [32]=Oop [48]=Oop [72]=Oop [96]=Oop [136]=NarrowOop }
                      ;*invokevirtual hashCode {reexecute=0 rethrow=0 return_oop=0}
                      ; - java.util.HashMap::hash@9 (line 338)
                      ; - java.util.HashMap::getNode@23 (line 577)
                      ; - java.util.LinkedHashMap::get@2 (line 537)
                      ; - java.lang.reflect.Executable::getAnnotation@11 (line 633)
                      ; - java.lang.reflect.Method::getAnnotation@2 (line 778)
                      ; - java.lang.reflect.AnnotatedElement::isAnnotationPresent@2 (line 291)
                      ; - java.lang.reflect.AccessibleObject::isAnnotationPresent@2 (line 515)
                      ; - jdk.internal.reflect.Reflection::isCallerSensitive@18 (line 353)
                      ; - java.lang.reflect.Method::isCallerSensitive@11 (line 603)
                      ; - java.lang.reflect.Method::invoke@1 (line 546)
  0x00007f875036aff0: 6ca3 81ff 

  0x00007f875036aff4: ;   {post_call_nop}
  0x00007f875036aff4: 0f1f 8400 | 6c0e 0015 | 488b 5c24 | 1044 8b5c | 240c 8b4c | 2418 488b | 7c24 20e9 | 9ffc ffff 
  0x00007f875036b014: bede ffff | ff48 8b6c | 2448 48ff | 7424 6048 | 8f04 244c | 896c 2410 | 4889 4424 

  0x00007f875036b030: ;   {runtime_call UncommonTrapBlob}
  0x00007f875036b030: 2066 90e8 

  0x00007f875036b034: ; ImmutableOopMap {rbp=Oop [0]=Oop [16]=Oop [32]=Oop [48]=Oop }
                      ;*invokeinterface invoke {reexecute=0 rethrow=0 return_oop=0}
                      ; - java.lang.reflect.Method::invoke@102 (line 565)
  0x00007f875036b034: a84d 8fff 

  0x00007f875036b038: ;   {post_call_nop}
  0x00007f875036b038: 0f1f 8400 | b00e 0016 | 4889 1c24 | 488b f348 | 8bd5 48ff | 7424 4848 | 8f44 2408 

  0x00007f875036b054: ;   {optimized virtual_call}
  0x00007f875036b054: 6666 90e8 

  0x00007f875036b058: ; ImmutableOopMap {rbp=Oop [0]=Oop [8]=Oop [48]=Oop [72]=Oop [96]=Oop [136]=NarrowOop }
                      ;*invokevirtual afterNodeAccess {reexecute=0 rethrow=0 return_oop=0}
                      ; - java.util.LinkedHashMap::get@21 (line 540)
                      ; - java.lang.reflect.Executable::getAnnotation@11 (line 633)
                      ; - java.lang.reflect.Method::getAnnotation@2 (line 778)
                      ; - java.lang.reflect.AnnotatedElement::isAnnotationPresent@2 (line 291)
                      ; - java.lang.reflect.AccessibleObject::isAnnotationPresent@2 (line 515)
                      ; - jdk.internal.reflect.Reflection::isCallerSensitive@18 (line 353)
                      ; - java.lang.reflect.Method::isCallerSensitive@11 (line 603)
                      ; - java.lang.reflect.Method::invoke@1 (line 546)
  0x00007f875036b058: 04a3 81ff 

  0x00007f875036b05c: ;   {post_call_nop}
  0x00007f875036b05c: 0f1f 8400 | d40e 0017 | e9f6 fcff | ffbe f6ff | ffff 488b | 6c24 4848 | ff74 2460 | 488f 0424 
  0x00007f875036b07c: 4c89 6c24 | 104c 894c | 2420 4c89 | 4c24 3844 | 8954 2454 

  0x00007f875036b090: ;   {runtime_call UncommonTrapBlob}
  0x00007f875036b090: 6666 90e8 

  0x00007f875036b094: ; ImmutableOopMap {rbp=Oop [0]=Oop [16]=Oop [32]=Oop [48]=Oop [56]=Oop [84]=NarrowOop }
                      ;*getfield customized {reexecute=1 rethrow=0 return_oop=0}
                      ; - (reexecute) java.lang.invoke.Invokers::checkCustomized@12 (line 625)
                      ; - java.lang.invoke.Invokers$Holder::invokeExact_MT@14
                      ; - jdk.internal.reflect.DirectMethodHandleAccessor::invokeImpl@41 (line 154)
                      ; - jdk.internal.reflect.DirectMethodHandleAccessor::invoke@23 (line 104)
                      ; - java.lang.reflect.Method::invoke@102 (line 565)
  0x00007f875036b094: 484d 8fff 

  0x00007f875036b098: ;   {post_call_nop}
  0x00007f875036b098: 0f1f 8400 | 100f 0018 | be4d ffff | ff48 8b6c | 2448 48ff | 7424 6048 | 8f04 244c | 896c 2410 
  0x00007f875036b0b8: 4c89 4c24 | 204c 8954 | 2440 894c | 2448 4489 

  0x00007f875036b0c8: ;   {runtime_call UncommonTrapBlob}
  0x00007f875036b0c8: 4424 4ce8 

  0x00007f875036b0cc: ; ImmutableOopMap {rbp=Oop [0]=Oop [16]=Oop [32]=Oop [48]=Oop [64]=Oop }
                      ;*if_icmpeq {reexecute=1 rethrow=0 return_oop=0}
                      ; - (reexecute) jdk.internal.reflect.DirectMethodHandleAccessor::checkArgumentCount@13 (line 323)
                      ; - jdk.internal.reflect.DirectMethodHandleAccessor::invoke@17 (line 102)
                      ; - java.lang.reflect.Method::invoke@102 (line 565)
  0x00007f875036b0cc: 104d 8fff 

  0x00007f875036b0d0: ;   {post_call_nop}
  0x00007f875036b0d0: 0f1f 8400 | 480f 0019 | be4d ffff | ff48 8b6c | 2448 4489 

  0x00007f875036b0e4: ;   {runtime_call UncommonTrapBlob}
  0x00007f875036b0e4: 5424 1ce8 

  0x00007f875036b0e8: ; ImmutableOopMap {rbp=Oop [48]=Oop [96]=Oop }
                      ;*ifle {reexecute=1 rethrow=0 return_oop=0}
                      ; - (reexecute) java.lang.reflect.Method::isCallerSensitive@29 (line 605)
                      ; - java.lang.reflect.Method::invoke@1 (line 546)
  0x00007f875036b0e8: f44c 8fff 

  0x00007f875036b0ec: ;   {post_call_nop}
  0x00007f875036b0ec: 0f1f 8400 | 640f 001a | be4d ffff | ff48 8b6c | 2448 48ff | 7424 6048 | 8f04 244c | 896c 2410 
  0x00007f875036b10c: 4c89 4c24 | 204c 894c | 2438 4489 | 5424 5444 | 8944 2464 

  0x00007f875036b120: ;   {runtime_call UncommonTrapBlob}
  0x00007f875036b120: 6666 90e8 

  0x00007f875036b124: ; ImmutableOopMap {rbp=Oop [0]=Oop [16]=Oop [32]=Oop [48]=Oop [56]=Oop [84]=NarrowOop [100]=NarrowOop }
                      ;*if_acmpeq {reexecute=1 rethrow=0 return_oop=0}
                      ; - (reexecute) java.lang.invoke.Invokers::checkExactType@7 (line 530)
                      ; - java.lang.invoke.Invokers$Holder::invokeExact_MT@10
                      ; - jdk.internal.reflect.DirectMethodHandleAccessor::invokeImpl@41 (line 154)
                      ; - jdk.internal.reflect.DirectMethodHandleAccessor::invoke@23 (line 104)
                      ; - java.lang.reflect.Method::invoke@102 (line 565)
  0x00007f875036b124: b84c 8fff 

  0x00007f875036b128: ;   {post_call_nop}
  0x00007f875036b128: 0f1f 8400 | a00f 001b | bef6 ffff | ff48 8b6c | 2448 48ff | 7424 6048 | 8f04 244c | 896c 2410 
  0x00007f875036b148: 4c89 4c24 | 204c 894c | 2438 4489 

  0x00007f875036b154: ;   {runtime_call UncommonTrapBlob}
  0x00007f875036b154: 5424 54e8 

  0x00007f875036b158: ; ImmutableOopMap {rbp=Oop [0]=Oop [16]=Oop [32]=Oop [48]=Oop [56]=Oop [84]=NarrowOop }
                      ;*getfield customized {reexecute=1 rethrow=0 return_oop=0}
                      ; - (reexecute) java.lang.invoke.Invokers::checkCustomized@12 (line 625)
                      ; - java.lang.invoke.Invokers$Holder::invokeExact_MT@14
                      ; - jdk.internal.reflect.DirectMethodHandleAccessor::invokeImpl@104 (line 158)
                      ; - jdk.internal.reflect.DirectMethodHandleAccessor::invoke@23 (line 104)
                      ; - java.lang.reflect.Method::invoke@102 (line 565)
  0x00007f875036b158: 844c 8fff 

  0x00007f875036b15c: ;   {post_call_nop}
  0x00007f875036b15c: 0f1f 8400 | d40f 001c | bef6 ffff | ff48 ff74 | 2448 488f | 0424 48ff | 7424 6048 | 8f44 2408 
  0x00007f875036b17c: 4c89 6c24 | 184c 894c | 2428 4c89 | 5c24 384c | 894c 2440 | 4c89 5c24 | 5044 8954 

  0x00007f875036b198: ;   {runtime_call UncommonTrapBlob}
  0x00007f875036b198: 245c 90e8 

  0x00007f875036b19c: ; ImmutableOopMap {rbp=NarrowOop [0]=Oop [8]=Oop [24]=Oop [40]=Oop [56]=Oop [64]=Oop [80]=Oop [92]=NarrowOop }
                      ;*getfield customized {reexecute=1 rethrow=0 return_oop=0}
                      ; - (reexecute) java.lang.invoke.Invokers::checkCustomized@12 (line 625)
                      ; - java.lang.invoke.Invokers$Holder::invokeExact_MT@14
                      ; - jdk.internal.reflect.DirectMethodHandleAccessor::invokeImpl@55 (line 155)
                      ; - jdk.internal.reflect.DirectMethodHandleAccessor::invoke@23 (line 104)
                      ; - java.lang.reflect.Method::invoke@102 (line 565)
  0x00007f875036b19c: 404c 8fff 

  0x00007f875036b1a0: ;   {post_call_nop}
  0x00007f875036b1a0: 0f1f 8400 | 1810 001d | bee4 ffff | ff48 8b6c | 2448 48ff | 7424 6048 | 8f04 244c | 896c 2410 
  0x00007f875036b1c0: 4c89 4c24 | 204c 894c | 2438 4489 

  0x00007f875036b1cc: ;   {runtime_call UncommonTrapBlob}
  0x00007f875036b1cc: 5424 50e8 

  0x00007f875036b1d0: ; ImmutableOopMap {rbp=Oop [0]=Oop [16]=Oop [32]=Oop [48]=Oop [56]=Oop [80]=NarrowOop }
                      ;*aaload {reexecute=0 rethrow=0 return_oop=0}
                      ; - jdk.internal.reflect.DirectMethodHandleAccessor::invokeImpl@54 (line 155)
                      ; - jdk.internal.reflect.DirectMethodHandleAccessor::invoke@23 (line 104)
                      ; - java.lang.reflect.Method::invoke@102 (line 565)
  0x00007f875036b1d0: 0c4c 8fff 

  0x00007f875036b1d4: ;   {post_call_nop}
  0x00007f875036b1d4: 0f1f 8400 | 4c10 001e | be4d ffff | ff48 8b6c | 2448 48ff | 7424 6048 | 8f04 244c | 896c 2410 
  0x00007f875036b1f4: 4c89 4c24 | 204c 894c | 2438 4489 | 5424 5444 | 8944 246c 

  0x00007f875036b208: ;   {runtime_call UncommonTrapBlob}
  0x00007f875036b208: 6666 90e8 

  0x00007f875036b20c: ; ImmutableOopMap {rbp=Oop [0]=Oop [16]=Oop [32]=Oop [48]=Oop [56]=Oop [84]=NarrowOop [108]=NarrowOop }
                      ;*if_acmpeq {reexecute=1 rethrow=0 return_oop=0}
                      ; - (reexecute) java.lang.invoke.Invokers::checkExactType@7 (line 530)
                      ; - java.lang.invoke.Invokers$Holder::invokeExact_MT@10
                      ; - jdk.internal.reflect.DirectMethodHandleAccessor::invokeImpl@104 (line 158)
                      ; - jdk.internal.reflect.DirectMethodHandleAccessor::invoke@23 (line 104)
                      ; - java.lang.reflect.Method::invoke@102 (line 565)
  0x00007f875036b20c: d04b 8fff 

  0x00007f875036b210: ;   {post_call_nop}
  0x00007f875036b210: 0f1f 8400 | 8810 001f | be4d ffff | ff48 ff74 | 2448 488f | 0424 48ff | 7424 6048 | 8f44 2408 
  0x00007f875036b230: 4c89 6c24 | 184c 894c | 2428 4c89 | 5c24 384c | 894c 2440 | 4c89 5c24 | 5044 8954 | 245c 4489 
  0x00007f875036b250: ;   {runtime_call UncommonTrapBlob}
  0x00007f875036b250: 4424 6ce8 

  0x00007f875036b254: ; ImmutableOopMap {rbp=NarrowOop [0]=Oop [8]=Oop [24]=Oop [40]=Oop [56]=Oop [64]=Oop [80]=Oop [92]=NarrowOop [108]=NarrowOop }
                      ;*if_acmpeq {reexecute=1 rethrow=0 return_oop=0}
                      ; - (reexecute) java.lang.invoke.Invokers::checkExactType@7 (line 530)
                      ; - java.lang.invoke.Invokers$Holder::invokeExact_MT@10
                      ; - jdk.internal.reflect.DirectMethodHandleAccessor::invokeImpl@55 (line 155)
                      ; - jdk.internal.reflect.DirectMethodHandleAccessor::invoke@23 (line 104)
                      ; - java.lang.reflect.Method::invoke@102 (line 565)
  0x00007f875036b254: 884b 8fff 

  0x00007f875036b258: ;   {post_call_nop}
  0x00007f875036b258: 0f1f 8400 | d010 0020 | bef6 ffff | ff48 8b2c | 244c 8b54 | 2430 4c89 

  0x00007f875036b270: ;   {runtime_call UncommonTrapBlob}
  0x00007f875036b270: 5424 08e8 

  0x00007f875036b274: ; ImmutableOopMap {rbp=Oop [8]=Oop [16]=Oop [24]=Oop }
                      ;*invokeinterface invoke {reexecute=0 rethrow=0 return_oop=0}
                      ; - java.lang.reflect.Method::invoke@102 (line 565)
  0x00007f875036b274: 684b 8fff 

  0x00007f875036b278: ;   {post_call_nop}
  0x00007f875036b278: 0f1f 8400 | f010 0021 | 488b f548 | 8d94 2490 

  0x00007f875036b288: ;   {runtime_call C2 Runtime complete_monitor_locking}
  0x00007f875036b288: 0000 00e8 

  0x00007f875036b28c: ; ImmutableOopMap {rbp=Oop [48]=Oop [72]=Oop [96]=Oop [136]=NarrowOop }
                      ;*monitorenter {reexecute=0 rethrow=0 return_oop=0}
                      ; - java.lang.reflect.Executable::declaredAnnotations@12 (line 661)
                      ; - java.lang.reflect.Executable::getAnnotation@7 (line 633)
                      ; - java.lang.reflect.Method::getAnnotation@2 (line 778)
                      ; - java.lang.reflect.AnnotatedElement::isAnnotationPresent@2 (line 291)
                      ; - java.lang.reflect.AccessibleObject::isAnnotationPresent@2 (line 515)
                      ; - jdk.internal.reflect.Reflection::isCallerSensitive@18 (line 353)
                      ; - java.lang.reflect.Method::isCallerSensitive@11 (line 603)
                      ; - java.lang.reflect.Method::invoke@1 (line 546)
  0x00007f875036b28c: 50a1 8fff 

  0x00007f875036b290: ;   {post_call_nop}
  0x00007f875036b290: 0f1f 8400 | 0811 0022 | e9ff f6ff | ff49 8bfb | 488d b424 | 9000 0000 | 498b d749 | ba70 efc0 
  0x00007f875036b2b0: 6887 7f00 | 0041 ffd2 

  0x00007f875036b2b8: ;   {post_call_nop}
  0x00007f875036b2b8: 0f1f 8400 | 0000 0000 | e9a0 f8ff | ffbe 4dff | ffff 4c8b | 5c24 604c | 891c 244c | 8b5c 2430 
  0x00007f875036b2d8: 4c89 5c24 | 0844 8954 

  0x00007f875036b2e0: ;   {runtime_call UncommonTrapBlob}
  0x00007f875036b2e0: 2460 90e8 

  0x00007f875036b2e4: ; ImmutableOopMap {rbp=Oop [0]=Oop [8]=Oop [96]=NarrowOop [136]=NarrowOop }
                      ;*ifnonnull {reexecute=1 rethrow=0 return_oop=0}
                      ; - (reexecute) java.lang.reflect.Executable::declaredAnnotations@19 (line 662)
                      ; - java.lang.reflect.Executable::getAnnotation@7 (line 633)
                      ; - java.lang.reflect.Method::getAnnotation@2 (line 778)
                      ; - java.lang.reflect.AnnotatedElement::isAnnotationPresent@2 (line 291)
                      ; - java.lang.reflect.AccessibleObject::isAnnotationPresent@2 (line 515)
                      ; - jdk.internal.reflect.Reflection::isCallerSensitive@18 (line 353)
                      ; - java.lang.reflect.Method::isCallerSensitive@11 (line 603)
                      ; - java.lang.reflect.Method::invoke@1 (line 546)
  0x00007f875036b2e4: f84a 8fff 

  0x00007f875036b2e8: ;   {post_call_nop}
  0x00007f875036b2e8: 0f1f 8400 | 6011 0023 | bef6 ffff | ff48 ff74 | 2448 488f | 0424 4c8b | 5c24 604c | 895c 2408 
  0x00007f875036b308: 4c8b 5c24 | 304c 895c | 2410 4c89 

  0x00007f875036b314: ;   {runtime_call UncommonTrapBlob}
  0x00007f875036b314: 5424 70e8 

  0x00007f875036b318: ; ImmutableOopMap {rbp=NarrowOop [0]=Oop [8]=Oop [16]=Oop [112]=Oop [136]=NarrowOop }
                      ;*invokevirtual getConstantPool {reexecute=0 rethrow=0 return_oop=0}
                      ; - java.lang.System$1::getConstantPool@1 (line 1983)
                      ; - java.lang.reflect.Executable::declaredAnnotations@53 (line 670)
                      ; - java.lang.reflect.Executable::getAnnotation@7 (line 633)
                      ; - java.lang.reflect.Method::getAnnotation@2 (line 778)
                      ; - java.lang.reflect.AnnotatedElement::isAnnotationPresent@2 (line 291)
                      ; - java.lang.reflect.AccessibleObject::isAnnotationPresent@2 (line 515)
                      ; - jdk.internal.reflect.Reflection::isCallerSensitive@18 (line 353)
                      ; - java.lang.reflect.Method::isCallerSensitive@11 (line 603)
                      ; - java.lang.reflect.Method::invoke@1 (line 546)
  0x00007f875036b318: c44a 8fff 

  0x00007f875036b31c: ;   {post_call_nop}
  0x00007f875036b31c: 0f1f 8400 | 9411 0024 | bede ffff | ff48 ff74 | 2448 488f | 0424 4c8b | 5c24 604c | 895c 2408 
  0x00007f875036b33c: 4c8b 5c24 | 304c 895c | 2410 4489 | 5424 3444 | 894c 2468 

  0x00007f875036b350: ;   {runtime_call UncommonTrapBlob}
  0x00007f875036b350: 6666 90e8 

  0x00007f875036b354: ; ImmutableOopMap {rbp=NarrowOop [0]=Oop [8]=Oop [16]=Oop [52]=NarrowOop [104]=NarrowOop [136]=NarrowOop }
                      ;*invokeinterface getConstantPool {reexecute=0 rethrow=0 return_oop=0}
                      ; - java.lang.reflect.Executable::declaredAnnotations@53 (line 670)
                      ; - java.lang.reflect.Executable::getAnnotation@7 (line 633)
                      ; - java.lang.reflect.Method::getAnnotation@2 (line 778)
                      ; - java.lang.reflect.AnnotatedElement::isAnnotationPresent@2 (line 291)
                      ; - java.lang.reflect.AccessibleObject::isAnnotationPresent@2 (line 515)
                      ; - jdk.internal.reflect.Reflection::isCallerSensitive@18 (line 353)
                      ; - java.lang.reflect.Method::isCallerSensitive@11 (line 603)
                      ; - java.lang.reflect.Method::invoke@1 (line 546)
  0x00007f875036b354: 884a 8fff 

  0x00007f875036b358: ;   {post_call_nop}
  0x00007f875036b358: 0f1f 8400 | d011 0025 | bec6 ffff | ff48 8b6c | 2448 4c8b | 5424 304c | 8954 2408 | 4889 5c24 
  0x00007f875036b378: ;   {runtime_call UncommonTrapBlob}
  0x00007f875036b378: 5066 90e8 

  0x00007f875036b37c: ; ImmutableOopMap {rbp=Oop [8]=Oop [80]=Oop [96]=Oop [136]=NarrowOop }
                      ;*invokeinterface get {reexecute=0 rethrow=0 return_oop=0}
                      ; - java.lang.reflect.Executable::getAnnotation@11 (line 633)
                      ; - java.lang.reflect.Method::getAnnotation@2 (line 778)
                      ; - java.lang.reflect.AnnotatedElement::isAnnotationPresent@2 (line 291)
                      ; - java.lang.reflect.AccessibleObject::isAnnotationPresent@2 (line 515)
                      ; - jdk.internal.reflect.Reflection::isCallerSensitive@18 (line 353)
                      ; - java.lang.reflect.Method::isCallerSensitive@11 (line 603)
                      ; - java.lang.reflect.Method::invoke@1 (line 546)
  0x00007f875036b37c: 604a 8fff 

  0x00007f875036b380: ;   {post_call_nop}
  0x00007f875036b380: 0f1f 8400 | f811 0026 | be4d ffff | ff48 8b6c | 2448 4c8b | 5424 604c | 8914 244c | 8b54 2430 
  0x00007f875036b3a0: 4c89 5424 | 0848 895c | 2458 4489 | 5c24 2c89 

  0x00007f875036b3b0: ;   {runtime_call UncommonTrapBlob}
  0x00007f875036b3b0: 4c24 64e8 

  0x00007f875036b3b4: ; ImmutableOopMap {rbp=Oop [0]=Oop [8]=Oop [44]=NarrowOop [88]=Oop [136]=NarrowOop }
                      ;*ifle {reexecute=1 rethrow=0 return_oop=0}
                      ; - (reexecute) java.util.HashMap::getNode@14 (line 576)
                      ; - java.util.LinkedHashMap::get@2 (line 537)
                      ; - java.lang.reflect.Executable::getAnnotation@11 (line 633)
                      ; - java.lang.reflect.Method::getAnnotation@2 (line 778)
                      ; - java.lang.reflect.AnnotatedElement::isAnnotationPresent@2 (line 291)
                      ; - java.lang.reflect.AccessibleObject::isAnnotationPresent@2 (line 515)
                      ; - jdk.internal.reflect.Reflection::isCallerSensitive@18 (line 353)
                      ; - java.lang.reflect.Method::isCallerSensitive@11 (line 603)
                      ; - java.lang.reflect.Method::invoke@1 (line 546)
  0x00007f875036b3b4: 284a 8fff 

  0x00007f875036b3b8: ;   {post_call_nop}
  0x00007f875036b3b8: 0f1f 8400 | 3012 0027 | bece ffff | ff48 8b6c | 2448 4c8b | 5c24 304c | 895c 2408 | 4489 5424 
  0x00007f875036b3d8: ;   {runtime_call UncommonTrapBlob}
  0x00007f875036b3d8: 2c66 90e8 

  0x00007f875036b3dc: ; ImmutableOopMap {rbp=Oop [8]=Oop [44]=NarrowOop [96]=Oop [136]=NarrowOop }
                      ;*invokevirtual cast {reexecute=0 rethrow=0 return_oop=0}
                      ; - java.lang.reflect.Executable::getAnnotation@16 (line 633)
                      ; - java.lang.reflect.Method::getAnnotation@2 (line 778)
                      ; - java.lang.reflect.AnnotatedElement::isAnnotationPresent@2 (line 291)
                      ; - java.lang.reflect.AccessibleObject::isAnnotationPresent@2 (line 515)
                      ; - jdk.internal.reflect.Reflection::isCallerSensitive@18 (line 353)
                      ; - java.lang.reflect.Method::isCallerSensitive@11 (line 603)
                      ; - java.lang.reflect.Method::invoke@1 (line 546)
  0x00007f875036b3dc: 004a 8fff 

  0x00007f875036b3e0: ;   {post_call_nop}
  0x00007f875036b3e0: 0f1f 8400 | 5812 0028 | bef6 ffff | ff48 ff74 | 2448 488f | 0424 48ff | 7424 6048 | 8f44 2408 
  0x00007f875036b400: 4c89 6c24 | 184c 894c | 2428 4c89 | 5c24 384c | 894c 2440 | 4c89 5c24 | 5089 7c24 | 5c44 8954 
  0x00007f875036b420: ;   {runtime_call UncommonTrapBlob}
  0x00007f875036b420: 2468 90e8 

  0x00007f875036b424: ; ImmutableOopMap {rbp=NarrowOop [0]=Oop [8]=Oop [24]=Oop [40]=Oop [56]=Oop [64]=Oop [80]=Oop [92]=NarrowOop [104]=NarrowOop }
                      ;*getfield customized {reexecute=1 rethrow=0 return_oop=0}
                      ; - (reexecute) java.lang.invoke.Invokers::checkCustomized@12 (line 625)
                      ; - java.lang.invoke.LambdaForm$MH/0x00007f86e7128c00::invokeExact_MT@15
                      ; - jdk.internal.reflect.DirectMethodHandleAccessor::invokeImpl@72 (line 156)
                      ; - jdk.internal.reflect.DirectMethodHandleAccessor::invoke@23 (line 104)
                      ; - java.lang.reflect.Method::invoke@102 (line 565)
  0x00007f875036b424: b849 8fff 

  0x00007f875036b428: ;   {post_call_nop}
  0x00007f875036b428: 0f1f 8400 | a012 0029 | bee4 ffff | ff48 8b6c | 2448 48ff | 7424 6048 | 8f04 244c | 896c 2410 
  0x00007f875036b448: 4c89 4c24 | 204c 894c | 2438 4489 

  0x00007f875036b454: ;   {runtime_call UncommonTrapBlob}
  0x00007f875036b454: 5424 50e8 

  0x00007f875036b458: ; ImmutableOopMap {rbp=Oop [0]=Oop [16]=Oop [32]=Oop [48]=Oop [56]=Oop [80]=NarrowOop }
                      ;*aaload {reexecute=0 rethrow=0 return_oop=0}
                      ; - jdk.internal.reflect.DirectMethodHandleAccessor::invokeImpl@68 (line 156)
                      ; - jdk.internal.reflect.DirectMethodHandleAccessor::invoke@23 (line 104)
                      ; - java.lang.reflect.Method::invoke@102 (line 565)
  0x00007f875036b458: 8449 8fff 

  0x00007f875036b45c: ;   {post_call_nop}
  0x00007f875036b45c: 0f1f 8400 | d412 002a | bef6 ffff | ff48 8b6c | 2448 48ff | 7424 6048 | 8f04 244c | 896c 2410 
  0x00007f875036b47c: 4c89 4c24 | 204c 894c | 2438 4489 | 5424 5489 | 4c24 6044 | 8944 2464 | 895c 2468 

  0x00007f875036b498: ;   {runtime_call UncommonTrapBlob}
  0x00007f875036b498: 6666 90e8 

  0x00007f875036b49c: ; ImmutableOopMap {rbp=Oop [0]=Oop [16]=Oop [32]=Oop [48]=Oop [56]=Oop [84]=NarrowOop [96]=NarrowOop [100]=NarrowOop [104]=NarrowOop }
                      ;*getfield customized {reexecute=1 rethrow=0 return_oop=0}
                      ; - (reexecute) java.lang.invoke.Invokers::checkCustomized@12 (line 625)
                      ; - java.lang.invoke.LambdaForm$MH/0x00007f86e72a0000::invokeExact_MT@15
                      ; - jdk.internal.reflect.DirectMethodHandleAccessor::invokeImpl@92 (line 157)
                      ; - jdk.internal.reflect.DirectMethodHandleAccessor::invoke@23 (line 104)
                      ; - java.lang.reflect.Method::invoke@102 (line 565)
  0x00007f875036b49c: 4049 8fff 

  0x00007f875036b4a0: ;   {post_call_nop}
  0x00007f875036b4a0: 0f1f 8400 | 1813 002b | bee4 ffff | ff48 8b6c | 2448 48ff | 7424 6048 | 8f04 244c | 896c 2410 
  0x00007f875036b4c0: 4c89 4c24 | 204c 894c | 2438 4489 

  0x00007f875036b4cc: ;   {runtime_call UncommonTrapBlob}
  0x00007f875036b4cc: 5424 50e8 

  0x00007f875036b4d0: ; ImmutableOopMap {rbp=Oop [0]=Oop [16]=Oop [32]=Oop [48]=Oop [56]=Oop [80]=NarrowOop }
                      ;*aaload {reexecute=0 rethrow=0 return_oop=0}
                      ; - jdk.internal.reflect.DirectMethodHandleAccessor::invokeImpl@85 (line 157)
                      ; - jdk.internal.reflect.DirectMethodHandleAccessor::invoke@23 (line 104)
                      ; - java.lang.reflect.Method::invoke@102 (line 565)
  0x00007f875036b4d0: 0c49 8fff 

  0x00007f875036b4d4: ;   {post_call_nop}
  0x00007f875036b4d4: 0f1f 8400 | 4c13 002c | be4d ffff | ff48 8b6c | 2448 488b | 7c24 6048 | 893c 2448 | 8b7c 2430 
  0x00007f875036b4f4: 4889 7c24 | 0848 895c | 2458 4489 | 5c24 2c44 | 8954 2460 | 4489 4424 | 6489 4c24 | 6844 894c 
  0x00007f875036b514: ;   {runtime_call UncommonTrapBlob}
  0x00007f875036b514: 246c 90e8 

  0x00007f875036b518: ; ImmutableOopMap {rbp=Oop [0]=Oop [8]=Oop [44]=NarrowOop [88]=Oop [96]=NarrowOop [100]=NarrowOop [136]=NarrowOop }
                      ;*ifeq {reexecute=1 rethrow=0 return_oop=0}
                      ; - (reexecute) java.util.HashMap::getNode@85 (line 582)
                      ; - java.util.LinkedHashMap::get@2 (line 537)
                      ; - java.lang.reflect.Executable::getAnnotation@11 (line 633)
                      ; - java.lang.reflect.Method::getAnnotation@2 (line 778)
                      ; - java.lang.reflect.AnnotatedElement::isAnnotationPresent@2 (line 291)
                      ; - java.lang.reflect.AccessibleObject::isAnnotationPresent@2 (line 515)
                      ; - jdk.internal.reflect.Reflection::isCallerSensitive@18 (line 353)
                      ; - java.lang.reflect.Method::isCallerSensitive@11 (line 603)
                      ; - java.lang.reflect.Method::invoke@1 (line 546)
  0x00007f875036b518: c448 8fff 

  0x00007f875036b51c: ;   {post_call_nop}
  0x00007f875036b51c: 0f1f 8400 | 9413 002d | be4d ffff | ff48 ff74 | 2448 488f | 0424 48ff | 7424 6048 | 8f44 2408 
  0x00007f875036b53c: 4c89 6c24 | 184c 894c | 2428 4c89 | 5c24 384c | 894c 2440 | 4c89 5c24 | 5089 7c24 | 5c44 8954 
  0x00007f875036b55c: 2468 894c 

  0x00007f875036b560: ;   {runtime_call UncommonTrapBlob}
  0x00007f875036b560: 2470 90e8 

  0x00007f875036b564: ; ImmutableOopMap {rbp=NarrowOop [0]=Oop [8]=Oop [24]=Oop [40]=Oop [56]=Oop [64]=Oop [80]=Oop [92]=NarrowOop [104]=NarrowOop [112]=NarrowOop }
                      ;*if_acmpeq {reexecute=1 rethrow=0 return_oop=0}
                      ; - (reexecute) java.lang.invoke.Invokers::checkExactType@7 (line 530)
                      ; - java.lang.invoke.LambdaForm$MH/0x00007f86e7128c00::invokeExact_MT@11
                      ; - jdk.internal.reflect.DirectMethodHandleAccessor::invokeImpl@72 (line 156)
                      ; - jdk.internal.reflect.DirectMethodHandleAccessor::invoke@23 (line 104)
                      ; - java.lang.reflect.Method::invoke@102 (line 565)
  0x00007f875036b564: 7848 8fff 

  0x00007f875036b568: ;   {post_call_nop}
  0x00007f875036b568: 0f1f 8400 | e013 002e | be4d ffff | ff48 ff74 | 2448 488f | 0424 4c8b | 4424 604c | 8944 2408 
  0x00007f875036b588: 4c8b 4424 | 304c 8944 | 2410 4889 | 5c24 6044 | 895c 2434 | 4489 5424 | 6848 8954 | 2470 894c 
  0x00007f875036b5a8: 246c 4489 

  0x00007f875036b5ac: ;   {runtime_call UncommonTrapBlob}
  0x00007f875036b5ac: 4c24 78e8 

  0x00007f875036b5b0: ; ImmutableOopMap {rbp=NarrowOop [0]=Oop [8]=Oop [16]=Oop [52]=NarrowOop [96]=Oop [104]=NarrowOop [112]=Oop [136]=NarrowOop }
                      ;*ifeq {reexecute=1 rethrow=0 return_oop=0}
                      ; - (reexecute) java.util.HashMap::getNode@131 (line 586)
                      ; - java.util.LinkedHashMap::get@2 (line 537)
                      ; - java.lang.reflect.Executable::getAnnotation@11 (line 633)
                      ; - java.lang.reflect.Method::getAnnotation@2 (line 778)
                      ; - java.lang.reflect.AnnotatedElement::isAnnotationPresent@2 (line 291)
                      ; - java.lang.reflect.AccessibleObject::isAnnotationPresent@2 (line 515)
                      ; - jdk.internal.reflect.Reflection::isCallerSensitive@18 (line 353)
                      ; - java.lang.reflect.Method::isCallerSensitive@11 (line 603)
                      ; - java.lang.reflect.Method::invoke@1 (line 546)
  0x00007f875036b5b0: 2c48 8fff 

  0x00007f875036b5b4: ;   {post_call_nop}
  0x00007f875036b5b4: 0f1f 8400 | 2c14 002f | be4d ffff | ff48 ff74 | 2448 488f | 0424 48ff | 7424 6048 | 8f44 2408 
  0x00007f875036b5d4: 4c89 6c24 | 184c 894c | 2428 4c89 | 5c24 384c | 894c 2440 | 4c89 5c24 | 5044 8954 | 245c 894c 
  0x00007f875036b5f4: 2468 4489 | 4424 6c89 

  0x00007f875036b5fc: ;   {runtime_call UncommonTrapBlob}
  0x00007f875036b5fc: 5c24 70e8 

  0x00007f875036b600: ; ImmutableOopMap {rbp=NarrowOop [0]=Oop [8]=Oop [24]=Oop [40]=Oop [56]=Oop [64]=Oop [80]=Oop [92]=NarrowOop [104]=NarrowOop [108]=NarrowOop [112]=NarrowOop }
                      ;*if_acmpeq {reexecute=1 rethrow=0 return_oop=0}
                      ; - (reexecute) java.lang.invoke.Invokers::checkExactType@7 (line 530)
                      ; - java.lang.invoke.LambdaForm$MH/0x00007f86e72a0000::invokeExact_MT@11
                      ; - jdk.internal.reflect.DirectMethodHandleAccessor::invokeImpl@92 (line 157)
                      ; - jdk.internal.reflect.DirectMethodHandleAccessor::invoke@23 (line 104)
                      ; - java.lang.reflect.Method::invoke@102 (line 565)
  0x00007f875036b600: dc47 8fff 

  0x00007f875036b604: ;   {post_call_nop}
  0x00007f875036b604: 0f1f 8400 | 7c14 0030 | bef6 ffff | ff48 8b6c | 2448 48ff | 7424 6048 | 8f04 244c | 896c 2410 
  0x00007f875036b624: 4c89 4c24 | 204c 894c | 2438 4489 

  0x00007f875036b630: ;   {runtime_call UncommonTrapBlob}
  0x00007f875036b630: 5424 40e8 

  0x00007f875036b634: ; ImmutableOopMap {rbp=Oop [0]=Oop [16]=Oop [32]=Oop [48]=Oop [56]=Oop [64]=NarrowOop }
                      ;*invokevirtual getClass {reexecute=0 rethrow=0 return_oop=0}
                      ; - jdk.internal.reflect.DirectMethodHandleAccessor::checkReceiver@5 (line 197)
                      ; - jdk.internal.reflect.DirectMethodHandleAccessor::invoke@9 (line 100)
                      ; - java.lang.reflect.Method::invoke@102 (line 565)
  0x00007f875036b634: a847 8fff 

  0x00007f875036b638: ;   {post_call_nop}
  0x00007f875036b638: 0f1f 8400 | b014 0031 | bef6 ffff | ff48 8b6c | 2448 48ff | 7424 6048 | 8f04 244c | 896c 2410 
  0x00007f875036b658: 4c89 4c24 | 204c 894c | 2438 4c89 

  0x00007f875036b664: ;   {runtime_call UncommonTrapBlob}
  0x00007f875036b664: 5c24 48e8 

  0x00007f875036b668: ; ImmutableOopMap {rbp=Oop [0]=Oop [16]=Oop [32]=Oop [48]=Oop [56]=Oop [72]=Oop }
                      ;*invokevirtual isAssignableFrom {reexecute=0 rethrow=0 return_oop=0}
                      ; - jdk.internal.reflect.DirectMethodHandleAccessor::checkReceiver@8 (line 197)
                      ; - jdk.internal.reflect.DirectMethodHandleAccessor::invoke@9 (line 100)
                      ; - java.lang.reflect.Method::invoke@102 (line 565)
  0x00007f875036b668: 7447 8fff 

  0x00007f875036b66c: ;   {post_call_nop}
  0x00007f875036b66c: 0f1f 8400 | e414 0032 | bef4 ffff | ff48 8b6c | 2448 48ff | 7424 6048 | 8f04 244c | 896c 2410 
  0x00007f875036b68c: 4c89 4c24 | 204c 894c | 2438 4489 | 5424 484c | 895c 2450 

  0x00007f875036b6a0: ;   {runtime_call UncommonTrapBlob}
  0x00007f875036b6a0: 6666 90e8 

  0x00007f875036b6a4: ; ImmutableOopMap {rbp=Oop [0]=Oop [16]=Oop [32]=Oop [48]=Oop [56]=Oop [72]=NarrowOop [80]=Oop }
                      ;*invokevirtual isAssignableFrom {reexecute=0 rethrow=0 return_oop=0}
                      ; - jdk.internal.reflect.DirectMethodHandleAccessor::checkReceiver@8 (line 197)
                      ; - jdk.internal.reflect.DirectMethodHandleAccessor::invoke@9 (line 100)
                      ; - java.lang.reflect.Method::invoke@102 (line 565)
  0x00007f875036b6a4: 3847 8fff 

  0x00007f875036b6a8: ;   {post_call_nop}
  0x00007f875036b6a8: 0f1f 8400 | 2015 0033 | be5e ffff | ff48 8b6c | 2448 48ff | 7424 6048 | 8f04 244c | 896c 2410 
  0x00007f875036b6c8: 4c89 4c24 | 204c 894c | 2438 4489 

  0x00007f875036b6d4: ;   {runtime_call UncommonTrapBlob}
  0x00007f875036b6d4: 5424 50e8 

  0x00007f875036b6d8: ; ImmutableOopMap {rbp=Oop [0]=Oop [16]=Oop [32]=Oop [48]=Oop [56]=Oop [80]=NarrowOop }
                      ;*invokevirtual type {reexecute=0 rethrow=0 return_oop=0}
                      ; - java.lang.invoke.Invokers::checkExactType@1 (line 529)
                      ; - java.lang.invoke.Invokers$Holder::invokeExact_MT@10
                      ; - jdk.internal.reflect.DirectMethodHandleAccessor::invokeImpl@41 (line 154)
                      ; - jdk.internal.reflect.DirectMethodHandleAccessor::invoke@23 (line 104)
                      ; - java.lang.reflect.Method::invoke@102 (line 565)
  0x00007f875036b6d8: 0447 8fff 

  0x00007f875036b6dc: ;   {post_call_nop}
  0x00007f875036b6dc: 0f1f 8400 | 5415 0034 | be5e ffff | ff48 8b6c | 2448 48ff | 7424 6048 | 8f04 244c | 896c 2410 
  0x00007f875036b6fc: 4c89 4c24 | 204c 894c | 2438 4489 

  0x00007f875036b708: ;   {runtime_call UncommonTrapBlob}
  0x00007f875036b708: 5424 50e8 

  0x00007f875036b70c: ; ImmutableOopMap {rbp=Oop [0]=Oop [16]=Oop [32]=Oop [48]=Oop [56]=Oop [80]=NarrowOop }
                      ;*invokevirtual type {reexecute=0 rethrow=0 return_oop=0}
                      ; - java.lang.invoke.Invokers::checkExactType@1 (line 529)
                      ; - java.lang.invoke.Invokers$Holder::invokeExact_MT@10
                      ; - jdk.internal.reflect.DirectMethodHandleAccessor::invokeImpl@104 (line 158)
                      ; - jdk.internal.reflect.DirectMethodHandleAccessor::invoke@23 (line 104)
                      ; - java.lang.reflect.Method::invoke@102 (line 565)
  0x00007f875036b70c: d046 8fff 

  0x00007f875036b710: ;   {post_call_nop}
  0x00007f875036b710: 0f1f 8400 | 8815 0035 | bef6 ffff | ff48 8b6c | 2448 48ff | 7424 6048 | 8f04 244c | 896c 2410 
  0x00007f875036b730: 4c89 4c24 | 204c 894c | 2438 4489 

  0x00007f875036b73c: ;   {runtime_call UncommonTrapBlob}
  0x00007f875036b73c: 5424 48e8 

  0x00007f875036b740: ; ImmutableOopMap {rbp=Oop [0]=Oop [16]=Oop [32]=Oop [48]=Oop [56]=Oop [72]=NarrowOop }
                      ;*aaload {reexecute=0 rethrow=0 return_oop=0}
                      ; - jdk.internal.reflect.DirectMethodHandleAccessor::invokeImpl@54 (line 155)
                      ; - jdk.internal.reflect.DirectMethodHandleAccessor::invoke@23 (line 104)
                      ; - java.lang.reflect.Method::invoke@102 (line 565)
  0x00007f875036b740: 9c46 8fff 

  0x00007f875036b744: ;   {post_call_nop}
  0x00007f875036b744: 0f1f 8400 | bc15 0036 | be5e ffff | ff48 ff74 | 2448 488f | 0424 48ff | 7424 6048 | 8f44 2408 
  0x00007f875036b764: 4c89 6c24 | 184c 894c | 2428 4c89 | 5c24 384c | 894c 2440 | 4c89 5c24 | 5044 8954 

  0x00007f875036b780: ;   {runtime_call UncommonTrapBlob}
  0x00007f875036b780: 2458 90e8 

  0x00007f875036b784: ; ImmutableOopMap {rbp=NarrowOop [0]=Oop [8]=Oop [24]=Oop [40]=Oop [56]=Oop [64]=Oop [80]=Oop [88]=NarrowOop }
                      ;*invokevirtual type {reexecute=0 rethrow=0 return_oop=0}
                      ; - java.lang.invoke.Invokers::checkExactType@1 (line 529)
                      ; - java.lang.invoke.Invokers$Holder::invokeExact_MT@10
                      ; - jdk.internal.reflect.DirectMethodHandleAccessor::invokeImpl@55 (line 155)
                      ; - jdk.internal.reflect.DirectMethodHandleAccessor::invoke@23 (line 104)
                      ; - java.lang.reflect.Method::invoke@102 (line 565)
  0x00007f875036b784: 5846 8fff 

  0x00007f875036b788: ;   {post_call_nop}
  0x00007f875036b788: 0f1f 8400 | 0016 0037 | 488b e8eb | 0848 8be8 | eb03 488b | e8be 9dff | ffff 48ff | 7424 4848 
  0x00007f875036b7a8: 8f04 244c | 8b54 2460 | 4c89 5424 | 084c 8b54 | 2430 4c89 

  0x00007f875036b7bc: ;   {runtime_call UncommonTrapBlob}
  0x00007f875036b7bc: 5424 10e8 

  0x00007f875036b7c0: ; ImmutableOopMap {rbp=Oop [0]=Oop [8]=Oop [16]=Oop [136]=NarrowOop }
                      ;*astore {reexecute=0 rethrow=0 return_oop=0}
                      ; - java.lang.reflect.Executable::declaredAnnotations@76 (line 676)
                      ; - java.lang.reflect.Executable::getAnnotation@7 (line 633)
                      ; - java.lang.reflect.Method::getAnnotation@2 (line 778)
                      ; - java.lang.reflect.AnnotatedElement::isAnnotationPresent@2 (line 291)
                      ; - java.lang.reflect.AccessibleObject::isAnnotationPresent@2 (line 515)
                      ; - jdk.internal.reflect.Reflection::isCallerSensitive@18 (line 353)
                      ; - java.lang.reflect.Method::isCallerSensitive@11 (line 603)
                      ; - java.lang.reflect.Method::invoke@1 (line 546)
  0x00007f875036b7c0: 1c46 8fff 

  0x00007f875036b7c4: ;   {post_call_nop}
  0x00007f875036b7c4: 0f1f 8400 | 3c16 0038 | bef6 ffff | ff48 8b6c 

  0x00007f875036b7d4: ;   {runtime_call UncommonTrapBlob}
  0x00007f875036b7d4: 2448 90e8 

  0x00007f875036b7d8: ; ImmutableOopMap {rbp=Oop [48]=Oop [96]=Oop }
                      ;*invokevirtual getClassLoader {reexecute=0 rethrow=0 return_oop=0}
                      ; - jdk.internal.reflect.Reflection::isCallerSensitive@4 (line 351)
                      ; - java.lang.reflect.Method::isCallerSensitive@11 (line 603)
                      ; - java.lang.reflect.Method::invoke@1 (line 546)
  0x00007f875036b7d8: 0446 8fff 

  0x00007f875036b7dc: ;   {post_call_nop}
  0x00007f875036b7dc: 0f1f 8400 | 5416 0039 | bef6 ffff | ff48 8b6c | 2448 4489 

  0x00007f875036b7f0: ;   {runtime_call UncommonTrapBlob}
  0x00007f875036b7f0: 5424 20e8 

  0x00007f875036b7f4: ; ImmutableOopMap {rbp=Oop [8]=Oop [32]=NarrowOop [48]=Oop }
                      ;*invokevirtual getClass {reexecute=0 rethrow=0 return_oop=0}
                      ; - java.lang.reflect.Method::invoke@53 (line 557)
  0x00007f875036b7f4: e845 8fff 

  0x00007f875036b7f8: ;   {post_call_nop}
  0x00007f875036b7f8: 0f1f 8400 | 7016 003a | bef6 ffff | ff48 ff74 | 2448 488f | 0424 4c8b | 5424 604c | 8954 2408 
  0x00007f875036b818: 4c8b 5424 | 304c 8954 | 2410 4489 

  0x00007f875036b824: ;   {runtime_call UncommonTrapBlob}
  0x00007f875036b824: 4c24 34e8 

  0x00007f875036b828: ; ImmutableOopMap {rbp=NarrowOop [0]=Oop [8]=Oop [16]=Oop [52]=NarrowOop [136]=NarrowOop }
                      ;*invokeinterface getConstantPool {reexecute=0 rethrow=0 return_oop=0}
                      ; - java.lang.reflect.Executable::declaredAnnotations@53 (line 670)
                      ; - java.lang.reflect.Executable::getAnnotation@7 (line 633)
                      ; - java.lang.reflect.Method::getAnnotation@2 (line 778)
                      ; - java.lang.reflect.AnnotatedElement::isAnnotationPresent@2 (line 291)
                      ; - java.lang.reflect.AccessibleObject::isAnnotationPresent@2 (line 515)
                      ; - jdk.internal.reflect.Reflection::isCallerSensitive@18 (line 353)
                      ; - java.lang.reflect.Method::isCallerSensitive@11 (line 603)
                      ; - java.lang.reflect.Method::invoke@1 (line 546)
  0x00007f875036b828: b445 8fff 

  0x00007f875036b82c: ;   {post_call_nop}
  0x00007f875036b82c: 0f1f 8400 | a416 003b | bef6 ffff | ff48 8b6c | 2448 48ff | 7424 6048 | 8f04 244c | 896c 2410 
  0x00007f875036b84c: 4c89 4c24 | 204c 894c | 2438 4489 

  0x00007f875036b858: ;   {runtime_call UncommonTrapBlob}
  0x00007f875036b858: 5424 48e8 

  0x00007f875036b85c: ; ImmutableOopMap {rbp=Oop [0]=Oop [16]=Oop [32]=Oop [48]=Oop [56]=Oop [72]=NarrowOop }
                      ;*aaload {reexecute=0 rethrow=0 return_oop=0}
                      ; - jdk.internal.reflect.DirectMethodHandleAccessor::invokeImpl@68 (line 156)
                      ; - jdk.internal.reflect.DirectMethodHandleAccessor::invoke@23 (line 104)
                      ; - java.lang.reflect.Method::invoke@102 (line 565)
  0x00007f875036b85c: 8045 8fff 

  0x00007f875036b860: ;   {post_call_nop}
  0x00007f875036b860: 0f1f 8400 | d816 003c | bef6 ffff | ff48 ff74 | 2448 488f | 0424 48ff | 7424 6048 | 8f44 2408 
  0x00007f875036b880: 4c89 6c24 | 184c 894c | 2428 4c89 | 5c24 384c | 894c 2440 | 4c89 5c24 | 5044 8954 | 2458 897c 
  0x00007f875036b8a0: ;   {runtime_call UncommonTrapBlob}
  0x00007f875036b8a0: 245c 90e8 

  0x00007f875036b8a4: ; ImmutableOopMap {rbp=NarrowOop [0]=Oop [8]=Oop [24]=Oop [40]=Oop [56]=Oop [64]=Oop [80]=Oop [88]=NarrowOop [92]=NarrowOop }
                      ;*invokevirtual type {reexecute=0 rethrow=0 return_oop=0}
                      ; - java.lang.invoke.Invokers::checkExactType@1 (line 529)
                      ; - java.lang.invoke.LambdaForm$MH/0x00007f86e7128c00::invokeExact_MT@11
                      ; - jdk.internal.reflect.DirectMethodHandleAccessor::invokeImpl@72 (line 156)
                      ; - jdk.internal.reflect.DirectMethodHandleAccessor::invoke@23 (line 104)
                      ; - java.lang.reflect.Method::invoke@102 (line 565)
  0x00007f875036b8a4: 3845 8fff 

  0x00007f875036b8a8: ;   {post_call_nop}
  0x00007f875036b8a8: 0f1f 8400 | 2017 003d | bef6 ffff | ff48 8b6c | 2448 48ff | 7424 6048 | 8f04 244c | 896c 2410 
  0x00007f875036b8c8: 4c89 4c24 | 204c 894c | 2438 4489 

  0x00007f875036b8d4: ;   {runtime_call UncommonTrapBlob}
  0x00007f875036b8d4: 5424 48e8 

  0x00007f875036b8d8: ; ImmutableOopMap {rbp=Oop [0]=Oop [16]=Oop [32]=Oop [48]=Oop [56]=Oop [72]=NarrowOop }
                      ;*aaload {reexecute=0 rethrow=0 return_oop=0}
                      ; - jdk.internal.reflect.DirectMethodHandleAccessor::invokeImpl@85 (line 157)
                      ; - jdk.internal.reflect.DirectMethodHandleAccessor::invoke@23 (line 104)
                      ; - java.lang.reflect.Method::invoke@102 (line 565)
  0x00007f875036b8d8: 0445 8fff 

  0x00007f875036b8dc: ;   {post_call_nop}
  0x00007f875036b8dc: 0f1f 8400 | 5417 003e | bef6 ffff | ff48 8b6c | 2448 48ff | 7424 6048 | 8f04 244c | 896c 2410 
  0x00007f875036b8fc: 4c89 4c24 | 204c 894c | 2438 4489 | 5424 5089 | 4c24 5444 | 8944 2460 | 895c 2464 

  0x00007f875036b918: ;   {runtime_call UncommonTrapBlob}
  0x00007f875036b918: 6666 90e8 

  0x00007f875036b91c: ; ImmutableOopMap {rbp=Oop [0]=Oop [16]=Oop [32]=Oop [48]=Oop [56]=Oop [80]=NarrowOop [84]=NarrowOop [96]=NarrowOop [100]=NarrowOop }
                      ;*invokevirtual type {reexecute=0 rethrow=0 return_oop=0}
                      ; - java.lang.invoke.Invokers::checkExactType@1 (line 529)
                      ; - java.lang.invoke.LambdaForm$MH/0x00007f86e72a0000::invokeExact_MT@11
                      ; - jdk.internal.reflect.DirectMethodHandleAccessor::invokeImpl@92 (line 157)
                      ; - jdk.internal.reflect.DirectMethodHandleAccessor::invoke@23 (line 104)
                      ; - java.lang.reflect.Method::invoke@102 (line 565)
  0x00007f875036b91c: c044 8fff 

  0x00007f875036b920: ;   {post_call_nop}
  0x00007f875036b920: 0f1f 8400 | 9817 003f | eb5a eb58 | eb56 eb54 | eb00 448b | 5008 49bb | 0000 00e6 | 867f 0000 
  0x00007f875036b940: 4d03 da48 | 8944 2450 | eb74 eb00 | 448b 4008 | 49bb 0000 | 00e6 867f | 0000 4d03 | d848 8944 
  0x00007f875036b960: 2450 eb5a | eb1e eb1c | eb1a eb00 | 448b 4008 | 49bb 0000 | 00e6 867f | 0000 4d03 | d848 8944 
  0x00007f875036b980: 2450 eb3a | 488b f0e9 | f100 0000 | eb00 448b | 5008 49bb | 0000 00e6 | 867f 0000 | 4d03 da48 
  0x00007f875036b9a0: 8944 2450 | eb18 eb00 | 448b 5008 | 49bb 0000 | 00e6 867f | 0000 4d03 | da48 8944 

  0x00007f875036b9bc: ;   {metadata('java/lang/ClassCastException')}
  0x00007f875036b9bc: 2450 49ba | f0fe 1be6 | 867f 0000 | 4d3b da0f | 84e1 0000 

  0x00007f875036b9d0: ;   {metadata('java/lang/invoke/WrongMethodTypeException')}
  0x00007f875036b9d0: 0049 baf8 | d134 e786 | 7f00 004d | 3bda 0f84 | ce00 0000 

  0x00007f875036b9e4: ;   {metadata('java/lang/NullPointerException')}
  0x00007f875036b9e4: 49ba 3029 | 1ce6 867f | 0000 4d3b | da0f 84dd | 0000 0049 | 8b87 c801 | 0000 4c8b | d049 83c2 
  0x00007f875036ba04: 284d 3b97 | d801 0000 | 737c 4d89 | 97c8 0100 | 0041 0f0d | 8ac0 0000 | 0048 c700 | 0100 0000 
  0x00007f875036ba24: ;   {metadata('java/lang/reflect/InvocationTargetException')}
  0x00007f875036ba24: c740 0848 | fd01 0144 | 8960 0c4c | 8960 104c | 8960 184c | 8960 204c | 8bd0 4c89 | 5424 4049 
  0x00007f875036ba44: 8bf2 488b | 5424 5048 | 8b6c 2448 | 4c8b 5424 | 604c 8914 

  0x00007f875036ba58: ;   {optimized virtual_call}
  0x00007f875036ba58: 2466 90e8 

  0x00007f875036ba5c: ; ImmutableOopMap {rbp=Oop [0]=Oop [24]=Oop [32]=Oop [56]=Oop [64]=Oop [80]=Oop }
                      ;*invokespecial <init> {reexecute=0 rethrow=0 return_oop=0}
                      ; - jdk.internal.reflect.DirectMethodHandleAccessor::invoke@88 (line 119)
                      ; - java.lang.reflect.Method::invoke@102 (line 565)
  0x00007f875036ba5c: 0099 81ff 

  0x00007f875036ba60: ;   {post_call_nop}
  0x00007f875036ba60: 0f1f 8400 | d818 0040 | 458b 972c | 0600 0045 | 85d2 0f85 | 8000 0000 | 488b 7424 | 4048 81c4 
  0x00007f875036ba80: a000 0000 

  0x00007f875036ba84: ;   {runtime_call C2 Runtime rethrow}
  0x00007f875036ba84: 5de9 56a2 

  0x00007f875036ba88: ;   {metadata('java/lang/reflect/InvocationTargetException')}
  0x00007f875036ba88: 8fff 48be | 48fd 01e7 | 867f 0000 | 488b 6c24 | 484c 8b54 | 2460 4c89 

  0x00007f875036baa0: ;   {runtime_call C2 Runtime new_instance}
  0x00007f875036baa0: 1424 90e8 

  0x00007f875036baa4: ; ImmutableOopMap {rbp=Oop [0]=Oop [24]=Oop [32]=Oop [56]=Oop [72]=Oop [80]=Oop [96]=Oop }
                      ;*new {reexecute=0 rethrow=0 return_oop=1}
                      ; - jdk.internal.reflect.DirectMethodHandleAccessor::invoke@83 (line 119)
                      ; - java.lang.reflect.Method::invoke@102 (line 565)
  0x00007f875036baa4: 3840 8fff 

  0x00007f875036baa8: ;   {post_call_nop}
  0x00007f875036baa8: 0f1f 8400 | 2019 0041 | eb89 488b | 6c24 50be | 9dff ffff | 4c8b 5424 | 604c 8954 

  0x00007f875036bac4: ;   {runtime_call UncommonTrapBlob}
  0x00007f875036bac4: 2408 90e8 

  0x00007f875036bac8: ; ImmutableOopMap {rbp=Oop [8]=Oop [24]=Oop [32]=Oop [56]=Oop [72]=Oop }
                      ;*astore_3 {reexecute=0 rethrow=0 return_oop=0}
                      ; - jdk.internal.reflect.DirectMethodHandleAccessor::invoke@27 (line 105)
                      ; - java.lang.reflect.Method::invoke@102 (line 565)
  0x00007f875036bac8: 1443 8fff 

  0x00007f875036bacc: ;   {post_call_nop}
  0x00007f875036bacc: 0f1f 8400 | 4419 0042 | 488b 6c24 | 50be 9dff | ffff 4c8b | 5424 604c | 8954 2408 

  0x00007f875036bae8: ;   {runtime_call UncommonTrapBlob}
  0x00007f875036bae8: 6666 90e8 

  0x00007f875036baec: ; ImmutableOopMap {rbp=Oop [8]=Oop [24]=Oop [32]=Oop [56]=Oop [72]=Oop }
                      ;*astore_3 {reexecute=0 rethrow=0 return_oop=0}
                      ; - jdk.internal.reflect.DirectMethodHandleAccessor::invoke@55 (line 112)
                      ; - java.lang.reflect.Method::invoke@102 (line 565)
  0x00007f875036baec: f042 8fff 

  0x00007f875036baf0: ;   {post_call_nop}
  0x00007f875036baf0: 0f1f 8400 | 6819 0043 | be97 ffff | ff4c 8b54 | 2418 4c89 | 5424 104c | 8b54 2438 | 4c89 5424 
  0x00007f875036bb10: ;   {runtime_call UncommonTrapBlob}
  0x00007f875036bb10: 3066 90e8 

  0x00007f875036bb14: ; ImmutableOopMap {rbp=Oop [0]=Oop [16]=Oop [32]=Oop [48]=Oop [64]=Oop [80]=Oop }
                      ;*athrow {reexecute=1 rethrow=0 return_oop=0}
                      ; - (reexecute) jdk.internal.reflect.DirectMethodHandleAccessor::invoke@91 (line 119)
                      ; - java.lang.reflect.Method::invoke@102 (line 565)
  0x00007f875036bb14: c842 8fff 

  0x00007f875036bb18: ;   {post_call_nop}
  0x00007f875036bb18: 0f1f 8400 | 9019 0044 | 458b 1849 | c1e3 0349 | 83fb 000f | 8449 efff | ff4d 8b4f | 384d 85c9 
  0x00007f875036bb38: 0f84 1400 | 0000 4983 | e908 4d89 | 4f38 4d03 | 4f40 4d89 | 19e9 28ef | ffff 4883 | ec10 4c89 
  0x00007f875036bb58: 4424 0849 | 8bfb 498b 

  0x00007f875036bb60: ;   {runtime_call G1BarrierSetRuntime::write_ref_field_pre_entry(oopDesc*, JavaThread*)}
  0x00007f875036bb60: f7e8 fa61 | 2718 4c8b | 4424 08c5 | f877 4883 | c410 e903 | efff fff0 | 8344 24c0 | 0041 8039 
  0x00007f875036bb80: 000f 8435 | efff ff41 | c601 004d | 8b5f 504d | 85db 0f84 | 1400 0000 | 4983 eb08 | 4d89 5f50 
  0x00007f875036bba0: 4d03 5f58 | 4d89 0be9 | 10ef ffff | 498b f949 

  0x00007f875036bbb0: ;   {runtime_call G1BarrierSetRuntime::write_ref_field_post_entry(unsigned char volatile*, JavaThread*)}
  0x00007f875036bbb0: 8bf7 e8c9 | 6127 18c5 | f877 e9fd | eeff ff41 | 8387 f806 | 0000 08e9 | 93ef ffff 

  0x00007f875036bbcc: ;   {internal_word}
  0x00007f875036bbcc: 49ba c8a7 | 3650 877f | 0000 4d89 | 9760 0400 

  0x00007f875036bbdc: ;   {runtime_call SafepointBlob}
  0x00007f875036bbdc: 00e9 fe0c 

  0x00007f875036bbe0: ;   {runtime_call StubRoutines (final stubs)}
  0x00007f875036bbe0: 82ff e899 | 2980 ffe9 | e2e8 ffff | f4f4 f4f4 
[Stub Code]
  0x00007f875036bbf0: ;   {no_reloc}
  0x00007f875036bbf0: 48bb 0000 | 0000 0000 

  0x00007f875036bbf8: ;   {runtime_call nmethod}
  0x00007f875036bbf8: 0000 e9fb 

  0x00007f875036bbfc: ;   {static_stub}
  0x00007f875036bbfc: ffff ff48 | bb00 0000 | 0000 0000 

  0x00007f875036bc08: ;   {runtime_call nmethod}
  0x00007f875036bc08: 00e9 fbff 

  0x00007f875036bc0c: ;   {static_stub}
  0x00007f875036bc0c: ffff 48bb | 0000 0000 | 0000 0000 

  0x00007f875036bc18: ;   {runtime_call nmethod}
  0x00007f875036bc18: e9fb ffff 

  0x00007f875036bc1c: ;   {static_stub}
  0x00007f875036bc1c: ff48 bb00 | 0000 0000 

  0x00007f875036bc24: ;   {runtime_call nmethod}
  0x00007f875036bc24: 0000 00e9 | fbff ffff 

  0x00007f875036bc2c: ;   {static_stub}
  0x00007f875036bc2c: 48bb 0000 | 0000 0000 

  0x00007f875036bc34: ;   {runtime_call nmethod}
  0x00007f875036bc34: 0000 e9fb 

  0x00007f875036bc38: ;   {static_stub}
  0x00007f875036bc38: ffff ff48 | bb00 0000 | 0000 0000 

  0x00007f875036bc44: ;   {runtime_call nmethod}
  0x00007f875036bc44: 00e9 fbff 

  0x00007f875036bc48: ;   {static_stub}
  0x00007f875036bc48: ffff 48bb | 0000 0000 | 0000 0000 

  0x00007f875036bc54: ;   {runtime_call nmethod}
  0x00007f875036bc54: e9fb ffff 

  0x00007f875036bc58: ;   {static_stub}
  0x00007f875036bc58: ff48 bb00 | 0000 0000 

  0x00007f875036bc60: ;   {runtime_call nmethod}
  0x00007f875036bc60: 0000 00e9 | fbff ffff 

  0x00007f875036bc68: ;   {static_stub}
  0x00007f875036bc68: 48bb 0000 | 0000 0000 

  0x00007f875036bc70: ;   {runtime_call nmethod}
  0x00007f875036bc70: 0000 e9fb 

  0x00007f875036bc74: ;   {static_stub}
  0x00007f875036bc74: ffff ff48 | bb00 0000 | 0000 0000 

  0x00007f875036bc80: ;   {runtime_call nmethod}
  0x00007f875036bc80: 00e9 fbff 

  0x00007f875036bc84: ;   {static_stub}
  0x00007f875036bc84: ffff 48bb | 0000 0000 | 0000 0000 

  0x00007f875036bc90: ;   {runtime_call nmethod}
  0x00007f875036bc90: e9fb ffff 

  0x00007f875036bc94: ;   {static_stub}
  0x00007f875036bc94: ff48 bb00 | 0000 0000 

  0x00007f875036bc9c: ;   {runtime_call nmethod}
  0x00007f875036bc9c: 0000 00e9 | fbff ffff 

  0x00007f875036bca4: ;   {static_stub}
  0x00007f875036bca4: 48bb 0000 | 0000 0000 

  0x00007f875036bcac: ;   {runtime_call nmethod}
  0x00007f875036bcac: 0000 e9fb 

  0x00007f875036bcb0: ;   {static_stub}
  0x00007f875036bcb0: ffff ff48 | bb00 0000 | 0000 0000 

  0x00007f875036bcbc: ;   {runtime_call nmethod}
  0x00007f875036bcbc: 00e9 fbff 

  0x00007f875036bcc0: ;   {static_stub}
  0x00007f875036bcc0: ffff 48bb | 0000 0000 | 0000 0000 

  0x00007f875036bccc: ;   {runtime_call nmethod}
  0x00007f875036bccc: e9fb ffff 

  0x00007f875036bcd0: ;   {runtime_call ExceptionBlob}
  0x00007f875036bcd0: ffe9 0a44 | 8fff e800 | 0000 0048 | 832c 2405 

  0x00007f875036bce0: ;   {runtime_call DeoptimizationBlob}
  0x00007f875036bce0: e99b 0182 | ffe8 0000 | 0000 4883 

  0x00007f875036bcec: ;   {runtime_call DeoptimizationBlob}
  0x00007f875036bcec: 2c24 05e9 | 8c01 82ff | f4f4 f4f4 
[/MachCode]


---------------  P R O C E S S  ---------------

Threads class SMR info:
_java_thread_list=0x00007f86b8003a40, length=39, elements={
0x00007f8760170fd0, 0x00007f8760171fd0, 0x00007f8760173810, 0x00007f8760174f20,
0x00007f8760176590, 0x00007f8760178180, 0x00007f8760179960, 0x00007f87601cc3d0,
0x00007f87601e25e0, 0x00007f86b40011c0, 0x00007f87601e39f0, 0x00007f87601e5860,
0x00007f8760547a80, 0x00007f876054dd00, 0x00007f8760555ec0, 0x00007f866800c730,
0x00007f86a8001ae0, 0x00007f8660008c00, 0x00007f8698dfd090, 0x00007f876002de40,
0x00007f86a41a95e0, 0x00007f8630083340, 0x00007f86300f0a30, 0x00007f8638050780,
0x00007f86380030d0, 0x00007f86380038b0, 0x00007f8638007450, 0x00007f863804f670,
0x00007f863840c870, 0x00007f86382f9040, 0x00007f86382f9820, 0x00007f8638007e90,
0x00007f8638008bd0, 0x00007f86380099a0, 0x00007f86384602a0, 0x00007f8638461080,
0x00007f8638461e60, 0x00007f8638465c60, 0x00007f8638466a50
}

Java Threads: ( => current thread )
  0x00007f8760170fd0 JavaThread "Reference Handler"          daemon [_thread_blocked, id=93858, stack(0x00007f8764f85000,0x00007f8765085000) (1024K)]
  0x00007f8760171fd0 JavaThread "Finalizer"                  daemon [_thread_blocked, id=93859, stack(0x00007f8764500000,0x00007f8764600000) (1024K)]
  0x00007f8760173810 JavaThread "Signal Dispatcher"          daemon [_thread_blocked, id=93860, stack(0x00007f8764400000,0x00007f8764500000) (1024K)]
  0x00007f8760174f20 JavaThread "Service Thread"             daemon [_thread_blocked, id=93861, stack(0x00007f8764300000,0x00007f8764400000) (1024K)]
  0x00007f8760176590 JavaThread "Monitor Deflation Thread"   daemon [_thread_blocked, id=93862, stack(0x00007f8764200000,0x00007f8764300000) (1024K)]
  0x00007f8760178180 JavaThread "C2 CompilerThread0"         daemon [_thread_blocked, id=93863, stack(0x00007f8764100000,0x00007f8764200000) (1024K)]
  0x00007f8760179960 JavaThread "C1 CompilerThread0"         daemon [_thread_blocked, id=93864, stack(0x00007f8764000000,0x00007f8764100000) (1024K)]
  0x00007f87601cc3d0 JavaThread "JDWP Transport Listener: dt_socket" daemon [_thread_blocked, id=93867, stack(0x00007f87446c0000,0x00007f87447c0000) (1024K)]
  0x00007f87601e25e0 JavaThread "JDWP Event Helper Thread"   daemon [_thread_blocked, id=93868, stack(0x00007f87445c0000,0x00007f87446c0000) (1024K)]
  0x00007f86b40011c0 JavaThread "JDWP Command Reader"        daemon [_thread_in_native, id=93871, stack(0x00007f87444c0000,0x00007f87445c0000) (1024K)]
  0x00007f87601e39f0 JavaThread "Notification Thread"        daemon [_thread_blocked, id=93874, stack(0x00007f87443c0000,0x00007f87444c0000) (1024K)]
  0x00007f87601e5860 JavaThread "Common-Cleaner"             daemon [_thread_blocked, id=93875, stack(0x00007f87447c0000,0x00007f87448c0000) (1024K)]
  0x00007f8760547a80 JavaThread "RMI TCP Accept-0"           daemon [_thread_in_native, id=93888, stack(0x00007f87441c0000,0x00007f87442c0000) (1024K)]
  0x00007f876054dd00 JavaThread "RMI TCP Accept-43367"       daemon [_thread_in_native, id=93889, stack(0x00007f87440c0000,0x00007f87441c0000) (1024K)]
  0x00007f8760555ec0 JavaThread "RMI TCP Accept-0"           daemon [_thread_in_native, id=93890, stack(0x00007f8735f00000,0x00007f8736000000) (1024K)]
  0x00007f866800c730 JavaThread "RMI Scheduler(0)"           daemon [_thread_blocked, id=93934, stack(0x00007f8734ff5000,0x00007f87350f5000) (1024K)]
  0x00007f86a8001ae0 JavaThread "RMI TCP Connection(2)-127.0.0.1" daemon [_thread_in_native, id=93937, stack(0x00007f8734ef5000,0x00007f8734ff5000) (1024K)]
  0x00007f8660008c00 JavaThread "JMX server connection timeout 52" daemon [_thread_blocked, id=93938, stack(0x00007f8734df5000,0x00007f8734ef5000) (1024K)]
  0x00007f8698dfd090 JavaThread "Live Reload Server"         daemon [_thread_in_native, id=93975, stack(0x00007f87347f5000,0x00007f87348f5000) (1024K)]
  0x00007f876002de40 JavaThread "DestroyJavaVM"                     [_thread_blocked, id=93847, stack(0x00007f8769300000,0x00007f8769400000) (1024K)]
  0x00007f86a41a95e0 JavaThread "mysql-cj-abandoned-connection-cleanup" daemon [_thread_blocked, id=94266, stack(0x00007f87340f5000,0x00007f87341f5000) (1024K)]
  0x00007f8630083340 JavaThread "Java2D Disposer"            daemon [_thread_blocked, id=94632, stack(0x00007f8735c00000,0x00007f8735d00000) (1024K)]
  0x00007f86300f0a30 JavaThread "JNA Cleaner"                daemon [_thread_blocked, id=94635, stack(0x00007f87442c0000,0x00007f87443c0000) (1024K)]
  0x00007f8638050780 JavaThread "Catalina-utility-1"                [_thread_blocked, id=95002, stack(0x00007f87341f5000,0x00007f87342f5000) (1024K)]
  0x00007f86380030d0 JavaThread "Catalina-utility-2"                [_thread_blocked, id=95003, stack(0x00007f8734cf5000,0x00007f8734df5000) (1024K)]
  0x00007f86380038b0 JavaThread "container-0"                       [_thread_blocked, id=95004, stack(0x00007f8727c00000,0x00007f8727d00000) (1024K)]
  0x00007f8638007450 JavaThread "File Watcher"               daemon [_thread_blocked, id=95005, stack(0x00007f8727e00000,0x00007f8727f00000) (1024K)]
  0x00007f863804f670 JavaThread "http-nio-8080-exec-1"       daemon [_thread_blocked, id=95006, stack(0x00007f87345f5000,0x00007f87346f5000) (1024K)]
=>0x00007f863840c870 JavaThread "http-nio-8080-exec-2"       daemon [_thread_in_native, id=95007, stack(0x00007f8735e00000,0x00007f8735f00000) (1024K)]
  0x00007f86382f9040 JavaThread "http-nio-8080-exec-3"       daemon [_thread_blocked, id=95008, stack(0x00007f87349f5000,0x00007f8734af5000) (1024K)]
  0x00007f86382f9820 JavaThread "http-nio-8080-exec-4"       daemon [_thread_blocked, id=95009, stack(0x00007f8727f00000,0x00007f8728000000) (1024K)]
  0x00007f8638007e90 JavaThread "http-nio-8080-exec-5"       daemon [_thread_blocked, id=95010, stack(0x00007f8727d00000,0x00007f8727e00000) (1024K)]
  0x00007f8638008bd0 JavaThread "http-nio-8080-exec-6"       daemon [_thread_blocked, id=95011, stack(0x00007f87342f5000,0x00007f87343f5000) (1024K)]
  0x00007f86380099a0 JavaThread "http-nio-8080-exec-7"       daemon [_thread_blocked, id=95012, stack(0x00007f87343f5000,0x00007f87344f5000) (1024K)]
  0x00007f86384602a0 JavaThread "http-nio-8080-exec-8"       daemon [_thread_blocked, id=95013, stack(0x00007f87346f5000,0x00007f87347f5000) (1024K)]
  0x00007f8638461080 JavaThread "http-nio-8080-exec-9"       daemon [_thread_blocked, id=95014, stack(0x00007f8735d00000,0x00007f8735e00000) (1024K)]
  0x00007f8638461e60 JavaThread "http-nio-8080-exec-10"      daemon [_thread_blocked, id=95015, stack(0x00007f87348f5000,0x00007f87349f5000) (1024K)]
  0x00007f8638465c60 JavaThread "http-nio-8080-Poller"       daemon [_thread_in_native, id=95016, stack(0x00007f8734af5000,0x00007f8734bf5000) (1024K)]
  0x00007f8638466a50 JavaThread "http-nio-8080-Acceptor"     daemon [_thread_in_native, id=95017, stack(0x00007f86e5f00000,0x00007f86e6000000) (1024K)]
Total: 39

Other Threads:
  0x00007f8760167ca0 VMThread "VM Thread"                           [id=93857, stack(0x00007f8765086000,0x00007f8765186000) (1024K)]
  0x00007f876015a4a0 WatcherThread "VM Periodic Task Thread"        [id=93856, stack(0x00007f8765187000,0x00007f8765287000) (1024K)]
  0x00007f8760096800 WorkerThread "GC Thread#0"                     [id=93848, stack(0x00007f87660c8000,0x00007f87661c8000) (1024K)]
  0x00007f86e0008450 WorkerThread "GC Thread#1"                     [id=93919, stack(0x00007f8735b00000,0x00007f8735c00000) (1024K)]
  0x00007f86e0008f70 WorkerThread "GC Thread#2"                     [id=93920, stack(0x00007f87359ff000,0x00007f8735aff000) (1024K)]
  0x00007f86e0009a90 WorkerThread "GC Thread#3"                     [id=93921, stack(0x00007f87358fe000,0x00007f87359fe000) (1024K)]
  0x00007f86e000a5b0 WorkerThread "GC Thread#4"                     [id=93922, stack(0x00007f87357fd000,0x00007f87358fd000) (1024K)]
  0x00007f86e000b4c0 WorkerThread "GC Thread#5"                     [id=93923, stack(0x00007f87356fc000,0x00007f87357fc000) (1024K)]
  0x00007f86e000c3d0 WorkerThread "GC Thread#6"                     [id=93924, stack(0x00007f87355fb000,0x00007f87356fb000) (1024K)]
  0x00007f86e000d2e0 WorkerThread "GC Thread#7"                     [id=93925, stack(0x00007f87354fa000,0x00007f87355fa000) (1024K)]
  0x00007f86e0018550 WorkerThread "GC Thread#8"                     [id=93926, stack(0x00007f87353f9000,0x00007f87354f9000) (1024K)]
  0x00007f86e0019020 WorkerThread "GC Thread#9"                     [id=93927, stack(0x00007f87352f8000,0x00007f87353f8000) (1024K)]
  0x00007f87600ab000 ConcurrentGCThread "G1 Main Marker"            [id=93849, stack(0x00007f8765fc7000,0x00007f87660c7000) (1024K)]
  0x00007f87600abee0 WorkerThread "G1 Conc#0"                       [id=93850, stack(0x00007f8765ec6000,0x00007f8765fc6000) (1024K)]
  0x00007f8738000cd0 WorkerThread "G1 Conc#1"                       [id=93930, stack(0x00007f87351f7000,0x00007f87352f7000) (1024K)]
  0x00007f8738001550 WorkerThread "G1 Conc#2"                       [id=93931, stack(0x00007f87350f6000,0x00007f87351f6000) (1024K)]
  0x00007f87601473a0 ConcurrentGCThread "G1 Refine#0"               [id=93851, stack(0x00007f87653bb000,0x00007f87654bb000) (1024K)]
  0x00007f8760148290 ConcurrentGCThread "G1 Service"                [id=93852, stack(0x00007f87652ba000,0x00007f87653ba000) (1024K)]
Total: 18

Threads with active compile tasks:
Total: 0

VM state: not at safepoint (normal execution)

VM Mutex/Monitor currently owned by a thread: None

Heap address: 0x000000070b000000, size: 3920 MB, Compressed Oops mode: Zero based, Oop shift amount: 3

CDS archive(s) mapped at: [0x00007f86e6000000-0x00007f86e6d1c000-0x00007f86e6d1c000), size 13746176, SharedBaseAddress: 0x00007f86e6000000, ArchiveRelocationMode: 1.
Compressed class space mapped at: 0x00007f86e7000000-0x00007f8727000000, reserved size: 1073741824
UseCompressedClassPointers 1, UseCompactObjectHeaders 0
Narrow klass pointer bits 32, Max shift 3
Narrow klass base: 0x00007f86e6000000, Narrow klass shift: 0
Encoding Range: [0x00007f86e6000000 - 0x00007f87e6000000), (4294967296 bytes)
Klass Range:    [0x00007f86e6000000 - 0x00007f8727000000), (1090519040 bytes)
Klass ID Range:  [8 - 1090519033) (1090519025)

GC Precious Log:
 CardTable entry size: 512
 Card Set container configuration: InlinePtr #cards 4 size 8 Array Of Cards #cards 16 size 48 Howl #buckets 8 coarsen threshold 3686 Howl Bitmap #cards 512 size 80 coarsen threshold 460 Card regions per heap region 1 cards per card region 4096
 CPUs: 12 total, 12 available
 Memory: 15678M
 Large Page Support: Disabled
 NUMA Support: Disabled
 Compressed Oops: Enabled (Zero based)
 Heap Region Size: 2M
 Heap Min Capacity: 8M
 Heap Initial Capacity: 246M
 Heap Max Capacity: 3920M
 Pre-touch: Disabled
 Parallel Workers: 10
 Concurrent Workers: 3
 Concurrent Refinement Workers: 10
 Periodic GC: Disabled

Heap:
 garbage-first heap   total reserved 4014080K, committed 75776K, used 40197K [0x000000070b000000, 0x0000000800000000)
  region size 2048K, 2 young (4096K), 1 survivors (2048K)
 Metaspace       used 43409K, committed 44096K, reserved 1114112K
  class space    used 4511K, committed 4800K, reserved 1048576K

Heap Regions: E=young(eden), S=young(survivor), O=old, HS=humongous(starts), HC=humongous(continues), CS=collection set, F=free, TAMS=top-at-mark-start, PB=parsable bottom
|   0|0x000000070b000000, 0x000000070b1ffd80, 0x000000070b200000| 99%| O|  |TAMS 0x000000070b000000| PB 0x000000070b000000| Untracked |  0
|   1|0x000000070b200000, 0x000000070b3ffbe8, 0x000000070b400000| 99%| O|  |TAMS 0x000000070b200000| PB 0x000000070b200000| Untracked |  0
|   2|0x000000070b400000, 0x000000070b5ffff8, 0x000000070b600000| 99%| O|  |TAMS 0x000000070b400000| PB 0x000000070b400000| Untracked |  0
|   3|0x000000070b600000, 0x000000070b7ffff0, 0x000000070b800000| 99%| O|  |TAMS 0x000000070b600000| PB 0x000000070b600000| Untracked |  0
|   4|0x000000070b800000, 0x000000070b9ffff0, 0x000000070ba00000| 99%| O|  |TAMS 0x000000070b800000| PB 0x000000070b800000| Untracked |  0
|   5|0x000000070ba00000, 0x000000070bbffff0, 0x000000070bc00000| 99%| O|  |TAMS 0x000000070ba00000| PB 0x000000070ba00000| Untracked |  0
|   6|0x000000070bc00000, 0x000000070bdf3e08, 0x000000070be00000| 97%| O|  |TAMS 0x000000070bc00000| PB 0x000000070bc00000| Untracked |  0
|   7|0x000000070be00000, 0x000000070bfeb6c8, 0x000000070c000000| 95%| O|  |TAMS 0x000000070be00000| PB 0x000000070be00000| Untracked |  0
|   8|0x000000070c000000, 0x000000070c1fffc8, 0x000000070c200000| 99%| O|  |TAMS 0x000000070c000000| PB 0x000000070c000000| Untracked |  0
|   9|0x000000070c200000, 0x000000070c3766a8, 0x000000070c400000| 73%| O|  |TAMS 0x000000070c200000| PB 0x000000070c200000| Untracked |  0
|  10|0x000000070c400000, 0x000000070c5ffff0, 0x000000070c600000| 99%| O|  |TAMS 0x000000070c400000| PB 0x000000070c400000| Untracked |  0
|  11|0x000000070c600000, 0x000000070c800000, 0x000000070c800000|100%| O|  |TAMS 0x000000070c600000| PB 0x000000070c600000| Untracked |  0
|  12|0x000000070c800000, 0x000000070c806660, 0x000000070ca00000|  1%| O|Cm|TAMS 0x000000070c800000| PB 0x000000070c800000| Complete |  0
|  13|0x000000070ca00000, 0x000000070cc00000, 0x000000070cc00000|100%|HS|  |TAMS 0x000000070ca00000| PB 0x000000070ca00000| Complete |  0
|  14|0x000000070cc00000, 0x000000070ce00000, 0x000000070ce00000|100%|HC|  |TAMS 0x000000070cc00000| PB 0x000000070cc00000| Complete |  0
|  15|0x000000070ce00000, 0x000000070ce00000, 0x000000070d000000|  0%| F|  |TAMS 0x000000070ce00000| PB 0x000000070ce00000| Untracked |  0
|  16|0x000000070d000000, 0x000000070d200000, 0x000000070d200000|100%|HS|  |TAMS 0x000000070d000000| PB 0x000000070d000000| Complete |  0
|  17|0x000000070d200000, 0x000000070d400000, 0x000000070d400000|100%|HC|  |TAMS 0x000000070d200000| PB 0x000000070d200000| Complete |  0
|  18|0x000000070d400000, 0x000000070d502000, 0x000000070d600000| 50%| O|  |TAMS 0x000000070d400000| PB 0x000000070d400000| Untracked |  0
|  19|0x000000070d600000, 0x000000070d800000, 0x000000070d800000|100%|HS|  |TAMS 0x000000070d600000| PB 0x000000070d600000| Complete |  0
|  20|0x000000070d800000, 0x000000070da00000, 0x000000070da00000|100%|HC|  |TAMS 0x000000070d800000| PB 0x000000070d800000| Complete |  0
|  21|0x000000070da00000, 0x000000070da00000, 0x000000070dc00000|  0%| F|  |TAMS 0x000000070da00000| PB 0x000000070da00000| Untracked |  0
|  22|0x000000070dc00000, 0x000000070dc00000, 0x000000070de00000|  0%| F|  |TAMS 0x000000070dc00000| PB 0x000000070dc00000| Untracked |  0
|  23|0x000000070de00000, 0x000000070de00000, 0x000000070e000000|  0%| F|  |TAMS 0x000000070de00000| PB 0x000000070de00000| Untracked |  0
|  24|0x000000070e000000, 0x000000070e000000, 0x000000070e200000|  0%| F|  |TAMS 0x000000070e000000| PB 0x000000070e000000| Untracked |  0
|  25|0x000000070e200000, 0x000000070e200000, 0x000000070e400000|  0%| F|  |TAMS 0x000000070e200000| PB 0x000000070e200000| Untracked |  0
|  99|0x0000000717600000, 0x0000000717600000, 0x0000000717800000|  0%| F|  |TAMS 0x0000000717600000| PB 0x0000000717600000| Untracked |  0
| 100|0x0000000717800000, 0x0000000717800000, 0x0000000717a00000|  0%| F|  |TAMS 0x0000000717800000| PB 0x0000000717800000| Untracked |  0
| 101|0x0000000717a00000, 0x0000000717a00000, 0x0000000717c00000|  0%| F|  |TAMS 0x0000000717a00000| PB 0x0000000717a00000| Untracked |  0
| 102|0x0000000717c00000, 0x0000000717c00000, 0x0000000717e00000|  0%| F|  |TAMS 0x0000000717c00000| PB 0x0000000717c00000| Untracked |  0
| 103|0x0000000717e00000, 0x0000000717e00000, 0x0000000718000000|  0%| F|  |TAMS 0x0000000717e00000| PB 0x0000000717e00000| Untracked |  0
| 104|0x0000000718000000, 0x0000000718000000, 0x0000000718200000|  0%| F|  |TAMS 0x0000000718000000| PB 0x0000000718000000| Untracked |  0
| 122|0x000000071a400000, 0x000000071a400000, 0x000000071a600000|  0%| F|  |TAMS 0x000000071a400000| PB 0x000000071a400000| Untracked |  0
|1955|0x00000007ff600000, 0x00000007ff600000, 0x00000007ff800000|  0%| F|  |TAMS 0x00000007ff600000| PB 0x00000007ff600000| Untracked |  0
|1956|0x00000007ff800000, 0x00000007ff8e3a60, 0x00000007ffa00000| 44%| S|CS|TAMS 0x00000007ff800000| PB 0x00000007ff800000| Complete |  0
|1957|0x00000007ffa00000, 0x00000007ffa612b0, 0x00000007ffc00000| 18%| E|  |TAMS 0x00000007ffa00000| PB 0x00000007ffa00000| Complete |  0
|1958|0x00000007ffc00000, 0x00000007ffe00000, 0x00000007ffe00000|100%| O|  |TAMS 0x00000007ffc00000| PB 0x00000007ffc00000| Untracked |  0

Card table byte_map: [0x00007f8766247000,0x00007f87669ef000] _byte_map_base: 0x00007f87629ef000

Marking Bits: (CMBitMap*) 0x00007f8760097260
 Bits: [0x00007f87448c0000, 0x00007f8748600000)

Polling page: 0x00007f876975a000

Metaspace:

Usage:
  Non-class:     37.99 MB used.
      Class:      4.41 MB used.
       Both:     42.39 MB used.

Virtual space:
  Non-class space:       64.00 MB reserved,      38.38 MB ( 60%) committed,  1 nodes.
      Class space:        1.00 GB reserved,       4.69 MB ( <1%) committed,  1 nodes.
             Both:        1.06 GB reserved,      43.06 MB (  4%) committed. 

Chunk freelists:
   Non-Class:  9.61 MB
       Class:  11.15 MB
        Both:  20.76 MB

MaxMetaspaceSize: unlimited
CompressedClassSpaceSize: 1.00 GB
Initial GC threshold: 21.00 MB
Current GC threshold: 71.81 MB
CDS: on
 - commit_granule_bytes: 65536.
 - commit_granule_words: 8192.
 - virtual_space_node_default_size: 8388608.
 - enlarge_chunks_in_place: 1.
UseCompressedClassPointers 1, UseCompactObjectHeaders 0
Narrow klass pointer bits 32, Max shift 3
Narrow klass base: 0x00007f86e6000000, Narrow klass shift: 0
Encoding Range: [0x00007f86e6000000 - 0x00007f87e6000000), (4294967296 bytes)
Klass Range:    [0x00007f86e6000000 - 0x00007f8727000000), (1090519040 bytes)
Klass ID Range:  [8 - 1090519033) (1090519025)


Internal statistics:

num_allocs_failed_limit: 6.
num_arena_births: 820.
num_arena_deaths: 0.
num_vsnodes_births: 2.
num_vsnodes_deaths: 0.
num_space_committed: 689.
num_space_uncommitted: 0.
num_chunks_returned_to_freelist: 6.
num_chunks_taken_from_freelist: 2324.
num_chunk_merges: 3.
num_chunk_splits: 1502.
num_chunks_enlarged: 1085.
num_inconsistent_stats: 0.

CodeHeap 'non-profiled nmethods': size=120032Kb used=3082Kb max_used=3444Kb free=116949Kb
 bounds [0x00007f87500c8000, 0x00007f8750428000, 0x00007f8757600000]
CodeHeap 'profiled nmethods': size=120028Kb used=10245Kb max_used=11292Kb free=109782Kb
 bounds [0x00007f8748600000, 0x00007f8749110000, 0x00007f874fb37000]
CodeHeap 'non-nmethods': size=5700Kb used=1606Kb max_used=1812Kb free=4093Kb
 bounds [0x00007f874fb37000, 0x00007f874fda7000, 0x00007f87500c8000]
CodeCache: size=245760Kb, used=14933Kb, max_used=16548Kb, free=230824Kb
 total_blobs=7095, nmethods=6450, adapters=549, full_count=0
Compilation: enabled, stopped_count=0, restarted_count=0

Compilation events (20 events):
Event: 168.375 Thread 0x00007f8760179960 nmethod 8155 0x00007f8748603508 code [0x00007f8748603620, 0x00007f8748603778]
Event: 168.375 Thread 0x00007f8760179960 8156       1       javax.management.openmbean.TabularType::getIndexNames (5 bytes)
Event: 168.375 Thread 0x00007f8760179960 nmethod 8156 0x00007f87500c9208 code [0x00007f87500c9300, 0x00007f87500c93c0]
Event: 168.375 Thread 0x00007f8760179960 8157       3       java.lang.invoke.DirectMethodHandle$Holder::invokeStatic (14 bytes)
Event: 168.375 Thread 0x00007f8760179960 nmethod 8157 0x00007f8748625208 code [0x00007f8748625340, 0x00007f8748625830]
Event: 168.375 Thread 0x00007f8760179960 8158       3       sun.management.LazyCompositeData::isTypeMatched (108 bytes)
Event: 168.376 Thread 0x00007f8760179960 nmethod 8158 0x00007f8748723308 code [0x00007f87487234e0, 0x00007f8748724428]
Event: 168.376 Thread 0x00007f8760179960 8159       3       java.lang.invoke.LambdaForm$MH/0x00007f86e7439000::invoke (41 bytes)
Event: 168.377 Thread 0x00007f8760179960 nmethod 8159 0x00007f8748a36b88 code [0x00007f8748a36d40, 0x00007f8748a379a8]
Event: 168.377 Thread 0x00007f8760179960 8160   !   3       sun.management.MappedMXBeanType$CompositeDataMXBeanType::toJavaTypeData (80 bytes)
Event: 168.378 Thread 0x00007f8760179960 nmethod 8160 0x00007f87487a3388 code [0x00007f87487a3600, 0x00007f87487a46a8]
Event: 168.378 Thread 0x00007f8760179960 8161       3       java.lang.management.MemoryUsage::from (30 bytes)
Event: 168.379 Thread 0x00007f8760179960 nmethod 8161 0x00007f8748623f08 code [0x00007f8748624040, 0x00007f8748624460]
Event: 168.379 Thread 0x00007f8760179960 8162       3       java.lang.management.MemoryUsage::<init> (41 bytes)
Event: 168.379 Thread 0x00007f8760178180 nmethod 8150 0x00007f8750356a88 code [0x00007f8750356be0, 0x00007f8750357810]
Event: 168.379 Thread 0x00007f8760178180 8151       4       java.util.TreeMap::get (19 bytes)
Event: 168.380 Thread 0x00007f8760179960 nmethod 8162 0x00007f8748e18708 code [0x00007f8748e18960, 0x00007f8748e19b40]
Event: 168.380 Thread 0x00007f8760178180 nmethod 8151 0x00007f87500c9808 code [0x00007f87500c9920, 0x00007f87500c99e0]
Event: 168.380 Thread 0x00007f8760178180 8154       4       java.util.TreeMap$KeySet::iterator (32 bytes)
Event: 168.384 Thread 0x00007f8760178180 nmethod 8154 0x00007f87500ef508 code [0x00007f87500ef620, 0x00007f87500ef9d8]

GC Heap History (20 events):
Event: 27.876 GC heap before
{Heap before GC invocations=10 (full 0):
 garbage-first heap   total reserved 4014080K, committed 71680K, used 58579K [0x000000070b000000, 0x0000000800000000)
  region size 2048K, 20 young (40960K), 2 survivors (4096K)
 Metaspace       used 37394K, committed 37952K, reserved 1114112K
  class space    used 4047K, committed 4288K, reserved 1048576K
}
Event: 27.879 GC heap after
{Heap after GC invocations=11 (full 0):
 garbage-first heap   total reserved 4014080K, committed 71680K, used 21834K [0x000000070b000000, 0x0000000800000000)
  region size 2048K, 2 young (4096K), 2 survivors (4096K)
 Metaspace       used 37394K, committed 37952K, reserved 1114112K
  class space    used 4047K, committed 4288K, reserved 1048576K
}
Event: 37.918 GC heap before
{Heap before GC invocations=11 (full 0):
 garbage-first heap   total reserved 4014080K, committed 71680K, used 58698K [0x000000070b000000, 0x0000000800000000)
  region size 2048K, 20 young (40960K), 2 survivors (4096K)
 Metaspace       used 37487K, committed 38016K, reserved 1114112K
  class space    used 4049K, committed 4288K, reserved 1048576K
}
Event: 37.921 GC heap after
{Heap after GC invocations=12 (full 0):
 garbage-first heap   total reserved 4014080K, committed 71680K, used 21543K [0x000000070b000000, 0x0000000800000000)
  region size 2048K, 2 young (4096K), 2 survivors (4096K)
 Metaspace       used 37487K, committed 38016K, reserved 1114112K
  class space    used 4049K, committed 4288K, reserved 1048576K
}
Event: 50.196 GC heap before
{Heap before GC invocations=12 (full 0):
 garbage-first heap   total reserved 4014080K, committed 71680K, used 48167K [0x000000070b000000, 0x0000000800000000)
  region size 2048K, 16 young (32768K), 2 survivors (4096K)
 Metaspace       used 37792K, committed 38400K, reserved 1114112K
  class space    used 4087K, committed 4352K, reserved 1048576K
}
Event: 50.275 GC heap after
{Heap after GC invocations=13 (full 1):
 garbage-first heap   total reserved 4014080K, committed 69632K, used 18281K [0x000000070b000000, 0x0000000800000000)
  region size 2048K, 0 young (0K), 0 survivors (0K)
 Metaspace       used 37792K, committed 38400K, reserved 1114112K
  class space    used 4087K, committed 4352K, reserved 1048576K
}
Event: 51.624 GC heap before
{Heap before GC invocations=13 (full 1):
 garbage-first heap   total reserved 4014080K, committed 69632K, used 59241K [0x000000070b000000, 0x0000000800000000)
  region size 2048K, 20 young (40960K), 0 survivors (0K)
 Metaspace       used 38390K, committed 39040K, reserved 1114112K
  class space    used 4090K, committed 4352K, reserved 1048576K
}
Event: 51.631 GC heap after
{Heap after GC invocations=14 (full 1):
 garbage-first heap   total reserved 4014080K, committed 69632K, used 22820K [0x000000070b000000, 0x0000000800000000)
  region size 2048K, 3 young (6144K), 3 survivors (6144K)
 Metaspace       used 38390K, committed 39040K, reserved 1114112K
  class space    used 4090K, committed 4352K, reserved 1048576K
}
Event: 81.052 GC heap before
{Heap before GC invocations=14 (full 1):
 garbage-first heap   total reserved 4014080K, committed 69632K, used 24868K [0x000000070b000000, 0x0000000800000000)
  region size 2048K, 5 young (10240K), 3 survivors (6144K)
 Metaspace       used 38431K, committed 39040K, reserved 1114112K
  class space    used 4091K, committed 4352K, reserved 1048576K
}
Event: 81.112 GC heap after
{Heap after GC invocations=15 (full 2):
 garbage-first heap   total reserved 4014080K, committed 69632K, used 20712K [0x000000070b000000, 0x0000000800000000)
  region size 2048K, 0 young (0K), 0 survivors (0K)
 Metaspace       used 38431K, committed 39040K, reserved 1114112K
  class space    used 4091K, committed 4352K, reserved 1048576K
}
Event: 81.584 GC heap before
{Heap before GC invocations=15 (full 2):
 garbage-first heap   total reserved 4014080K, committed 69632K, used 59624K [0x000000070b000000, 0x0000000800000000)
  region size 2048K, 19 young (38912K), 0 survivors (0K)
 Metaspace       used 38616K, committed 39232K, reserved 1114112K
  class space    used 4094K, committed 4352K, reserved 1048576K
}
Event: 81.588 GC heap after
{Heap after GC invocations=16 (full 2):
 garbage-first heap   total reserved 4014080K, committed 69632K, used 25256K [0x000000070b000000, 0x0000000800000000)
  region size 2048K, 3 young (6144K), 3 survivors (6144K)
 Metaspace       used 38616K, committed 39232K, reserved 1114112K
  class space    used 4094K, committed 4352K, reserved 1048576K
}
Event: 165.091 GC heap before
{Heap before GC invocations=16 (full 2):
 garbage-first heap   total reserved 4014080K, committed 69632K, used 41640K [0x000000070b000000, 0x0000000800000000)
  region size 2048K, 12 young (24576K), 3 survivors (6144K)
 Metaspace       used 42767K, committed 43328K, reserved 1114112K
  class space    used 4473K, committed 4736K, reserved 1048576K
}
Event: 165.151 GC heap after
{Heap after GC invocations=17 (full 3):
 garbage-first heap   total reserved 4014080K, committed 69632K, used 23918K [0x000000070b000000, 0x0000000800000000)
  region size 2048K, 0 young (0K), 0 survivors (0K)
 Metaspace       used 42767K, committed 43328K, reserved 1114112K
  class space    used 4473K, committed 4736K, reserved 1048576K
}
Event: 165.714 GC heap before
{Heap before GC invocations=17 (full 3):
 garbage-first heap   total reserved 4014080K, committed 69632K, used 58734K [0x000000070b000000, 0x0000000800000000)
  region size 2048K, 17 young (34816K), 0 survivors (0K)
 Metaspace       used 42857K, committed 43456K, reserved 1114112K
  class space    used 4476K, committed 4736K, reserved 1048576K
}
Event: 165.717 GC heap after
{Heap after GC invocations=18 (full 3):
 garbage-first heap   total reserved 4014080K, committed 69632K, used 28095K [0x000000070b000000, 0x0000000800000000)
  region size 2048K, 3 young (6144K), 3 survivors (6144K)
 Metaspace       used 42857K, committed 43456K, reserved 1114112K
  class space    used 4476K, committed 4736K, reserved 1048576K
}
Event: 168.313 GC heap before
{Heap before GC invocations=18 (full 3):
 garbage-first heap   total reserved 4014080K, committed 69632K, used 54719K [0x000000070b000000, 0x0000000800000000)
  region size 2048K, 15 young (30720K), 3 survivors (6144K)
 Metaspace       used 43260K, committed 43904K, reserved 1114112K
  class space    used 4500K, committed 4736K, reserved 1048576K
}
Event: 168.318 GC heap after
{Heap after GC invocations=19 (full 3):
 garbage-first heap   total reserved 4014080K, committed 69632K, used 32282K [0x000000070b000000, 0x0000000800000000)
  region size 2048K, 1 young (2048K), 1 survivors (2048K)
 Metaspace       used 43260K, committed 43904K, reserved 1114112K
  class space    used 4500K, committed 4736K, reserved 1048576K
}
Event: 168.327 GC heap before
{Heap before GC invocations=19 (full 3):
 garbage-first heap   total reserved 4014080K, committed 69632K, used 32282K [0x000000070b000000, 0x0000000800000000)
  region size 2048K, 2 young (4096K), 1 survivors (2048K)
 Metaspace       used 43395K, committed 44096K, reserved 1114112K
  class space    used 4510K, committed 4800K, reserved 1048576K
}
Event: 168.328 GC heap after
{Heap after GC invocations=20 (full 3):
 garbage-first heap   total reserved 4014080K, committed 69632K, used 32005K [0x000000070b000000, 0x0000000800000000)
  region size 2048K, 1 young (2048K), 1 survivors (2048K)
 Metaspace       used 43395K, committed 44096K, reserved 1114112K
  class space    used 4510K, committed 4800K, reserved 1048576K
}

Dll operation events (14 events):
Event: 0.004 Loaded shared library /usr/lib/jvm/jdk-24.0.2-oracle-x64/lib/libjava.so
Event: 0.032 Loaded shared library /usr/lib/jvm/jdk-24.0.2-oracle-x64/lib/libsimdsort.so
Event: 0.032 Loaded shared library /usr/lib/jvm/jdk-24.0.2-oracle-x64/lib/libjsvml.so
Event: 0.255 Loaded shared library /usr/lib/jvm/jdk-24.0.2-oracle-x64/lib/libnio.so
Event: 0.256 Loaded shared library /usr/lib/jvm/jdk-24.0.2-oracle-x64/lib/libjimage.so
Event: 0.263 Loaded shared library /usr/lib/jvm/jdk-24.0.2-oracle-x64/lib/libzip.so
Event: 0.306 Loaded shared library /usr/lib/jvm/jdk-24.0.2-oracle-x64/lib/libmanagement.so
Event: 0.310 Loaded shared library /usr/lib/jvm/jdk-24.0.2-oracle-x64/lib/libmanagement_ext.so
Event: 0.346 Loaded shared library /usr/lib/jvm/jdk-24.0.2-oracle-x64/lib/libnet.so
Event: 0.651 Loaded shared library /usr/lib/jvm/jdk-24.0.2-oracle-x64/lib/libextnet.so
Event: 98.510 Loaded shared library /usr/lib/jvm/jdk-24.0.2-oracle-x64/lib/libawt.so
Event: 98.513 Loaded shared library /usr/lib/jvm/jdk-24.0.2-oracle-x64/lib/libawt_headless.so
Event: 98.578 Loaded shared library /home/spartanluck/.cache/JNA/temp/jna584207336624093724.tmp
Event: 168.137 Loaded shared library /usr/lib/jvm/jdk-24.0.2-oracle-x64/lib/libjavajpeg.so

Deoptimization events (20 events):
Event: 168.230 Thread 0x00007f863840c870 DEOPT PACKING pc=0x00007f87490f9168 sp=0x00007f8735efba20
Event: 168.230 Thread 0x00007f863840c870 DEOPT UNPACKING pc=0x00007f874fb8c30f sp=0x00007f8735efaf18 mode 0
Event: 168.231 Thread 0x00007f863840c870 DEOPT PACKING pc=0x00007f87490f9168 sp=0x00007f8735efba20
Event: 168.231 Thread 0x00007f863840c870 DEOPT UNPACKING pc=0x00007f874fb8c30f sp=0x00007f8735efaf18 mode 0
Event: 168.325 Thread 0x00007f863840c870 DEOPT PACKING pc=0x00007f87490f4018 sp=0x00007f8735efc540
Event: 168.325 Thread 0x00007f863840c870 DEOPT UNPACKING pc=0x00007f874fb8c30f sp=0x00007f8735efba18 mode 0
Event: 168.325 Thread 0x00007f863840c870 DEOPT PACKING pc=0x00007f87490f4018 sp=0x00007f8735efc540
Event: 168.325 Thread 0x00007f863840c870 DEOPT UNPACKING pc=0x00007f874fb8c30f sp=0x00007f8735efba18 mode 0
Event: 168.325 Thread 0x00007f863840c870 DEOPT PACKING pc=0x00007f87490f4018 sp=0x00007f8735efc540
Event: 168.325 Thread 0x00007f863840c870 DEOPT UNPACKING pc=0x00007f874fb8c30f sp=0x00007f8735efba18 mode 0
Event: 168.325 Thread 0x00007f863840c870 DEOPT PACKING pc=0x00007f87490f4018 sp=0x00007f8735efc540
Event: 168.325 Thread 0x00007f863840c870 DEOPT UNPACKING pc=0x00007f874fb8c30f sp=0x00007f8735efba18 mode 0
Event: 168.326 Thread 0x00007f863840c870 DEOPT PACKING pc=0x00007f87490f4018 sp=0x00007f8735efc540
Event: 168.326 Thread 0x00007f863840c870 DEOPT UNPACKING pc=0x00007f874fb8c30f sp=0x00007f8735efba18 mode 0
Event: 168.326 Thread 0x00007f863840c870 DEOPT PACKING pc=0x00007f87490f4018 sp=0x00007f8735efc540
Event: 168.326 Thread 0x00007f863840c870 DEOPT UNPACKING pc=0x00007f874fb8c30f sp=0x00007f8735efba18 mode 0
Event: 168.326 Thread 0x00007f863840c870 DEOPT PACKING pc=0x00007f87490f4018 sp=0x00007f8735efc540
Event: 168.326 Thread 0x00007f863840c870 DEOPT UNPACKING pc=0x00007f874fb8c30f sp=0x00007f8735efba18 mode 0
Event: 168.326 Thread 0x00007f863840c870 DEOPT PACKING pc=0x00007f87490f4018 sp=0x00007f8735efc540
Event: 168.326 Thread 0x00007f863840c870 DEOPT UNPACKING pc=0x00007f874fb8c30f sp=0x00007f8735efba18 mode 0

Classes loaded (20 events):
Event: 168.323 Loading class com/sun/imageio/plugins/jpeg/DQTMarkerSegment$Qtable
Event: 168.323 Loading class com/sun/imageio/plugins/jpeg/DQTMarkerSegment$Qtable done
Event: 168.323 Loading class com/sun/imageio/plugins/jpeg/SOFMarkerSegment
Event: 168.323 Loading class com/sun/imageio/plugins/jpeg/SOFMarkerSegment done
Event: 168.323 Loading class com/sun/imageio/plugins/jpeg/SOFMarkerSegment$ComponentSpec
Event: 168.324 Loading class com/sun/imageio/plugins/jpeg/SOFMarkerSegment$ComponentSpec done
Event: 168.324 Loading class com/sun/imageio/plugins/jpeg/DHTMarkerSegment
Event: 168.324 Loading class com/sun/imageio/plugins/jpeg/DHTMarkerSegment done
Event: 168.324 Loading class com/sun/imageio/plugins/jpeg/DHTMarkerSegment$Htable
Event: 168.324 Loading class com/sun/imageio/plugins/jpeg/DHTMarkerSegment$Htable done
Event: 168.324 Loading class com/sun/imageio/plugins/jpeg/SOSMarkerSegment
Event: 168.324 Loading class com/sun/imageio/plugins/jpeg/SOSMarkerSegment done
Event: 168.324 Loading class com/sun/imageio/plugins/jpeg/SOSMarkerSegment$ScanComponentSpec
Event: 168.324 Loading class com/sun/imageio/plugins/jpeg/SOSMarkerSegment$ScanComponentSpec done
Event: 168.326 Loading class com/sun/imageio/plugins/jpeg/AdobeMarkerSegment
Event: 168.326 Loading class com/sun/imageio/plugins/jpeg/AdobeMarkerSegment done
Event: 168.326 Loading class javax/imageio/IIOImage
Event: 168.326 Loading class javax/imageio/IIOImage done
Event: 168.362 Loading class java/nio/DirectByteBuffer$Deallocator
Event: 168.362 Loading class java/nio/DirectByteBuffer$Deallocator done

Classes unloaded (0 events):
No events

Classes redefined (0 events):
No events

Internal exceptions (20 events):
Event: 81.494 Thread 0x00007f86a4178780 Exception <a 'java/io/FileNotFoundException'{0x000000070d3677f8}> (0x000000070d3677f8) 
thrown [open/src/hotspot/share/prims/jni.cpp, line 518]
Event: 90.664 Thread 0x00007f864c141dc0 Exception <a 'java/lang/NoSuchMethodError'{0x00000007ff965a60}: 'java.lang.Object java.lang.invoke.DirectMethodHandle$Holder.invokeStatic(java.lang.Object, java.lang.Object, java.lang.Object, int, int)'> (0x00000007ff965a60) 
thrown [open/src/hotspot/share/interpreter/linkResolver.cpp, line 804]
Event: 90.665 Thread 0x00007f864c141dc0 Exception <a 'java/lang/NoSuchMethodError'{0x00000007ff96d9b0}: 'java.lang.Object java.lang.invoke.DirectMethodHandle$Holder.invokeStaticInit(java.lang.Object, java.lang.Object, java.lang.Object, int, int)'> (0x00000007ff96d9b0) 
thrown [open/src/hotspot/share/interpreter/linkResolver.cpp, line 804]
Event: 90.712 Thread 0x00007f864c00d1b0 Exception <a 'java/lang/NoSuchMethodError'{0x00000007ff673fa8}: 'java.lang.Object java.lang.invoke.DirectMethodHandle$Holder.invokeSpecial(java.lang.Object, java.lang.Object, java.lang.Object, java.lang.Object, java.lang.Object, long)'> (0x00000007ff673fa8) 
thrown [open/src/hotspot/share/interpreter/linkResolver.cpp, line 804]
Event: 90.712 Thread 0x00007f864c00d1b0 Exception <a 'java/lang/NoSuchMethodError'{0x00000007ff67c828}: 'java.lang.Object java.lang.invoke.DirectMethodHandle$Holder.invokeSpecial(java.lang.Object, java.lang.Object, java.lang.Object, java.lang.Object, java.lang.Object, java.lang.Object, long)'> (0x00000007ff67c828) 
thrown [open/src/hotspot/share/interpreter/linkResolver.cpp, line 804]
Event: 90.712 Thread 0x00007f864c00d1b0 Exception <a 'java/lang/NoSuchMethodError'{0x00000007ff684f30}: 'java.lang.Object java.lang.invoke.DelegatingMethodHandle$Holder.reinvoke_L(java.lang.Object, java.lang.Object, java.lang.Object, java.lang.Object, java.lang.Object, long)'> (0x00000007ff684f30) 
thrown [open/src/hotspot/share/interpreter/linkResolver.cpp, line 804]
Event: 90.713 Thread 0x00007f864c00d1b0 Exception <a 'java/lang/NoSuchMethodError'{0x00000007ff695230}: 'java.lang.Object java.lang.invoke.Invokers$Holder.linkToTargetMethod(java.lang.Object, java.lang.Object, java.lang.Object, long, java.lang.Object)'> (0x00000007ff695230) 
thrown [open/src/hotspot/share/interpreter/linkResolver.cpp, line 804]
Event: 90.811 Thread 0x00007f864c00ddd0 Exception <a 'java/lang/NoSuchMethodError'{0x000000071a51b2f0}: 'int java.lang.invoke.DirectMethodHandle$Holder.invokeVirtual(java.lang.Object, java.lang.Object, java.lang.Object)'> (0x000000071a51b2f0) 
thrown [open/src/hotspot/share/interpreter/linkResolver.cpp, line 804]
Event: 98.506 Thread 0x00007f864c0ddac0 Exception <a 'java/lang/ClassNotFoundException'{0x0000000717e078a8}: sun/awt/resources/spi/awtProvider> (0x0000000717e078a8) 
thrown [open/src/hotspot/share/classfile/systemDictionary.cpp, line 327]
Event: 98.513 Thread 0x00007f864c0ddac0 Exception <a 'java/io/FileNotFoundException'{0x0000000717e0a608}> (0x0000000717e0a608) 
thrown [open/src/hotspot/share/prims/jni.cpp, line 518]
Event: 98.513 Thread 0x00007f864c0ddac0 Exception <a 'java/io/FileNotFoundException'{0x0000000717e0b4e0}> (0x0000000717e0b4e0) 
thrown [open/src/hotspot/share/prims/jni.cpp, line 518]
Event: 98.611 Thread 0x00007f864c0ddac0 Implicit null exception at 0x00007f875012ee11 to 0x00007f875012f49c
Event: 98.611 Thread 0x00007f864c0ddac0 Exception <a 'java/lang/UnsatisfiedLinkError'{0x0000000717c544c0}: libtesseract.so: cannot open shared object file: No such file or directory> (0x0000000717c544c0) 
thrown [open/src/hotspot/share/prims/jni.cpp, line 536]
Event: 98.612 Thread 0x00007f864c0ddac0 Exception <a 'java/lang/UnsatisfiedLinkError'{0x0000000717c55c40}: libtesseract.so: cannot open shared object file: No such file or directory> (0x0000000717c55c40) 
thrown [open/src/hotspot/share/prims/jni.cpp, line 536]
Event: 165.090 Thread 0x00007f864c00b0c0 Exception <a 'java/lang/InterruptedException'{0x0000000718110788}: sleep interrupted> (0x0000000718110788) 
thrown [open/src/hotspot/share/prims/jvm.cpp, line 2955]
Event: 165.162 Thread 0x00007f86a4178780 Exception <a 'sun/nio/fs/UnixException'{0x00000007ffa68838}> (0x00000007ffa68838) 
thrown [open/src/hotspot/share/prims/jni.cpp, line 518]
Event: 165.554 Thread 0x00007f86a4178780 Exception <a 'java/lang/NoClassDefFoundError'{0x000000070d98eee8}: org/flywaydb/core/Flyway> (0x000000070d98eee8) 
thrown [open/src/hotspot/share/oops/constantPool.cpp, line 1048]
Event: 165.554 Thread 0x00007f86a4178780 Exception <a 'java/lang/NoClassDefFoundError'{0x000000070d98f7b8}: liquibase/integration/spring/SpringLiquibase> (0x000000070d98f7b8) 
thrown [open/src/hotspot/share/oops/constantPool.cpp, line 1048]
Event: 165.588 Thread 0x00007f86a4178780 Exception <a 'java/io/FileNotFoundException'{0x000000070d4c8220}> (0x000000070d4c8220) 
thrown [open/src/hotspot/share/prims/jni.cpp, line 518]
Event: 165.629 Thread 0x00007f86a4178780 Exception <a 'java/io/FileNotFoundException'{0x000000070d2c0e60}> (0x000000070d2c0e60) 
thrown [open/src/hotspot/share/prims/jni.cpp, line 518]

VM Operations (20 events):
Event: 98.598 Executing VM operation: HandshakeAllThreads (Deoptimize)
Event: 98.598 Executing VM operation: HandshakeAllThreads (Deoptimize) done
Event: 98.600 Executing VM operation: HandshakeAllThreads (Deoptimize)
Event: 98.600 Executing VM operation: HandshakeAllThreads (Deoptimize) done
Event: 120.108 Executing VM operation: HandshakeAllThreads (HandshakeForDeflation)
Event: 120.108 Executing VM operation: HandshakeAllThreads (HandshakeForDeflation) done
Event: 120.108 Executing VM operation: RendezvousGCThreads
Event: 120.108 Executing VM operation: RendezvousGCThreads done
Event: 165.091 Executing VM operation: G1CollectFull (System.gc())
Event: 165.151 Executing VM operation: G1CollectFull (System.gc()) done
Event: 165.714 Executing VM operation: G1CollectForAllocation (G1 Evacuation Pause)
Event: 165.718 Executing VM operation: G1CollectForAllocation (G1 Evacuation Pause) done
Event: 168.313 Executing VM operation: G1CollectForAllocation (G1 Evacuation Pause)
Event: 168.318 Executing VM operation: G1CollectForAllocation (G1 Evacuation Pause) done
Event: 168.327 Executing VM operation: G1TryInitiateConcMark (G1 Humongous Allocation)
Event: 168.328 Executing VM operation: G1TryInitiateConcMark (G1 Humongous Allocation) done
Event: 168.356 Executing VM operation: G1PauseRemark
Event: 168.361 Executing VM operation: G1PauseRemark done
Event: 168.374 Executing VM operation: G1PauseCleanup
Event: 168.374 Executing VM operation: G1PauseCleanup done

Memory protections (20 events):
Event: 165.069 Protecting memory [0x00007f87348f5000,0x00007f87348f9000] with protection modes 0
Event: 165.152 Protecting memory [0x00007f87344f5000,0x00007f87344f9000] with protection modes 0
Event: 165.153 Protecting memory [0x00007f87344f5000,0x00007f87344f9000] with protection modes 0
Event: 165.240 Protecting memory [0x00007f87341f5000,0x00007f87341f9000] with protection modes 0
Event: 165.630 Protecting memory [0x00007f87341f5000,0x00007f87341f9000] with protection modes 0
Event: 165.630 Protecting memory [0x00007f8734cf5000,0x00007f8734cf9000] with protection modes 0
Event: 165.631 Protecting memory [0x00007f8727c00000,0x00007f8727c04000] with protection modes 0
Event: 165.814 Protecting memory [0x00007f8727e00000,0x00007f8727e04000] with protection modes 0
Event: 165.845 Protecting memory [0x00007f87345f5000,0x00007f87345f9000] with protection modes 0
Event: 165.845 Protecting memory [0x00007f8735e00000,0x00007f8735e04000] with protection modes 0
Event: 165.845 Protecting memory [0x00007f87349f5000,0x00007f87349f9000] with protection modes 0
Event: 165.845 Protecting memory [0x00007f8727f00000,0x00007f8727f04000] with protection modes 0
Event: 165.845 Protecting memory [0x00007f8727d00000,0x00007f8727d04000] with protection modes 0
Event: 165.846 Protecting memory [0x00007f87342f5000,0x00007f87342f9000] with protection modes 0
Event: 165.846 Protecting memory [0x00007f87343f5000,0x00007f87343f9000] with protection modes 0
Event: 165.846 Protecting memory [0x00007f87346f5000,0x00007f87346f9000] with protection modes 0
Event: 165.846 Protecting memory [0x00007f8735d00000,0x00007f8735d04000] with protection modes 0
Event: 165.846 Protecting memory [0x00007f87348f5000,0x00007f87348f9000] with protection modes 0
Event: 165.847 Protecting memory [0x00007f8734af5000,0x00007f8734af9000] with protection modes 0
Event: 165.847 Protecting memory [0x00007f86e5f00000,0x00007f86e5f04000] with protection modes 0

Nmethod flushes (20 events):
Event: 168.360 Thread 0x00007f8760167ca0 flushing  nmethod 0x00007f87489c9a08
Event: 168.360 Thread 0x00007f8760167ca0 flushing  nmethod 0x00007f87489efe08
Event: 168.360 Thread 0x00007f8760167ca0 flushing  nmethod 0x00007f87489f6888
Event: 168.360 Thread 0x00007f8760167ca0 flushing  nmethod 0x00007f87489f8788
Event: 168.360 Thread 0x00007f8760167ca0 flushing  nmethod 0x00007f87489f8e08
Event: 168.360 Thread 0x00007f8760167ca0 flushing  nmethod 0x00007f87489fa288
Event: 168.360 Thread 0x00007f8760167ca0 flushing  nmethod 0x00007f8748a24208
Event: 168.360 Thread 0x00007f8760167ca0 flushing  nmethod 0x00007f8748a24e08
Event: 168.360 Thread 0x00007f8760167ca0 flushing  nmethod 0x00007f8748a25988
Event: 168.360 Thread 0x00007f8760167ca0 flushing  nmethod 0x00007f8748a29408
Event: 168.360 Thread 0x00007f8760167ca0 flushing  nmethod 0x00007f8748a7e008
Event: 168.360 Thread 0x00007f8760167ca0 flushing  nmethod 0x00007f8748a7f608
Event: 168.360 Thread 0x00007f8760167ca0 flushing  nmethod 0x00007f8748bc0088
Event: 168.360 Thread 0x00007f8760167ca0 flushing  nmethod 0x00007f8748bc2e88
Event: 168.360 Thread 0x00007f8760167ca0 flushing  nmethod 0x00007f8748e4b688
Event: 168.360 Thread 0x00007f8760167ca0 flushing  nmethod 0x00007f8748f63608
Event: 168.360 Thread 0x00007f8760167ca0 flushing  nmethod 0x00007f8748fce888
Event: 168.360 Thread 0x00007f8760167ca0 flushing  nmethod 0x00007f8749030d88
Event: 168.360 Thread 0x00007f8760167ca0 flushing  nmethod 0x00007f8749035308
Event: 168.360 Thread 0x00007f8760167ca0 flushing  nmethod 0x00007f8749080808

Events (20 events):
Event: 165.240 Thread 0x00007f86a4178780 Thread added: 0x00007f8638004db0
Event: 165.285 Thread 0x00007f8638004db0 Thread exited: 0x00007f8638004db0
Event: 165.629 Thread 0x00007f86a4178780 Thread added: 0x00007f8638050780
Event: 165.630 Thread 0x00007f86a4178780 Thread added: 0x00007f86380030d0
Event: 165.631 Thread 0x00007f86a4178780 Thread added: 0x00007f86380038b0
Event: 165.814 Thread 0x00007f86a4178780 Thread added: 0x00007f8638007450
Event: 165.844 Thread 0x00007f86a4178780 Thread added: 0x00007f863804f670
Event: 165.845 Thread 0x00007f86a4178780 Thread added: 0x00007f863840c870
Event: 165.845 Thread 0x00007f86a4178780 Thread added: 0x00007f86382f9040
Event: 165.845 Thread 0x00007f86a4178780 Thread added: 0x00007f86382f9820
Event: 165.845 Thread 0x00007f86a4178780 Thread added: 0x00007f8638007e90
Event: 165.846 Thread 0x00007f86a4178780 Thread added: 0x00007f8638008bd0
Event: 165.846 Thread 0x00007f86a4178780 Thread added: 0x00007f86380099a0
Event: 165.846 Thread 0x00007f86a4178780 Thread added: 0x00007f86384602a0
Event: 165.846 Thread 0x00007f86a4178780 Thread added: 0x00007f8638461080
Event: 165.846 Thread 0x00007f86a4178780 Thread added: 0x00007f8638461e60
Event: 165.847 Thread 0x00007f86a4178780 Thread added: 0x00007f8638465c60
Event: 165.847 Thread 0x00007f86a4178780 Thread added: 0x00007f8638466a50
Event: 165.863 Thread 0x00007f86a4178780 Thread exited: 0x00007f86a4178780
Event: 165.863 Thread 0x00007f8640001920 Thread exited: 0x00007f8640001920


Dynamic libraries:
70b000000-70e400000 rw-p 00000000 00:00 0 
70e400000-717600000 ---p 00000000 00:00 0 
717600000-718200000 rw-p 00000000 00:00 0 
718200000-71a400000 ---p 00000000 00:00 0 
71a400000-71a600000 rw-p 00000000 00:00 0 
71a600000-7ff600000 ---p 00000000 00:00 0 
7ff600000-7ffe00000 rw-p 00000000 00:00 0 
7ffe00000-800000000 ---p 00000000 00:00 0 
6434cd425000-6434cd426000 r-xp 00000000 08:05 3167863                    /usr/lib/jvm/jdk-24.0.2-oracle-x64/bin/java
6434cd427000-6434cd428000 r--p 00001000 08:05 3167863                    /usr/lib/jvm/jdk-24.0.2-oracle-x64/bin/java
6434cd428000-6434cd429000 rw-p 00002000 08:05 3167863                    /usr/lib/jvm/jdk-24.0.2-oracle-x64/bin/java
6434f626a000-6434f7228000 rw-p 00000000 00:00 0                          [heap]
7f8608000000-7f8608021000 rw-p 00000000 00:00 0 
7f8608021000-7f860c000000 ---p 00000000 00:00 0 
7f860e200000-7f860e201000 r--p 00000000 08:05 3173111                    /usr/lib/x86_64-linux-gnu/libicudata.so.70.1
7f860e201000-7f860e202000 r-xp 00001000 08:05 3173111                    /usr/lib/x86_64-linux-gnu/libicudata.so.70.1
7f860e202000-7f860fe1c000 r--p 00002000 08:05 3173111                    /usr/lib/x86_64-linux-gnu/libicudata.so.70.1
7f860fe1c000-7f860fe1d000 r--p 01c1b000 08:05 3173111                    /usr/lib/x86_64-linux-gnu/libicudata.so.70.1
7f860fe1d000-7f860fe1e000 rw-p 01c1c000 08:05 3173111                    /usr/lib/x86_64-linux-gnu/libicudata.so.70.1
7f8610000000-7f861299c000 rw-p 00000000 00:00 0 
7f861299c000-7f8614000000 ---p 00000000 00:00 0 
7f8614000000-7f8614021000 rw-p 00000000 00:00 0 
7f8614021000-7f8618000000 ---p 00000000 00:00 0 
7f8618000000-7f8618021000 rw-p 00000000 00:00 0 
7f8618021000-7f861c000000 ---p 00000000 00:00 0 
7f861c000000-7f861c021000 rw-p 00000000 00:00 0 
7f861c021000-7f8620000000 ---p 00000000 00:00 0 
7f8620000000-7f8620021000 rw-p 00000000 00:00 0 
7f8620021000-7f8624000000 ---p 00000000 00:00 0 
7f8624000000-7f862402e000 rw-p 00000000 00:00 0 
7f862402e000-7f8628000000 ---p 00000000 00:00 0 
7f8628000000-7f8628021000 rw-p 00000000 00:00 0 
7f8628021000-7f862c000000 ---p 00000000 00:00 0 
7f862c000000-7f862c021000 rw-p 00000000 00:00 0 
7f862c021000-7f8630000000 ---p 00000000 00:00 0 
7f8630000000-7f863017d000 rw-p 00000000 00:00 0 
7f863017d000-7f8634000000 ---p 00000000 00:00 0 
7f8634000000-7f8634021000 rw-p 00000000 00:00 0 
7f8634021000-7f8638000000 ---p 00000000 00:00 0 
7f8638000000-7f863846c000 rw-p 00000000 00:00 0 
7f863846c000-7f863c000000 ---p 00000000 00:00 0 
7f863c000000-7f863c02b000 rw-p 00000000 00:00 0 
7f863c02b000-7f8640000000 ---p 00000000 00:00 0 
7f8640000000-7f8640021000 rw-p 00000000 00:00 0 
7f8640021000-7f8644000000 ---p 00000000 00:00 0 
7f8644000000-7f864417f000 rw-p 00000000 00:00 0 
7f864417f000-7f8648000000 ---p 00000000 00:00 0 
7f8648000000-7f8648021000 rw-p 00000000 00:00 0 
7f8648021000-7f864c000000 ---p 00000000 00:00 0 
7f864c000000-7f864c14f000 rw-p 00000000 00:00 0 
7f864c14f000-7f8650000000 ---p 00000000 00:00 0 
7f8650000000-7f8650105000 rw-p 00000000 00:00 0 
7f8650105000-7f8654000000 ---p 00000000 00:00 0 
7f8654000000-7f8654021000 rw-p 00000000 00:00 0 
7f8654021000-7f8658000000 ---p 00000000 00:00 0 
7f8658000000-7f8658021000 rw-p 00000000 00:00 0 
7f8658021000-7f865c000000 ---p 00000000 00:00 0 
7f865c000000-7f865c021000 rw-p 00000000 00:00 0 
7f865c021000-7f8660000000 ---p 00000000 00:00 0 
7f8660000000-7f8660169000 rw-p 00000000 00:00 0 
7f8660169000-7f8664000000 ---p 00000000 00:00 0 
7f8664000000-7f8664021000 rw-p 00000000 00:00 0 
7f8664021000-7f8668000000 ---p 00000000 00:00 0 
7f8668000000-7f8668021000 rw-p 00000000 00:00 0 
7f8668021000-7f866c000000 ---p 00000000 00:00 0 
7f866c000000-7f866c021000 rw-p 00000000 00:00 0 
7f866c021000-7f8670000000 ---p 00000000 00:00 0 
7f8670000000-7f8670021000 rw-p 00000000 00:00 0 
7f8670021000-7f8674000000 ---p 00000000 00:00 0 
7f8674000000-7f8674021000 rw-p 00000000 00:00 0 
7f8674021000-7f8678000000 ---p 00000000 00:00 0 
7f8678000000-7f8678021000 rw-p 00000000 00:00 0 
7f8678021000-7f867c000000 ---p 00000000 00:00 0 
7f867c000000-7f867c021000 rw-p 00000000 00:00 0 
7f867c021000-7f8680000000 ---p 00000000 00:00 0 
7f8680000000-7f8680021000 rw-p 00000000 00:00 0 
7f8680021000-7f8684000000 ---p 00000000 00:00 0 
7f8684000000-7f8684021000 rw-p 00000000 00:00 0 
7f8684021000-7f8688000000 ---p 00000000 00:00 0 
7f8688000000-7f8688021000 rw-p 00000000 00:00 0 
7f8688021000-7f868c000000 ---p 00000000 00:00 0 
7f868c000000-7f868c1a8000 rw-p 00000000 00:00 0 
7f868c1a8000-7f8690000000 ---p 00000000 00:00 0 
7f8690000000-7f8690021000 rw-p 00000000 00:00 0 
7f8690021000-7f8694000000 ---p 00000000 00:00 0 
7f8694000000-7f8694c74000 rw-p 00000000 00:00 0 
7f8694c74000-7f8698000000 ---p 00000000 00:00 0 
7f8698000000-7f8698e3a000 rw-p 00000000 00:00 0 
7f8698e3a000-7f869c000000 ---p 00000000 00:00 0 
7f869c000000-7f869c021000 rw-p 00000000 00:00 0 
7f869c021000-7f86a0000000 ---p 00000000 00:00 0 
7f86a0000000-7f86a0021000 rw-p 00000000 00:00 0 
7f86a0021000-7f86a4000000 ---p 00000000 00:00 0 
7f86a4000000-7f86a7c30000 rw-p 00000000 00:00 0 
7f86a7c30000-7f86a8000000 ---p 00000000 00:00 0 
7f86a8000000-7f86a8021000 rw-p 00000000 00:00 0 
7f86a8021000-7f86ac000000 ---p 00000000 00:00 0 
7f86ac000000-7f86ac021000 rw-p 00000000 00:00 0 
7f86ac021000-7f86b0000000 ---p 00000000 00:00 0 
7f86b0000000-7f86b002f000 rw-p 00000000 00:00 0 
7f86b002f000-7f86b4000000 ---p 00000000 00:00 0 
7f86b4000000-7f86b4021000 rw-p 00000000 00:00 0 
7f86b4021000-7f86b8000000 ---p 00000000 00:00 0 
7f86b8000000-7f86b8021000 rw-p 00000000 00:00 0 
7f86b8021000-7f86bc000000 ---p 00000000 00:00 0 
7f86bc000000-7f86bd1e2000 rw-p 00000000 00:00 0 
7f86bd1e2000-7f86c0000000 ---p 00000000 00:00 0 
7f86c0000000-7f86c0033000 rw-p 00000000 00:00 0 
7f86c0033000-7f86c4000000 ---p 00000000 00:00 0 
7f86c4000000-7f86c4021000 rw-p 00000000 00:00 0 
7f86c4021000-7f86c8000000 ---p 00000000 00:00 0 
7f86c8000000-7f86cbffd000 rw-p 00000000 00:00 0 
7f86cbffd000-7f86cc000000 ---p 00000000 00:00 0 
7f86cc000000-7f86cc021000 rw-p 00000000 00:00 0 
7f86cc021000-7f86d0000000 ---p 00000000 00:00 0 
7f86d0000000-7f86d0021000 rw-p 00000000 00:00 0 
7f86d0021000-7f86d4000000 ---p 00000000 00:00 0 
7f86d4000000-7f86d43f0000 rw-p 00000000 00:00 0 
7f86d43f0000-7f86d44b0000 rw-p 00000000 00:00 0 
7f86d44b0000-7f86d44f0000 rw-p 00000000 00:00 0 
7f86d44f0000-7f86d46f0000 rw-p 00000000 00:00 0 
7f86d46f0000-7f86d47f0000 rw-p 00000000 00:00 0 
7f86d47f0000-7f86d4af0000 rw-p 00000000 00:00 0 
7f86d4af0000-7f86d4bf0000 rw-p 00000000 00:00 0 
7f86d4bf0000-7f86d51d0000 rw-p 00000000 00:00 0 
7f86d51d0000-7f86d51f0000 rw-p 00000000 00:00 0 
7f86d51f0000-7f86d5370000 rw-p 00000000 00:00 0 
7f86d5370000-7f86d53f0000 rw-p 00000000 00:00 0 
7f86d53f0000-7f86d58f0000 rw-p 00000000 00:00 0 
7f86d58f0000-7f86d59f0000 rw-p 00000000 00:00 0 
7f86d59f0000-7f86d5ef0000 rw-p 00000000 00:00 0 
7f86d5ef0000-7f86d60f0000 rw-p 00000000 00:00 0 
7f86d60f0000-7f86d61f0000 rw-p 00000000 00:00 0 
7f86d61f0000-7f86d64f0000 rw-p 00000000 00:00 0 
7f86d64f0000-7f86d65f0000 rw-p 00000000 00:00 0 
7f86d65f0000-7f86d6600000 ---p 00000000 00:00 0 
7f86d6600000-7f86d6670000 rw-p 00000000 00:00 0 
7f86d6670000-7f86d8000000 ---p 00000000 00:00 0 
7f86d8000000-7f86d8021000 rw-p 00000000 00:00 0 
7f86d8021000-7f86dc000000 ---p 00000000 00:00 0 
7f86dc000000-7f86dc021000 rw-p 00000000 00:00 0 
7f86dc021000-7f86e0000000 ---p 00000000 00:00 0 
7f86e0000000-7f86e066b000 rw-p 00000000 00:00 0 
7f86e066b000-7f86e4000000 ---p 00000000 00:00 0 
7f86e5605000-7f86e566b000 r--p 00000000 08:05 3173121                    /usr/lib/x86_64-linux-gnu/libicuuc.so.70.1
7f86e566b000-7f86e575e000 r-xp 00066000 08:05 3173121                    /usr/lib/x86_64-linux-gnu/libicuuc.so.70.1
7f86e575e000-7f86e57ea000 r--p 00159000 08:05 3173121                    /usr/lib/x86_64-linux-gnu/libicuuc.so.70.1
7f86e57ea000-7f86e57fd000 r--p 001e4000 08:05 3173121                    /usr/lib/x86_64-linux-gnu/libicuuc.so.70.1
7f86e57fd000-7f86e57fe000 rw-p 001f7000 08:05 3173121                    /usr/lib/x86_64-linux-gnu/libicuuc.so.70.1
7f86e57fe000-7f86e5800000 rw-p 00000000 00:00 0 
7f86e5800000-7f86e589a000 r--p 00000000 08:05 3147881                    /usr/lib/x86_64-linux-gnu/libstdc++.so.6.0.30
7f86e589a000-7f86e59ab000 r-xp 0009a000 08:05 3147881                    /usr/lib/x86_64-linux-gnu/libstdc++.so.6.0.30
7f86e59ab000-7f86e5a1a000 r--p 001ab000 08:05 3147881                    /usr/lib/x86_64-linux-gnu/libstdc++.so.6.0.30
7f86e5a1a000-7f86e5a1b000 ---p 0021a000 08:05 3147881                    /usr/lib/x86_64-linux-gnu/libstdc++.so.6.0.30
7f86e5a1b000-7f86e5a26000 r--p 0021a000 08:05 3147881                    /usr/lib/x86_64-linux-gnu/libstdc++.so.6.0.30
7f86e5a26000-7f86e5a29000 rw-p 00225000 08:05 3147881                    /usr/lib/x86_64-linux-gnu/libstdc++.so.6.0.30
7f86e5a29000-7f86e5a2c000 rw-p 00000000 00:00 0 
7f86e5c00000-7f86e5c28000 r--p 00000000 08:05 3168679                    /usr/lib/x86_64-linux-gnu/liblept.so.5.0.4
7f86e5c28000-7f86e5e06000 r-xp 00028000 08:05 3168679                    /usr/lib/x86_64-linux-gnu/liblept.so.5.0.4
7f86e5e06000-7f86e5ea4000 r--p 00206000 08:05 3168679                    /usr/lib/x86_64-linux-gnu/liblept.so.5.0.4
7f86e5ea4000-7f86e5ea5000 r--p 002a4000 08:05 3168679                    /usr/lib/x86_64-linux-gnu/liblept.so.5.0.4
7f86e5ea5000-7f86e5eab000 rw-p 002a5000 08:05 3168679                    /usr/lib/x86_64-linux-gnu/liblept.so.5.0.4
7f86e5f00000-7f86e5f04000 ---p 00000000 00:00 0 
7f86e5f04000-7f86e6000000 rw-p 00000000 00:00 0 
7f86e6000000-7f86e6d1c000 rw-p 00001000 08:05 3168443                    /usr/lib/jvm/jdk-24.0.2-oracle-x64/lib/server/classes.jsa
7f86e6d1c000-7f86e7000000 ---p 00000000 00:00 0 
7f86e7000000-7f86e7010000 rw-p 00000000 00:00 0 
7f86e7010000-7f86e7030000 rw-p 00000000 00:00 0 
7f86e7030000-7f86e70b0000 rw-p 00000000 00:00 0 
7f86e70b0000-7f86e70f0000 rw-p 00000000 00:00 0 
7f86e70f0000-7f86e7330000 rw-p 00000000 00:00 0 
7f86e7330000-7f86e7370000 rw-p 00000000 00:00 0 
7f86e7370000-7f86e74a0000 rw-p 00000000 00:00 0 
7f86e74a0000-7f86e74c0000 ---p 00000000 00:00 0 
7f86e74c0000-7f86e74d0000 rw-p 00000000 00:00 0 
7f86e74d0000-7f8727000000 ---p 00000000 00:00 0 
7f872709a000-7f87270cf000 r-xp 00000000 08:05 3168410                    /usr/lib/jvm/jdk-24.0.2-oracle-x64/lib/libjavajpeg.so
7f87270cf000-7f87270d0000 r--p 00034000 08:05 3168410                    /usr/lib/jvm/jdk-24.0.2-oracle-x64/lib/libjavajpeg.so
7f87270d0000-7f87270d1000 rw-p 00035000 08:05 3168410                    /usr/lib/jvm/jdk-24.0.2-oracle-x64/lib/libjavajpeg.so
7f87270d1000-7f87270d4000 r--p 00000000 08:05 3172832                    /usr/lib/x86_64-linux-gnu/libopenjp2.so.2.4.0
7f87270d4000-7f8727117000 r-xp 00003000 08:05 3172832                    /usr/lib/x86_64-linux-gnu/libopenjp2.so.2.4.0
7f8727117000-7f8727126000 r--p 00046000 08:05 3172832                    /usr/lib/x86_64-linux-gnu/libopenjp2.so.2.4.0
7f8727126000-7f8727127000 ---p 00055000 08:05 3172832                    /usr/lib/x86_64-linux-gnu/libopenjp2.so.2.4.0
7f8727127000-7f8727128000 r--p 00055000 08:05 3172832                    /usr/lib/x86_64-linux-gnu/libopenjp2.so.2.4.0
7f8727128000-7f8727129000 rw-p 00056000 08:05 3172832                    /usr/lib/x86_64-linux-gnu/libopenjp2.so.2.4.0
7f8727129000-7f872712b000 r--p 00000000 08:05 3172834                    /usr/lib/x86_64-linux-gnu/libwebp.so.7.1.3
7f872712b000-7f8727181000 r-xp 00002000 08:05 3172834                    /usr/lib/x86_64-linux-gnu/libwebp.so.7.1.3
7f8727181000-7f8727192000 r--p 00058000 08:05 3172834                    /usr/lib/x86_64-linux-gnu/libwebp.so.7.1.3
7f8727192000-7f8727193000 r--p 00068000 08:05 3172834                    /usr/lib/x86_64-linux-gnu/libwebp.so.7.1.3
7f8727193000-7f8727194000 rw-p 00069000 08:05 3172834                    /usr/lib/x86_64-linux-gnu/libwebp.so.7.1.3
7f8727194000-7f8727196000 rw-p 00000000 00:00 0 
7f8727196000-7f872719f000 r--p 00000000 08:05 3173373                    /usr/lib/x86_64-linux-gnu/libtiff.so.5.7.0
7f872719f000-7f87271e7000 r-xp 00009000 08:05 3173373                    /usr/lib/x86_64-linux-gnu/libtiff.so.5.7.0
7f87271e7000-7f8727218000 r--p 00051000 08:05 3173373                    /usr/lib/x86_64-linux-gnu/libtiff.so.5.7.0
7f8727218000-7f872721d000 r--p 00081000 08:05 3173373                    /usr/lib/x86_64-linux-gnu/libtiff.so.5.7.0
7f872721d000-7f872721e000 rw-p 00086000 08:05 3173373                    /usr/lib/x86_64-linux-gnu/libtiff.so.5.7.0
7f872721e000-7f872724d000 r--p 00000000 08:05 3173325                    /usr/lib/x86_64-linux-gnu/libxml2.so.2.9.13
7f872724d000-7f87273a0000 r-xp 0002f000 08:05 3173325                    /usr/lib/x86_64-linux-gnu/libxml2.so.2.9.13
7f87273a0000-7f87273f4000 r--p 00182000 08:05 3173325                    /usr/lib/x86_64-linux-gnu/libxml2.so.2.9.13
7f87273f4000-7f87273f5000 ---p 001d6000 08:05 3173325                    /usr/lib/x86_64-linux-gnu/libxml2.so.2.9.13
7f87273f5000-7f87273fe000 r--p 001d6000 08:05 3173325                    /usr/lib/x86_64-linux-gnu/libxml2.so.2.9.13
7f87273fe000-7f87273ff000 rw-p 001df000 08:05 3173325                    /usr/lib/x86_64-linux-gnu/libxml2.so.2.9.13
7f87273ff000-7f8727400000 rw-p 00000000 00:00 0 
7f8727400000-7f8727465000 r--p 00000000 08:05 3168684                    /usr/lib/x86_64-linux-gnu/libtesseract.so.4.0.1
7f8727465000-7f872764e000 r-xp 00065000 08:05 3168684                    /usr/lib/x86_64-linux-gnu/libtesseract.so.4.0.1
7f872764e000-7f8727701000 r--p 0024e000 08:05 3168684                    /usr/lib/x86_64-linux-gnu/libtesseract.so.4.0.1
7f8727701000-7f8727706000 r--p 00300000 08:05 3168684                    /usr/lib/x86_64-linux-gnu/libtesseract.so.4.0.1
7f8727706000-7f8727707000 rw-p 00305000 08:05 3168684                    /usr/lib/x86_64-linux-gnu/libtesseract.so.4.0.1
7f8727707000-7f872770a000 rw-p 00000000 00:00 0 
7f8727720000-7f8727721000 r--p 00000000 08:05 3172702                    /usr/lib/x86_64-linux-gnu/libdeflate.so.0
7f8727721000-7f872773d000 r-xp 00001000 08:05 3172702                    /usr/lib/x86_64-linux-gnu/libdeflate.so.0
7f872773d000-7f8727741000 r--p 0001d000 08:05 3172702                    /usr/lib/x86_64-linux-gnu/libdeflate.so.0
7f8727741000-7f8727742000 ---p 00021000 08:05 3172702                    /usr/lib/x86_64-linux-gnu/libdeflate.so.0
7f8727742000-7f8727743000 r--p 00021000 08:05 3172702                    /usr/lib/x86_64-linux-gnu/libdeflate.so.0
7f8727743000-7f8727744000 rw-p 00022000 08:05 3172702                    /usr/lib/x86_64-linux-gnu/libdeflate.so.0
7f8727744000-7f8727748000 r--p 00000000 08:05 3173174                    /usr/lib/x86_64-linux-gnu/libjpeg.so.8.2.2
7f8727748000-7f8727791000 r-xp 00004000 08:05 3173174                    /usr/lib/x86_64-linux-gnu/libjpeg.so.8.2.2
7f8727791000-7f87277c3000 r--p 0004d000 08:05 3173174                    /usr/lib/x86_64-linux-gnu/libjpeg.so.8.2.2
7f87277c3000-7f87277c4000 r--p 0007e000 08:05 3173174                    /usr/lib/x86_64-linux-gnu/libjpeg.so.8.2.2
7f87277c4000-7f87277c5000 rw-p 0007f000 08:05 3173174                    /usr/lib/x86_64-linux-gnu/libjpeg.so.8.2.2
7f87277c5000-7f87277ca000 r--p 00000000 08:05 3173470                    /usr/lib/x86_64-linux-gnu/libpng16.so.16.37.0
7f87277ca000-7f87277f3000 r-xp 00005000 08:05 3173470                    /usr/lib/x86_64-linux-gnu/libpng16.so.16.37.0
7f87277f3000-7f87277fe000 r--p 0002e000 08:05 3173470                    /usr/lib/x86_64-linux-gnu/libpng16.so.16.37.0
7f87277fe000-7f87277ff000 r--p 00038000 08:05 3173470                    /usr/lib/x86_64-linux-gnu/libpng16.so.16.37.0
7f87277ff000-7f8727800000 rw-p 00039000 08:05 3173470                    /usr/lib/x86_64-linux-gnu/libpng16.so.16.37.0
7f8727800000-7f872781e000 r-xp 00000000 08:05 8653189                    /home/spartanluck/.cache/JNA/temp/jna584207336624093724.tmp (deleted)
7f872781e000-7f8727a1d000 ---p 0001e000 08:05 8653189                    /home/spartanluck/.cache/JNA/temp/jna584207336624093724.tmp (deleted)
7f8727a1d000-7f8727a1e000 rw-p 0001d000 08:05 8653189                    /home/spartanluck/.cache/JNA/temp/jna584207336624093724.tmp (deleted)
7f8727a1e000-7f8727a1f000 rw-p 00000000 00:00 0 
7f8727a36000-7f8727a38000 r--p 00000000 08:05 3173168                    /usr/lib/x86_64-linux-gnu/libjbig.so.0
7f8727a38000-7f8727a41000 r-xp 00002000 08:05 3173168                    /usr/lib/x86_64-linux-gnu/libjbig.so.0
7f8727a41000-7f8727a43000 r--p 0000b000 08:05 3173168                    /usr/lib/x86_64-linux-gnu/libjbig.so.0
7f8727a43000-7f8727a44000 r--p 0000c000 08:05 3173168                    /usr/lib/x86_64-linux-gnu/libjbig.so.0
7f8727a44000-7f8727a47000 rw-p 0000d000 08:05 3173168                    /usr/lib/x86_64-linux-gnu/libjbig.so.0
7f8727a47000-7f8727a49000 r--p 00000000 08:05 3170141                    /usr/lib/x86_64-linux-gnu/libwebpmux.so.3.0.8
7f8727a49000-7f8727a50000 r-xp 00002000 08:05 3170141                    /usr/lib/x86_64-linux-gnu/libwebpmux.so.3.0.8
7f8727a50000-7f8727a52000 r--p 00009000 08:05 3170141                    /usr/lib/x86_64-linux-gnu/libwebpmux.so.3.0.8
7f8727a52000-7f8727a53000 r--p 0000a000 08:05 3170141                    /usr/lib/x86_64-linux-gnu/libwebpmux.so.3.0.8
7f8727a53000-7f8727a54000 rw-p 0000b000 08:05 3170141                    /usr/lib/x86_64-linux-gnu/libwebpmux.so.3.0.8
7f8727a54000-7f8727a56000 r--p 00000000 08:05 3172572                    /usr/lib/x86_64-linux-gnu/libbz2.so.1.0.4
7f8727a56000-7f8727a63000 r-xp 00002000 08:05 3172572                    /usr/lib/x86_64-linux-gnu/libbz2.so.1.0.4
7f8727a63000-7f8727a65000 r--p 0000f000 08:05 3172572                    /usr/lib/x86_64-linux-gnu/libbz2.so.1.0.4
7f8727a65000-7f8727a66000 r--p 00010000 08:05 3172572                    /usr/lib/x86_64-linux-gnu/libbz2.so.1.0.4
7f8727a66000-7f8727a67000 rw-p 00011000 08:05 3172572                    /usr/lib/x86_64-linux-gnu/libbz2.so.1.0.4
7f8727a67000-7f8727a71000 r--p 00000000 08:05 3173935                    /usr/lib/x86_64-linux-gnu/libzstd.so.1.4.8
7f8727a71000-7f8727b23000 r-xp 0000a000 08:05 3173935                    /usr/lib/x86_64-linux-gnu/libzstd.so.1.4.8
7f8727b23000-7f8727b34000 r--p 000bc000 08:05 3173935                    /usr/lib/x86_64-linux-gnu/libzstd.so.1.4.8
7f8727b34000-7f8727b35000 r--p 000cc000 08:05 3173935                    /usr/lib/x86_64-linux-gnu/libzstd.so.1.4.8
7f8727b35000-7f8727b36000 rw-p 000cd000 08:05 3173935                    /usr/lib/x86_64-linux-gnu/libzstd.so.1.4.8
7f8727b36000-7f8727b48000 r--p 00000000 08:05 3174199                    /usr/lib/x86_64-linux-gnu/libarchive.so.13.6.0
7f8727b48000-7f8727bd2000 r-xp 00012000 08:05 3174199                    /usr/lib/x86_64-linux-gnu/libarchive.so.13.6.0
7f8727bd2000-7f8727bfb000 r--p 0009c000 08:05 3174199                    /usr/lib/x86_64-linux-gnu/libarchive.so.13.6.0
7f8727bfb000-7f8727bff000 r--p 000c4000 08:05 3174199                    /usr/lib/x86_64-linux-gnu/libarchive.so.13.6.0
7f8727bff000-7f8727c00000 rw-p 000c8000 08:05 3174199                    /usr/lib/x86_64-linux-gnu/libarchive.so.13.6.0
7f8727c00000-7f8727c04000 ---p 00000000 00:00 0 
7f8727c04000-7f8727d00000 rw-p 00000000 00:00 0 
7f8727d00000-7f8727d04000 ---p 00000000 00:00 0 
7f8727d04000-7f8727e00000 rw-p 00000000 00:00 0 
7f8727e00000-7f8727e04000 ---p 00000000 00:00 0 
7f8727e04000-7f8727f00000 rw-p 00000000 00:00 0 
7f8727f00000-7f8727f04000 ---p 00000000 00:00 0 
7f8727f04000-7f8728000000 rw-p 00000000 00:00 0 
7f8728000000-7f8728021000 rw-p 00000000 00:00 0 
7f8728021000-7f872c000000 ---p 00000000 00:00 0 
7f872c000000-7f872c021000 rw-p 00000000 00:00 0 
7f872c021000-7f8730000000 ---p 00000000 00:00 0 
7f8730000000-7f8730021000 rw-p 00000000 00:00 0 
7f8730021000-7f8734000000 ---p 00000000 00:00 0 
7f8734002000-7f87340c3000 r-xp 00000000 08:05 3168398                    /usr/lib/jvm/jdk-24.0.2-oracle-x64/lib/libawt.so
7f87340c3000-7f87340c4000 ---p 000c1000 08:05 3168398                    /usr/lib/jvm/jdk-24.0.2-oracle-x64/lib/libawt.so
7f87340c4000-7f87340c5000 r--p 000c1000 08:05 3168398                    /usr/lib/jvm/jdk-24.0.2-oracle-x64/lib/libawt.so
7f87340c5000-7f87340d0000 rw-p 000c2000 08:05 3168398                    /usr/lib/jvm/jdk-24.0.2-oracle-x64/lib/libawt.so
7f87340d0000-7f87340f5000 rw-p 00000000 00:00 0 
7f87340f5000-7f87340f9000 ---p 00000000 00:00 0 
7f87340f9000-7f87341f5000 rw-p 00000000 00:00 0 
7f87341f5000-7f87341f9000 ---p 00000000 00:00 0 
7f87341f9000-7f87342f5000 rw-p 00000000 00:00 0 
7f87342f5000-7f87342f9000 ---p 00000000 00:00 0 
7f87342f9000-7f87343f5000 rw-p 00000000 00:00 0 
7f87343f5000-7f87343f9000 ---p 00000000 00:00 0 
7f87343f9000-7f87344f5000 rw-p 00000000 00:00 0 
7f87344f5000-7f87344f9000 ---p 00000000 00:00 0 
7f87344f9000-7f87345f5000 rw-p 00000000 00:00 0 
7f87345f5000-7f87345f9000 ---p 00000000 00:00 0 
7f87345f9000-7f87346f5000 rw-p 00000000 00:00 0 
7f87346f5000-7f87346f9000 ---p 00000000 00:00 0 
7f87346f9000-7f87347f5000 rw-p 00000000 00:00 0 
7f87347f5000-7f87347f9000 ---p 00000000 00:00 0 
7f87347f9000-7f87348f5000 rw-p 00000000 00:00 0 
7f87348f5000-7f87348f9000 ---p 00000000 00:00 0 
7f87348f9000-7f87349f5000 rw-p 00000000 00:00 0 
7f87349f5000-7f87349f9000 ---p 00000000 00:00 0 
7f87349f9000-7f8734af5000 rw-p 00000000 00:00 0 
7f8734af5000-7f8734af9000 ---p 00000000 00:00 0 
7f8734af9000-7f8734bf5000 rw-p 00000000 00:00 0 
7f8734bf5000-7f8734bf9000 ---p 00000000 00:00 0 
7f8734bf9000-7f8734cf5000 rw-p 00000000 00:00 0 
7f8734cf5000-7f8734cf9000 ---p 00000000 00:00 0 
7f8734cf9000-7f8734df5000 rw-p 00000000 00:00 0 
7f8734df5000-7f8734df9000 ---p 00000000 00:00 0 
7f8734df9000-7f8734ef5000 rw-p 00000000 00:00 0 
7f8734ef5000-7f8734ef9000 ---p 00000000 00:00 0 
7f8734ef9000-7f8734ff5000 rw-p 00000000 00:00 0 
7f8734ff5000-7f8734ff9000 ---p 00000000 00:00 0 
7f8734ff9000-7f87350f5000 rw-p 00000000 00:00 0 
7f87350f5000-7f87350f6000 ---p 00000000 00:00 0 
7f87350f6000-7f87351f6000 rw-p 00000000 00:00 0 
7f87351f6000-7f87351f7000 ---p 00000000 00:00 0 
7f87351f7000-7f87352f7000 rw-p 00000000 00:00 0 
7f87352f7000-7f87352f8000 ---p 00000000 00:00 0 
7f87352f8000-7f87353f8000 rw-p 00000000 00:00 0 
7f87353f8000-7f87353f9000 ---p 00000000 00:00 0 
7f87353f9000-7f87354f9000 rw-p 00000000 00:00 0 
7f87354f9000-7f87354fa000 ---p 00000000 00:00 0 
7f87354fa000-7f87355fa000 rw-p 00000000 00:00 0 
7f87355fa000-7f87355fb000 ---p 00000000 00:00 0 
7f87355fb000-7f87356fb000 rw-p 00000000 00:00 0 
7f87356fb000-7f87356fc000 ---p 00000000 00:00 0 
7f87356fc000-7f87357fc000 rw-p 00000000 00:00 0 
7f87357fc000-7f87357fd000 ---p 00000000 00:00 0 
7f87357fd000-7f87358fd000 rw-p 00000000 00:00 0 
7f87358fd000-7f87358fe000 ---p 00000000 00:00 0 
7f87358fe000-7f87359fe000 rw-p 00000000 00:00 0 
7f87359fe000-7f87359ff000 ---p 00000000 00:00 0 
7f87359ff000-7f8735aff000 rw-p 00000000 00:00 0 
7f8735aff000-7f8735b00000 ---p 00000000 00:00 0 
7f8735b00000-7f8735c00000 rw-p 00000000 00:00 0 
7f8735c00000-7f8735c04000 ---p 00000000 00:00 0 
7f8735c04000-7f8735d00000 rw-p 00000000 00:00 0 
7f8735d00000-7f8735d04000 ---p 00000000 00:00 0 
7f8735d04000-7f8735e00000 rw-p 00000000 00:00 0 
7f8735e00000-7f8735e04000 ---p 00000000 00:00 0 
7f8735e04000-7f8735f00000 rw-p 00000000 00:00 0 
7f8735f00000-7f8735f04000 ---p 00000000 00:00 0 
7f8735f04000-7f8736000000 rw-p 00000000 00:00 0 
7f8736000000-7f8738000000 rw-p 00000000 00:00 0 
7f8738000000-7f8738021000 rw-p 00000000 00:00 0 
7f8738021000-7f873c000000 ---p 00000000 00:00 0 
7f873c000000-7f873c021000 rw-p 00000000 00:00 0 
7f873c021000-7f8740000000 ---p 00000000 00:00 0 
7f8740000000-7f8740021000 rw-p 00000000 00:00 0 
7f8740021000-7f8744000000 ---p 00000000 00:00 0 
7f8744005000-7f8744007000 r--p 00000000 08:05 3172657                    /usr/lib/x86_64-linux-gnu/libgif.so.7.1.0
7f8744007000-7f874400c000 r-xp 00002000 08:05 3172657                    /usr/lib/x86_64-linux-gnu/libgif.so.7.1.0
7f874400c000-7f874400e000 r--p 00007000 08:05 3172657                    /usr/lib/x86_64-linux-gnu/libgif.so.7.1.0
7f874400e000-7f874400f000 r--p 00008000 08:05 3172657                    /usr/lib/x86_64-linux-gnu/libgif.so.7.1.0
7f874400f000-7f8744010000 rw-p 00009000 08:05 3172657                    /usr/lib/x86_64-linux-gnu/libgif.so.7.1.0
7f8744010000-7f8744012000 r--p 00000000 08:05 3173219                    /usr/lib/x86_64-linux-gnu/liblz4.so.1.9.3
7f8744012000-7f874402b000 r-xp 00002000 08:05 3173219                    /usr/lib/x86_64-linux-gnu/liblz4.so.1.9.3
7f874402b000-7f874402d000 r--p 0001b000 08:05 3173219                    /usr/lib/x86_64-linux-gnu/liblz4.so.1.9.3
7f874402d000-7f874402e000 ---p 0001d000 08:05 3173219                    /usr/lib/x86_64-linux-gnu/liblz4.so.1.9.3
7f874402e000-7f874402f000 r--p 0001d000 08:05 3173219                    /usr/lib/x86_64-linux-gnu/liblz4.so.1.9.3
7f874402f000-7f8744030000 rw-p 0001e000 08:05 3173219                    /usr/lib/x86_64-linux-gnu/liblz4.so.1.9.3
7f8744030000-7f874403a000 r--p 00000000 08:05 3173312                    /usr/lib/x86_64-linux-gnu/libnettle.so.8.4
7f874403a000-7f874405d000 r-xp 0000a000 08:05 3173312                    /usr/lib/x86_64-linux-gnu/libnettle.so.8.4
7f874405d000-7f8744073000 r--p 0002d000 08:05 3173312                    /usr/lib/x86_64-linux-gnu/libnettle.so.8.4
7f8744073000-7f8744075000 r--p 00042000 08:05 3173312                    /usr/lib/x86_64-linux-gnu/libnettle.so.8.4
7f8744075000-7f8744076000 rw-p 00044000 08:05 3173312                    /usr/lib/x86_64-linux-gnu/libnettle.so.8.4
7f8744076000-7f8744080000 r--p 00000000 08:05 3147876                    /usr/lib/x86_64-linux-gnu/libgomp.so.1.0.0
7f8744080000-7f87440b1000 r-xp 0000a000 08:05 3147876                    /usr/lib/x86_64-linux-gnu/libgomp.so.1.0.0
7f87440b1000-7f87440be000 r--p 0003b000 08:05 3147876                    /usr/lib/x86_64-linux-gnu/libgomp.so.1.0.0
7f87440be000-7f87440bf000 r--p 00047000 08:05 3147876                    /usr/lib/x86_64-linux-gnu/libgomp.so.1.0.0
7f87440bf000-7f87440c0000 rw-p 00048000 08:05 3147876                    /usr/lib/x86_64-linux-gnu/libgomp.so.1.0.0
7f87440c0000-7f87440c4000 ---p 00000000 00:00 0 
7f87440c4000-7f87441c0000 rw-p 00000000 00:00 0 
7f87441c0000-7f87441c4000 ---p 00000000 00:00 0 
7f87441c4000-7f87442c0000 rw-p 00000000 00:00 0 
7f87442c0000-7f87442c4000 ---p 00000000 00:00 0 
7f87442c4000-7f87443c0000 rw-p 00000000 00:00 0 
7f87443c0000-7f87443c4000 ---p 00000000 00:00 0 
7f87443c4000-7f87444c0000 rw-p 00000000 00:00 0 
7f87444c0000-7f87444c4000 ---p 00000000 00:00 0 
7f87444c4000-7f87445c0000 rw-p 00000000 00:00 0 
7f87445c0000-7f87445c4000 ---p 00000000 00:00 0 
7f87445c4000-7f87446c0000 rw-p 00000000 00:00 0 
7f87446c0000-7f87446c4000 ---p 00000000 00:00 0 
7f87446c4000-7f87447c0000 rw-p 00000000 00:00 0 
7f87447c0000-7f87447c4000 ---p 00000000 00:00 0 
7f87447c4000-7f87448c0000 rw-p 00000000 00:00 0 
7f87448c0000-7f8744990000 rw-p 00000000 00:00 0 
7f8744990000-7f8744bd8000 ---p 00000000 00:00 0 
7f8744bd8000-7f8744c08000 rw-p 00000000 00:00 0 
7f8744c08000-7f8744c90000 ---p 00000000 00:00 0 
7f8744c90000-7f8744c98000 rw-p 00000000 00:00 0 
7f8744c98000-7f87485d8000 ---p 00000000 00:00 0 
7f87485d8000-7f87485f8000 rw-p 00000000 00:00 0 
7f87485f8000-7f8748600000 ---p 00000000 00:00 0 
7f8748600000-7f8749110000 rwxp 00000000 00:00 0 
7f8749110000-7f874fb37000 ---p 00000000 00:00 0 
7f874fb37000-7f874fda7000 rwxp 00000000 00:00 0 
7f874fda7000-7f87500c8000 ---p 00000000 00:00 0 
7f87500c8000-7f8750428000 rwxp 00000000 00:00 0 
7f8750428000-7f8757600000 ---p 00000000 00:00 0 
7f8757600000-7f875feb7000 r--s 00000000 08:05 3168435                    /usr/lib/jvm/jdk-24.0.2-oracle-x64/lib/modules
7f875feb9000-7f875febc000 r--p 00000000 08:05 3173221                    /usr/lib/x86_64-linux-gnu/liblzma.so.5.2.5
7f875febc000-7f875fed7000 r-xp 00003000 08:05 3173221                    /usr/lib/x86_64-linux-gnu/liblzma.so.5.2.5
7f875fed7000-7f875fee2000 r--p 0001e000 08:05 3173221                    /usr/lib/x86_64-linux-gnu/liblzma.so.5.2.5
7f875fee2000-7f875fee3000 r--p 00028000 08:05 3173221                    /usr/lib/x86_64-linux-gnu/liblzma.so.5.2.5
7f875fee3000-7f875fee4000 rw-p 00029000 08:05 3173221                    /usr/lib/x86_64-linux-gnu/liblzma.so.5.2.5
7f875fee4000-7f875fee6000 r--p 00000000 08:05 3172453                    /usr/lib/x86_64-linux-gnu/libacl.so.1.1.2301
7f875fee6000-7f875feea000 r-xp 00002000 08:05 3172453                    /usr/lib/x86_64-linux-gnu/libacl.so.1.1.2301
7f875feea000-7f875feeb000 r--p 00006000 08:05 3172453                    /usr/lib/x86_64-linux-gnu/libacl.so.1.1.2301
7f875feeb000-7f875feec000 ---p 00007000 08:05 3172453                    /usr/lib/x86_64-linux-gnu/libacl.so.1.1.2301
7f875feec000-7f875feed000 r--p 00007000 08:05 3172453                    /usr/lib/x86_64-linux-gnu/libacl.so.1.1.2301
7f875feed000-7f875feee000 rw-p 00008000 08:05 3172453                    /usr/lib/x86_64-linux-gnu/libacl.so.1.1.2301
7f875feee000-7f875fef1000 r--p 00000000 08:05 3147880                    /usr/lib/x86_64-linux-gnu/libgcc_s.so.1
7f875fef1000-7f875ff08000 r-xp 00003000 08:05 3147880                    /usr/lib/x86_64-linux-gnu/libgcc_s.so.1
7f875ff08000-7f875ff0c000 r--p 0001a000 08:05 3147880                    /usr/lib/x86_64-linux-gnu/libgcc_s.so.1
7f875ff0c000-7f875ff0d000 r--p 0001d000 08:05 3147880                    /usr/lib/x86_64-linux-gnu/libgcc_s.so.1
7f875ff0d000-7f875ff0e000 rw-p 0001e000 08:05 3147880                    /usr/lib/x86_64-linux-gnu/libgcc_s.so.1
7f875ff0e000-7f875ff12000 ---p 00000000 00:00 0 
7f875ff12000-7f875ff30000 rw-p 00000000 00:00 0 
7f875ff30000-7f875fffe000 r-xp 00000000 08:05 3168417                    /usr/lib/jvm/jdk-24.0.2-oracle-x64/lib/libjsvml.so
7f875fffe000-7f875ffff000 r--p 000cd000 08:05 3168417                    /usr/lib/jvm/jdk-24.0.2-oracle-x64/lib/libjsvml.so
7f875ffff000-7f8760000000 rw-p 000ce000 08:05 3168417                    /usr/lib/jvm/jdk-24.0.2-oracle-x64/lib/libjsvml.so
7f8760000000-7f876066b000 rw-p 00000000 00:00 0 
7f876066b000-7f8764000000 ---p 00000000 00:00 0 
7f8764000000-7f8764004000 ---p 00000000 00:00 0 
7f8764004000-7f8764100000 rw-p 00000000 00:00 0 
7f8764100000-7f8764104000 ---p 00000000 00:00 0 
7f8764104000-7f8764200000 rw-p 00000000 00:00 0 
7f8764200000-7f8764204000 ---p 00000000 00:00 0 
7f8764204000-7f8764300000 rw-p 00000000 00:00 0 
7f8764300000-7f8764304000 ---p 00000000 00:00 0 
7f8764304000-7f8764400000 rw-p 00000000 00:00 0 
7f8764400000-7f8764404000 ---p 00000000 00:00 0 
7f8764404000-7f8764500000 rw-p 00000000 00:00 0 
7f8764500000-7f8764504000 ---p 00000000 00:00 0 
7f8764504000-7f8764600000 rw-p 00000000 00:00 0 
7f8764600000-7f8764dec000 r--p 00000000 08:05 3182903                    /usr/lib/locale/locale-archive
7f8764e04000-7f8764e0c000 r-xp 00000000 08:05 3168399                    /usr/lib/jvm/jdk-24.0.2-oracle-x64/lib/libawt_headless.so
7f8764e0c000-7f8764e0d000 r--p 00007000 08:05 3168399                    /usr/lib/jvm/jdk-24.0.2-oracle-x64/lib/libawt_headless.so
7f8764e0d000-7f8764e0e000 rw-p 00008000 08:05 3168399                    /usr/lib/jvm/jdk-24.0.2-oracle-x64/lib/libawt_headless.so
7f8764e0e000-7f8764e13000 r-xp 00000000 08:05 3168422                    /usr/lib/jvm/jdk-24.0.2-oracle-x64/lib/libmanagement_ext.so
7f8764e13000-7f8764e14000 ---p 00005000 08:05 3168422                    /usr/lib/jvm/jdk-24.0.2-oracle-x64/lib/libmanagement_ext.so
7f8764e14000-7f8764e15000 r--p 00005000 08:05 3168422                    /usr/lib/jvm/jdk-24.0.2-oracle-x64/lib/libmanagement_ext.so
7f8764e15000-7f8764e16000 rw-p 00006000 08:05 3168422                    /usr/lib/jvm/jdk-24.0.2-oracle-x64/lib/libmanagement_ext.so
7f8764e16000-7f8764e1a000 r-xp 00000000 08:05 3168420                    /usr/lib/jvm/jdk-24.0.2-oracle-x64/lib/libmanagement.so
7f8764e1a000-7f8764e1b000 r--p 00003000 08:05 3168420                    /usr/lib/jvm/jdk-24.0.2-oracle-x64/lib/libmanagement.so
7f8764e1b000-7f8764e1c000 rw-p 00004000 08:05 3168420                    /usr/lib/jvm/jdk-24.0.2-oracle-x64/lib/libmanagement.so
7f8764e1c000-7f8764e23000 r-xp 00000000 08:05 3168434                    /usr/lib/jvm/jdk-24.0.2-oracle-x64/lib/libzip.so
7f8764e23000-7f8764e24000 ---p 00007000 08:05 3168434                    /usr/lib/jvm/jdk-24.0.2-oracle-x64/lib/libzip.so
7f8764e24000-7f8764e25000 r--p 00007000 08:05 3168434                    /usr/lib/jvm/jdk-24.0.2-oracle-x64/lib/libzip.so
7f8764e25000-7f8764e26000 rw-p 00008000 08:05 3168434                    /usr/lib/jvm/jdk-24.0.2-oracle-x64/lib/libzip.so
7f8764e26000-7f8764e64000 r-xp 00000000 08:05 3168430                    /usr/lib/jvm/jdk-24.0.2-oracle-x64/lib/libsimdsort.so
7f8764e64000-7f8764e65000 ---p 0003e000 08:05 3168430                    /usr/lib/jvm/jdk-24.0.2-oracle-x64/lib/libsimdsort.so
7f8764e65000-7f8764e66000 r--p 0003e000 08:05 3168430                    /usr/lib/jvm/jdk-24.0.2-oracle-x64/lib/libsimdsort.so
7f8764e66000-7f8764e67000 rw-p 0003f000 08:05 3168430                    /usr/lib/jvm/jdk-24.0.2-oracle-x64/lib/libsimdsort.so
7f8764e67000-7f8764f84000 rw-p 00000000 00:00 0 
7f8764f84000-7f8764f85000 ---p 00000000 00:00 0 
7f8764f85000-7f8764f89000 ---p 00000000 00:00 0 
7f8764f89000-7f8765085000 rw-p 00000000 00:00 0 
7f8765085000-7f8765086000 ---p 00000000 00:00 0 
7f8765086000-7f8765186000 rw-p 00000000 00:00 0 
7f8765186000-7f8765187000 ---p 00000000 00:00 0 
7f8765187000-7f8765287000 rw-p 00000000 00:00 0 
7f8765287000-7f8765292000 r-xp 00000000 08:05 3168424                    /usr/lib/jvm/jdk-24.0.2-oracle-x64/lib/libnet.so
7f8765292000-7f8765293000 ---p 0000b000 08:05 3168424                    /usr/lib/jvm/jdk-24.0.2-oracle-x64/lib/libnet.so
7f8765293000-7f8765294000 r--p 0000b000 08:05 3168424                    /usr/lib/jvm/jdk-24.0.2-oracle-x64/lib/libnet.so
7f8765294000-7f8765295000 rw-p 0000c000 08:05 3168424                    /usr/lib/jvm/jdk-24.0.2-oracle-x64/lib/libnet.so
7f8765295000-7f87652a8000 r-xp 00000000 08:05 3168425                    /usr/lib/jvm/jdk-24.0.2-oracle-x64/lib/libnio.so
7f87652a8000-7f87652a9000 ---p 00013000 08:05 3168425                    /usr/lib/jvm/jdk-24.0.2-oracle-x64/lib/libnio.so
7f87652a9000-7f87652aa000 r--p 00013000 08:05 3168425                    /usr/lib/jvm/jdk-24.0.2-oracle-x64/lib/libnio.so
7f87652aa000-7f87652ab000 rw-p 00014000 08:05 3168425                    /usr/lib/jvm/jdk-24.0.2-oracle-x64/lib/libnio.so
7f87652ab000-7f87652b0000 r-xp 00000000 08:05 3168401                    /usr/lib/jvm/jdk-24.0.2-oracle-x64/lib/libdt_socket.so
7f87652b0000-7f87652b1000 r--p 00004000 08:05 3168401                    /usr/lib/jvm/jdk-24.0.2-oracle-x64/lib/libdt_socket.so
7f87652b1000-7f87652b2000 rw-p 00005000 08:05 3168401                    /usr/lib/jvm/jdk-24.0.2-oracle-x64/lib/libdt_socket.so
7f87652b2000-7f87652b9000 r--s 00000000 08:05 3148254                    /usr/lib/x86_64-linux-gnu/gconv/gconv-modules.cache
7f87652b9000-7f87652ba000 ---p 00000000 00:00 0 
7f87652ba000-7f87653ba000 rw-p 00000000 00:00 0 
7f87653ba000-7f87653bb000 ---p 00000000 00:00 0 
7f87653bb000-7f87654bb000 rw-p 00000000 00:00 0 
7f87654bb000-7f8765ec5000 rw-p 00000000 00:00 0 
7f8765ec5000-7f8765ec6000 ---p 00000000 00:00 0 
7f8765ec6000-7f8765fc6000 rw-p 00000000 00:00 0 
7f8765fc6000-7f8765fc7000 ---p 00000000 00:00 0 
7f8765fc7000-7f87660c7000 rw-p 00000000 00:00 0 
7f87660c7000-7f87660c8000 ---p 00000000 00:00 0 
7f87660c8000-7f87661c8000 rw-p 00000000 00:00 0 
7f87661c8000-7f8766261000 rw-p 00000000 00:00 0 
7f8766261000-7f87662aa000 ---p 00000000 00:00 0 
7f87662aa000-7f87662b0000 rw-p 00000000 00:00 0 
7f87662b0000-7f87662c1000 ---p 00000000 00:00 0 
7f87662c1000-7f87662c2000 rw-p 00000000 00:00 0 
7f87662c2000-7f87669ea000 ---p 00000000 00:00 0 
7f87669ea000-7f87669ee000 rw-p 00000000 00:00 0 
7f87669ee000-7f87669ef000 ---p 00000000 00:00 0 
7f87669ef000-7f8766a09000 rw-p 00000000 00:00 0 
7f8766a09000-7f8766a52000 ---p 00000000 00:00 0 
7f8766a52000-7f8766a58000 rw-p 00000000 00:00 0 
7f8766a58000-7f8766a69000 ---p 00000000 00:00 0 
7f8766a69000-7f8766a6a000 rw-p 00000000 00:00 0 
7f8766a6a000-7f8767192000 ---p 00000000 00:00 0 
7f8767192000-7f8767196000 rw-p 00000000 00:00 0 
7f8767196000-7f8767197000 ---p 00000000 00:00 0 
7f8767197000-7f8767ba8000 rw-p 00000000 00:00 0 
7f8767ba8000-7f8767c8c000 ---p 00000000 00:00 0 
7f8767c8c000-7f8767ca3000 rw-p 00000000 00:00 0 
7f8767ca3000-7f8767d77000 ---p 00000000 00:00 0 
7f8767d77000-7f8767d96000 r-xp 00000000 08:05 3168409                    /usr/lib/jvm/jdk-24.0.2-oracle-x64/lib/libjava.so
7f8767d96000-7f8767d97000 ---p 0001f000 08:05 3168409                    /usr/lib/jvm/jdk-24.0.2-oracle-x64/lib/libjava.so
7f8767d97000-7f8767d98000 r--p 0001f000 08:05 3168409                    /usr/lib/jvm/jdk-24.0.2-oracle-x64/lib/libjava.so
7f8767d98000-7f8767d99000 rw-p 00020000 08:05 3168409                    /usr/lib/jvm/jdk-24.0.2-oracle-x64/lib/libjava.so
7f8767d99000-7f8767d9a000 rw-p 00000000 00:00 0 
7f8767d9a000-7f8767ddb000 r-xp 00000000 08:05 3168412                    /usr/lib/jvm/jdk-24.0.2-oracle-x64/lib/libjdwp.so
7f8767ddb000-7f8767ddc000 ---p 00041000 08:05 3168412                    /usr/lib/jvm/jdk-24.0.2-oracle-x64/lib/libjdwp.so
7f8767ddc000-7f8767ddd000 r--p 00041000 08:05 3168412                    /usr/lib/jvm/jdk-24.0.2-oracle-x64/lib/libjdwp.so
7f8767ddd000-7f8767dde000 rw-p 00042000 08:05 3168412                    /usr/lib/jvm/jdk-24.0.2-oracle-x64/lib/libjdwp.so
7f8767dde000-7f8767ddf000 rw-p 00000000 00:00 0 
7f8767ddf000-7f8767dfd000 r-xp 00000000 08:05 3168413                    /usr/lib/jvm/jdk-24.0.2-oracle-x64/lib/libjimage.so
7f8767dfd000-7f8767dff000 r--p 0001d000 08:05 3168413                    /usr/lib/jvm/jdk-24.0.2-oracle-x64/lib/libjimage.so
7f8767dff000-7f8767e00000 rw-p 0001f000 08:05 3168413                    /usr/lib/jvm/jdk-24.0.2-oracle-x64/lib/libjimage.so
7f8767e00000-7f8769180000 r-xp 00000000 08:05 3168446                    /usr/lib/jvm/jdk-24.0.2-oracle-x64/lib/server/libjvm.so
7f8769180000-7f8769181000 ---p 01380000 08:05 3168446                    /usr/lib/jvm/jdk-24.0.2-oracle-x64/lib/server/libjvm.so
7f8769181000-7f8769255000 r--p 01380000 08:05 3168446                    /usr/lib/jvm/jdk-24.0.2-oracle-x64/lib/server/libjvm.so
7f8769255000-7f8769283000 rw-p 01454000 08:05 3168446                    /usr/lib/jvm/jdk-24.0.2-oracle-x64/lib/server/libjvm.so
7f8769283000-7f87692fc000 rw-p 00000000 00:00 0 
7f8769300000-7f8769304000 ---p 00000000 00:00 0 
7f8769304000-7f8769400000 rw-p 00000000 00:00 0 
7f8769400000-7f8769428000 r--p 00000000 08:05 3147890                    /usr/lib/x86_64-linux-gnu/libc.so.6
7f8769428000-7f87695bd000 r-xp 00028000 08:05 3147890                    /usr/lib/x86_64-linux-gnu/libc.so.6
7f87695bd000-7f8769615000 r--p 001bd000 08:05 3147890                    /usr/lib/x86_64-linux-gnu/libc.so.6
7f8769615000-7f8769616000 ---p 00215000 08:05 3147890                    /usr/lib/x86_64-linux-gnu/libc.so.6
7f8769616000-7f876961a000 r--p 00215000 08:05 3147890                    /usr/lib/x86_64-linux-gnu/libc.so.6
7f876961a000-7f876961c000 rw-p 00219000 08:05 3147890                    /usr/lib/x86_64-linux-gnu/libc.so.6
7f876961c000-7f8769629000 rw-p 00000000 00:00 0 
7f876962b000-7f8769630000 rw-p 00000000 00:00 0 
7f8769630000-7f8769637000 ---p 00000000 00:00 0 
7f8769637000-7f8769645000 r--p 00000000 08:05 3147896                    /usr/lib/x86_64-linux-gnu/libm.so.6
7f8769645000-7f87696c1000 r-xp 0000e000 08:05 3147896                    /usr/lib/x86_64-linux-gnu/libm.so.6
7f87696c1000-7f876971c000 r--p 0008a000 08:05 3147896                    /usr/lib/x86_64-linux-gnu/libm.so.6
7f876971c000-7f876971d000 r--p 000e4000 08:05 3147896                    /usr/lib/x86_64-linux-gnu/libm.so.6
7f876971d000-7f876971e000 rw-p 000e5000 08:05 3147896                    /usr/lib/x86_64-linux-gnu/libm.so.6
7f876971e000-7f876971f000 r--p 00000000 08:05 3147934                    /usr/lib/x86_64-linux-gnu/librt.so.1
7f876971f000-7f8769720000 r-xp 00001000 08:05 3147934                    /usr/lib/x86_64-linux-gnu/librt.so.1
7f8769720000-7f8769721000 r--p 00002000 08:05 3147934                    /usr/lib/x86_64-linux-gnu/librt.so.1
7f8769721000-7f8769722000 r--p 00002000 08:05 3147934                    /usr/lib/x86_64-linux-gnu/librt.so.1
7f8769722000-7f8769723000 rw-p 00003000 08:05 3147934                    /usr/lib/x86_64-linux-gnu/librt.so.1
7f8769723000-7f8769727000 rw-p 00000000 00:00 0 
7f8769727000-7f8769728000 r--p 00000000 08:05 3147919                    /usr/lib/x86_64-linux-gnu/libpthread.so.0
7f8769728000-7f8769729000 r-xp 00001000 08:05 3147919                    /usr/lib/x86_64-linux-gnu/libpthread.so.0
7f8769729000-7f876972a000 r--p 00002000 08:05 3147919                    /usr/lib/x86_64-linux-gnu/libpthread.so.0
7f876972a000-7f876972b000 r--p 00002000 08:05 3147919                    /usr/lib/x86_64-linux-gnu/libpthread.so.0
7f876972b000-7f876972c000 rw-p 00003000 08:05 3147919                    /usr/lib/x86_64-linux-gnu/libpthread.so.0
7f876972c000-7f876972d000 r--p 00000000 08:05 3147893                    /usr/lib/x86_64-linux-gnu/libdl.so.2
7f876972d000-7f876972e000 r-xp 00001000 08:05 3147893                    /usr/lib/x86_64-linux-gnu/libdl.so.2
7f876972e000-7f876972f000 r--p 00002000 08:05 3147893                    /usr/lib/x86_64-linux-gnu/libdl.so.2
7f876972f000-7f8769730000 r--p 00002000 08:05 3147893                    /usr/lib/x86_64-linux-gnu/libdl.so.2
7f8769730000-7f8769731000 rw-p 00003000 08:05 3147893                    /usr/lib/x86_64-linux-gnu/libdl.so.2
7f8769731000-7f8769733000 r--p 00000000 08:05 3173927                    /usr/lib/x86_64-linux-gnu/libz.so.1.2.11
7f8769733000-7f8769744000 r-xp 00002000 08:05 3173927                    /usr/lib/x86_64-linux-gnu/libz.so.1.2.11
7f8769744000-7f876974a000 r--p 00013000 08:05 3173927                    /usr/lib/x86_64-linux-gnu/libz.so.1.2.11
7f876974a000-7f876974b000 ---p 00019000 08:05 3173927                    /usr/lib/x86_64-linux-gnu/libz.so.1.2.11
7f876974b000-7f876974c000 r--p 00019000 08:05 3173927                    /usr/lib/x86_64-linux-gnu/libz.so.1.2.11
7f876974c000-7f876974d000 rw-p 0001a000 08:05 3173927                    /usr/lib/x86_64-linux-gnu/libz.so.1.2.11
7f876974e000-7f8769750000 r-xp 00000000 08:05 3168402                    /usr/lib/jvm/jdk-24.0.2-oracle-x64/lib/libextnet.so
7f8769750000-7f8769751000 r--p 00001000 08:05 3168402                    /usr/lib/jvm/jdk-24.0.2-oracle-x64/lib/libextnet.so
7f8769751000-7f8769752000 rw-p 00002000 08:05 3168402                    /usr/lib/jvm/jdk-24.0.2-oracle-x64/lib/libextnet.so
7f8769752000-7f876975a000 rw-s 00000000 08:05 11274066                   /tmp/hsperfdata_spartanluck/93846
7f876975a000-7f876975b000 ---p 00000000 00:00 0 
7f876975b000-7f876975c000 r--p 00000000 00:00 0 
7f876975c000-7f876976a000 r-xp 00000000 08:05 3168414                    /usr/lib/jvm/jdk-24.0.2-oracle-x64/lib/libjli.so
7f876976a000-7f876976b000 ---p 0000e000 08:05 3168414                    /usr/lib/jvm/jdk-24.0.2-oracle-x64/lib/libjli.so
7f876976b000-7f876976c000 r--p 0000e000 08:05 3168414                    /usr/lib/jvm/jdk-24.0.2-oracle-x64/lib/libjli.so
7f876976c000-7f876976d000 rw-p 0000f000 08:05 3168414                    /usr/lib/jvm/jdk-24.0.2-oracle-x64/lib/libjli.so
7f876976d000-7f876976f000 rw-p 00000000 00:00 0 
7f876976f000-7f8769771000 r--p 00000000 08:05 3147883                    /usr/lib/x86_64-linux-gnu/ld-linux-x86-64.so.2
7f8769771000-7f876979b000 r-xp 00002000 08:05 3147883                    /usr/lib/x86_64-linux-gnu/ld-linux-x86-64.so.2
7f876979b000-7f87697a6000 r--p 0002c000 08:05 3147883                    /usr/lib/x86_64-linux-gnu/ld-linux-x86-64.so.2
7f87697a6000-7f87697a7000 ---p 00000000 00:00 0 
7f87697a7000-7f87697a9000 r--p 00037000 08:05 3147883                    /usr/lib/x86_64-linux-gnu/ld-linux-x86-64.so.2
7f87697a9000-7f87697ab000 rw-p 00039000 08:05 3147883                    /usr/lib/x86_64-linux-gnu/ld-linux-x86-64.so.2
7ffe3563a000-7ffe3565c000 rw-p 00000000 00:00 0                          [stack]
7ffe357a7000-7ffe357ab000 r--p 00000000 00:00 0                          [vvar]
7ffe357ab000-7ffe357ad000 r-xp 00000000 00:00 0                          [vdso]
ffffffffff600000-ffffffffff601000 --xp 00000000 00:00 0                  [vsyscall]
Total number of mappings: 576

JVMTI agents:
jdwp path:none, loaded, initialized, options:transport=dt_socket,server=n,suspend=y,address=localhost:36553


VM Arguments:
jvm_args: -agentlib:jdwp=transport=dt_socket,server=n,suspend=y,address=localhost:36553 -Dcom.sun.management.jmxremote -Dcom.sun.management.jmxremote.port=43367 -Dcom.sun.management.jmxremote.authenticate=false -Dcom.sun.management.jmxremote.ssl=false -Dspring.jmx.enabled=true -Djava.rmi.server.hostname=localhost -Dspring.application.admin.enabled=true -Dspring.boot.project.name=rovirosa_spring -XX:+ShowCodeDetailsInExceptionMessages -Dmanagement.endpoints.jmx.exposure.include=* 
java_command: com.rovirosa.rovirosa_spring.RovirosaSpringApplication
java_class_path (initial): /home/spartanluck/Documents/rovirosa_spring/target/classes:/home/spartanluck/.m2/repository/org/springframework/boot/spring-boot-starter/3.5.5/spring-boot-starter-3.5.5.jar:/home/spartanluck/.m2/repository/org/springframework/boot/spring-boot/3.5.5/spring-boot-3.5.5.jar:/home/spartanluck/.m2/repository/org/springframework/spring-context/6.2.10/spring-context-6.2.10.jar:/home/spartanluck/.m2/repository/org/springframework/boot/spring-boot-autoconfigure/3.5.5/spring-boot-autoconfigure-3.5.5.jar:/home/spartanluck/.m2/repository/org/springframework/boot/spring-boot-starter-logging/3.5.5/spring-boot-starter-logging-3.5.5.jar:/home/spartanluck/.m2/repository/ch/qos/logback/logback-classic/1.5.18/logback-classic-1.5.18.jar:/home/spartanluck/.m2/repository/ch/qos/logback/logback-core/1.5.18/logback-core-1.5.18.jar:/home/spartanluck/.m2/repository/org/apache/logging/log4j/log4j-to-slf4j/2.24.3/log4j-to-slf4j-2.24.3.jar:/home/spartanluck/.m2/repository/org/apache/logging/log4j/log4j-api/2.24.3/log4j-api-2.24.3.jar:/home/spartanluck/.m2/repository/org/slf4j/jul-to-slf4j/2.0.17/jul-to-slf4j-2.0.17.jar:/home/spartanluck/.m2/repository/jakarta/annotation/jakarta.annotation-api/2.1.1/jakarta.annotation-api-2.1.1.jar:/home/spartanluck/.m2/repository/org/springframework/spring-core/6.2.10/spring-core-6.2.10.jar:/home/spartanluck/.m2/repository/org/springframework/spring-jcl/6.2.10/spring-jcl-6.2.10.jar:/home/spartanluck/.m2/repository/org/yaml/snakeyaml/2.4/snakeyaml-2.4.jar:/home/spartanluck/.m2/repository/org/springframework/boot/spring-boot-starter-actuator/3.5.5/spring-boot-starter-actuator-3.5.5.jar:/home/spartanluck/.m2/repository/org/springframework/boot/spring-boot-actuator-autoconfigure/3.5.5/spring-boot-actuator-autoconfigure-3.5.5.jar:/home/spartanluck/.m2/repository/org/springframework/boot/spring-boot-actuator/3.5.5/spring-boot-actuator-3.5.5.jar:/home/spartanluck/.m2/repository/com/fasterxml/jackson/core/jackson-databind/2.19.2/jackson-databind-2.19.2.jar:/home/spartanluck/.m2/repository/com/fasterxml/jackson/core/jackson-annotations/2.19.2/jackson-annotations-2.19.2.jar:/home/spartanluck/.m2/repository/com/fasterxml/jackson/core/jackson-core/2.19.2/jackson-core-2.19.2.jar:/home/spartanluck/.m2/repository/com/fasterxml/jackson/datatype/jackson-datatype-jsr310/2.19.2/jackson-datatype-jsr310-2.19.2.jar:/home/spartanluck/.m2/repository/io/micrometer/micrometer-observation/1.15.3/micrometer-observation-1.15.3.jar:/home/spartanluck/.m2/repository/io/micrometer/micrometer-commons/1.15.3/micrometer-commons-1.15.3.jar:/home/spartanluck/.m2/repository/io/micrometer/micrometer-jakarta9/1.15.3/micrometer-jakarta9-1.15.3.jar:/home/spartanluck/.m2/repository/io/micrometer/micrometer-core/1.15.3/micrometer-core-1.15.3.jar:/home/spartanluck/.m2/repository/org/hdrhistogram/HdrHistogram/2.2.2/HdrHistogram-2.2.2.jar:/home/spartanluck/.m2/repository/org/latencyutils/LatencyUtils/2.0.3/LatencyUtils-2.0.3.jar:/home/spartanluck/.m2/repository/org/springframework/boot/spring-boot-starter-web/3.5.5/spring-boot-starter-web-3.5.5.jar:/home/spartanluck/.m2/repository/org/springframework/boot/spring-boot-starter-json/3.5.5/spring-boot-starter-json-3.5.5.jar:/home/spartanluck/.m2/repository/com/fasterxml/jackson/datatype/jackson-datatype-jdk8/2.19.2/jackson-datatype-jdk8-2.19.2.jar:/home/spartanluck/.m2/repository/com/fasterxml/jackson/module/jackson-module-parameter-names/2.19.2/jackson-module-parameter-names-2.19.2.jar:/home/spartanluck/.m2/repository/org/springframework/boot/spring-boot-starter-tomcat/3.5.5/spring-boot-starter-tomcat-3.5.5.jar:/home/spartanluck/.m2/repository/org/apache/tomcat/embed/tomcat-embed-core/10.1.44/tomcat-embed-core-10.1.44.jar:/home/spartanluck/.m2/repository/org/apache/tomcat/embed/tomcat-embed-el/10.1.44/tomcat-embed-el-10.1.44.jar:/home/spartanluck/.m2/repository/org/apache/tomcat/embed/tomcat-embed-websocket/10.1.44/tomcat-embed-websocket-10.1.44.jar:/home/spartanluck/.m2/repository/org/springframework/spring-web/6.2.10/spring-web-6.2.10.jar:/home/spartanluck/.m2/repository/org/springframework/spring-beans/6.2.10/spring-beans-6.2.10.jar:/home/spartanluck/.m2/repository/org/springframework/spring-webmvc/6.2.10/spring-webmvc-6.2.10.jar:/home/spartanluck/.m2/repository/org/springframework/spring-aop/6.2.10/spring-aop-6.2.10.jar:/home/spartanluck/.m2/repository/org/springframework/spring-expression/6.2.10/spring-expression-6.2.10.jar:/home/spartanluck/.m2/repository/net/sourceforge/tess4j/tess4j/5.4.0/tess4j-5.4.0.jar:/home/spartanluck/.m2/repository/net/java/dev/jna/jna/5.12.1/jna-5.12.1.jar:/home/spartanluck/.m2/repository/com/github/jai-imageio/jai-imageio-core/1.4.0/jai-imageio-core-1.4.0.jar:/home/spartanluck/.m2/repository/org/apache/pdfbox/pdfbox/2.0.26/pdfbox-2.0.26.jar:/home/spartanluck/.m2/repository/org/apache/pdfbox/fontbox/2.0.26/fontbox-2.0.26.jar:/home/spartanluck/.m2/repository/commons-logging/commons-logging/1.2/commons-logging-1.2.jar:/home/spartanluck/.m2/repository/org/apache/pdfbox/pdfbox-tools/2.0.26/pdfbox-tools-2.0.26.jar:/home/spartanluck/.m2/repository/org/apache/pdfbox/pdfbox-debugger/2.0.26/pdfbox-debugger-2.0.26.jar:/home/spartanluck/.m2/repository/org/apache/pdfbox/jbig2-imageio/3.0.4/jbig2-imageio-3.0.4.jar:/home/spartanluck/.m2/repository/commons-io/commons-io/2.11.0/commons-io-2.11.0.jar:/home/spartanluck/.m2/repository/net/sourceforge/lept4j/lept4j/1.16.2/lept4j-1.16.2.jar:/home/spartanluck/.m2/repository/org/jboss/jboss-vfs/3.2.17.Final/jboss-vfs-3.2.17.Final.jar:/home/spartanluck/.m2/repository/org/jboss/logging/jboss-logging/3.6.1.Final/jboss-logging-3.6.1.Final.jar:/home/spartanluck/.m2/repository/org/slf4j/slf4j-api/2.0.17/slf4j-api-2.0.17.jar:/home/spartanluck/.m2/repository/org/springframework/boot/spring-boot-devtools/3.5.5/spring-boot-devtools-3.5.5.jar:/home/spartanluck/.m2/repository/com/mysql/mysql-connector-j/9.4.0/mysql-connector-j-9.4.0.jar:/home/spartanluck/.m2/repository/org/projectlombok/lombok/1.18.38/lombok-1.18.38.jar
Launcher Type: SUN_STANDARD

[Global flags]
     intx CICompilerCount                          = 4                                         {product} {ergonomic}
     uint ConcGCThreads                            = 3                                         {product} {ergonomic}
     uint G1ConcRefinementThreads                  = 10                                        {product} {ergonomic}
   size_t G1HeapRegionSize                         = 2097152                                   {product} {ergonomic}
   size_t InitialHeapSize                          = 257949696                                 {product} {ergonomic}
     bool ManagementServer                         = true                                      {product} {command line}
   size_t MarkStackSize                            = 4194304                                   {product} {ergonomic}
   size_t MarkStackSizeMax                         = 536870912                                 {product} {ergonomic}
   size_t MaxHeapSize                              = 4110417920                                {product} {ergonomic}
   size_t MaxNewSize                               = 2466250752                                {product} {ergonomic}
   size_t MinHeapDeltaBytes                        = 2097152                                   {product} {ergonomic}
   size_t MinHeapSize                              = 8388608                                   {product} {ergonomic}
    uintx NonNMethodCodeHeapSize                   = 5836800                                {pd product} {ergonomic}
    uintx NonProfiledCodeHeapSize                  = 122912768                              {pd product} {ergonomic}
    uintx ProfiledCodeHeapSize                     = 122908672                              {pd product} {ergonomic}
    uintx ReservedCodeCacheSize                    = 251658240                              {pd product} {ergonomic}
     bool SegmentedCodeCache                       = true                                      {product} {ergonomic}
     bool ShowCodeDetailsInExceptionMessages       = true                                   {manageable} {command line}
   size_t SoftMaxHeapSize                          = 4110417920                             {manageable} {ergonomic}
     bool UseCompressedOops                        = true                           {product lp64_product} {ergonomic}
     bool UseG1GC                                  = true                                      {product} {ergonomic}

Logging:
Log output configuration:
 #0: stdout all=warning uptime,level,tags foldmultilines=false
 #1: stderr all=off uptime,level,tags foldmultilines=false

Environment Variables:
PATH=/home/spartanluck/.bun/bin:/home/spartanluck/.nvm/versions/node/v22.19.0/bin:/usr/local/sbin:/usr/local/bin:/usr/sbin:/usr/bin:/sbin:/bin:/usr/games:/usr/local/games:/snap/bin:/snap/bin:/home/spartanluck/.config/Code/User/globalStorage/github.copilot-chat/debugCommand
USERNAME=spartanluck
SHELL=/usr/bin/zsh
DISPLAY=:0
LANG=en_US.UTF-8
LC_NUMERIC=es_MX.UTF-8
LC_TIME=es_MX.UTF-8
TERM=xterm-256color

Active Locale:
LC_ALL=LC_CTYPE=en_US.UTF-8;LC_NUMERIC=es_MX.UTF-8;LC_TIME=es_MX.UTF-8;LC_COLLATE=en_US.UTF-8;LC_MONETARY=es_MX.UTF-8;LC_MESSAGES=en_US.UTF-8;LC_PAPER=es_MX.UTF-8;LC_NAME=es_MX.UTF-8;LC_ADDRESS=es_MX.UTF-8;LC_TELEPHONE=es_MX.UTF-8;LC_MEASUREMENT=es_MX.UTF-8;LC_IDENTIFICATION=es_MX.UTF-8
LC_COLLATE=en_US.UTF-8
LC_CTYPE=en_US.UTF-8
LC_MESSAGES=en_US.UTF-8
LC_MONETARY=es_MX.UTF-8
LC_NUMERIC=es_MX.UTF-8
LC_TIME=es_MX.UTF-8

Signal Handlers:
   SIGSEGV: crash_handler in libjvm.so, mask=11100100010111111101111111111110, flags=SA_RESTART|SA_SIGINFO, unblocked
    SIGBUS: crash_handler in libjvm.so, mask=11100100010111111101111111111110, flags=SA_RESTART|SA_SIGINFO, unblocked
    SIGFPE: crash_handler in libjvm.so, mask=11100100010111111101111111111110, flags=SA_RESTART|SA_SIGINFO, unblocked
   SIGPIPE: javaSignalHandler in libjvm.so, mask=11100100010111111101111111111110, flags=SA_RESTART|SA_SIGINFO, blocked
   SIGXFSZ: javaSignalHandler in libjvm.so, mask=11100100010111111101111111111110, flags=SA_RESTART|SA_SIGINFO, blocked
    SIGILL: crash_handler in libjvm.so, mask=11100100010111111101111111111110, flags=SA_RESTART|SA_SIGINFO, unblocked
   SIGUSR2: SR_handler in libjvm.so, mask=00000000000000000000000000000000, flags=SA_RESTART|SA_SIGINFO, blocked
    SIGHUP: UserHandler in libjvm.so, mask=11100100010111111101111111111110, flags=SA_RESTART|SA_SIGINFO, blocked
    SIGINT: UserHandler in libjvm.so, mask=11100100010111111101111111111110, flags=SA_RESTART|SA_SIGINFO, blocked
   SIGTERM: UserHandler in libjvm.so, mask=11100100010111111101111111111110, flags=SA_RESTART|SA_SIGINFO, blocked
   SIGQUIT: UserHandler in libjvm.so, mask=11100100010111111101111111111110, flags=SA_RESTART|SA_SIGINFO, blocked
   SIGTRAP: crash_handler in libjvm.so, mask=11100100010111111101111111111110, flags=SA_RESTART|SA_SIGINFO, unblocked


Periodic native trim disabled

---------------  S Y S T E M  ---------------

OS:
DISTRIB_ID=Ubuntu
DISTRIB_RELEASE=22.04
DISTRIB_CODENAME=jammy
DISTRIB_DESCRIPTION="Ubuntu 22.04.5 LTS"
uname: Linux 6.8.0-79-generic #79~22.04.1-Ubuntu SMP PREEMPT_DYNAMIC Fri Aug 15 16:54:53 UTC 2 x86_64
OS uptime: 0 days 1:13 hours
libc: glibc 2.35 NPTL 2.35 
rlimit (soft/hard): STACK 8192k/infinity , CORE 0k/infinity , NPROC 62388/62388 , NOFILE 1048576/1048576 , AS infinity/infinity , CPU infinity/infinity , DATA infinity/infinity , FSIZE infinity/infinity , MEMLOCK 2006796k/2006796k
load average: 1.51 1.36 1.52

/proc/meminfo:
MemTotal:       16054392 kB
MemFree:          271844 kB
MemAvailable:    4248768 kB
Buffers:          136248 kB
Cached:          4794532 kB
SwapCached:            0 kB
Active:          8932340 kB
Inactive:        4768256 kB
Active(anon):    7703456 kB
Inactive(anon):  2199516 kB
Active(file):    1228884 kB
Inactive(file):  2568740 kB
Unevictable:      913600 kB
Mlocked:              16 kB
SwapTotal:             0 kB
SwapFree:              0 kB
Zswap:                 0 kB
Zswapped:              0 kB
Dirty:              1456 kB
Writeback:             0 kB
AnonPages:       9683728 kB
Mapped:          1190880 kB
Shmem:           1133060 kB
KReclaimable:     522128 kB
Slab:             828404 kB
SReclaimable:     522128 kB
SUnreclaim:       306276 kB
KernelStack:       25840 kB
PageTables:       101236 kB
SecPageTables:         0 kB
NFS_Unstable:          0 kB
Bounce:                0 kB
WritebackTmp:          0 kB
CommitLimit:     8027196 kB
Committed_AS:   39814408 kB
VmallocTotal:   34359738367 kB
VmallocUsed:       58288 kB
VmallocChunk:          0 kB
Percpu:            12144 kB
HardwareCorrupted:     0 kB
AnonHugePages:      2048 kB
ShmemHugePages:   772096 kB
ShmemPmdMapped:        0 kB
FileHugePages:         0 kB
FilePmdMapped:         0 kB
Unaccepted:            0 kB
HugePages_Total:       0
HugePages_Free:        0
HugePages_Rsvd:        0
HugePages_Surp:        0
Hugepagesize:       2048 kB
Hugetlb:               0 kB
DirectMap4k:      285820 kB
DirectMap2M:     9877504 kB
DirectMap1G:     7340032 kB

/sys/kernel/mm/transparent_hugepage/enabled: always [madvise] never
/sys/kernel/mm/transparent_hugepage/hpage_pmd_size: 2097152
/sys/kernel/mm/transparent_hugepage/shmem_enabled: always within_size advise [never] deny force
/sys/kernel/mm/transparent_hugepage/defrag (defrag/compaction efforts parameter): always defer defer+madvise [madvise] never

Process Memory:
Virtual Size: 9759316K (peak: 9824632K)
Resident Set Size: 410580K (peak: 410580K) (anon: 375144K, file: 35436K, shmem: 0K)
Swapped out: 0K
C-Heap outstanding allocations: 73702K, retained: 211925K
glibc malloc tunables: (default)

/proc/sys/kernel/threads-max (system-wide limit on the number of threads): 124777
/proc/sys/vm/max_map_count (maximum number of memory map areas a process may have): 65530
/proc/sys/vm/swappiness (control to define how aggressively the kernel swaps out anonymous memory): 60
/proc/sys/kernel/pid_max (system-wide limit on number of process identifiers): 4194304

container information not found.
Steal ticks since vm start: 0
Steal ticks percentage since vm start:  0.000

CPU: total 12 (initial active 12) (6 cores per cpu, 2 threads per core) family 6 model 154 stepping 4 microcode 0x437, cx8, cmov, fxsr, ht, mmx, 3dnowpref, sse, sse2, sse3, ssse3, sse4.1, sse4.2, popcnt, lzcnt, tsc, tscinvbit, avx, avx2, aes, erms, clmul, bmi1, bmi2, adx, sha, fma, vzeroupper, clflush, clflushopt, clwb, serialize, rdtscp, rdpid, fsrm, gfni, f16c, pku, ospke, cet_ibt, cet_ss
CPU Model and flags from /proc/cpuinfo:
model name	: 12th Gen Intel(R) Core(TM) i5-1235U
flags		: fpu vme de pse tsc msr pae mce cx8 apic sep mtrr pge mca cmov pat pse36 clflush dts acpi mmx fxsr sse sse2 ss ht tm pbe syscall nx pdpe1gb rdtscp lm constant_tsc art arch_perfmon pebs bts rep_good nopl xtopology nonstop_tsc cpuid aperfmperf tsc_known_freq pni pclmulqdq dtes64 monitor ds_cpl vmx smx est tm2 ssse3 sdbg fma cx16 xtpr pdcm sse4_1 sse4_2 x2apic movbe popcnt tsc_deadline_timer aes xsave avx f16c rdrand lahf_lm abm 3dnowprefetch cpuid_fault epb ssbd ibrs ibpb stibp ibrs_enhanced tpr_shadow flexpriority ept vpid ept_ad fsgsbase tsc_adjust bmi1 avx2 smep bmi2 erms invpcid rdseed adx smap clflushopt clwb intel_pt sha_ni xsaveopt xsavec xgetbv1 xsaves split_lock_detect user_shstk avx_vnni dtherm ida arat pln pts hwp hwp_notify hwp_act_window hwp_epp hwp_pkg_req hfi vnmi umip pku ospke waitpkg gfni vaes vpclmulqdq rdpid movdiri movdir64b fsrm md_clear serialize arch_lbr ibt flush_l1d arch_capabilities

Online cpus: 0-11
Offline cpus: 
BIOS frequency limitation: <Not Available>
Frequency switch latency (ns): 0
Available cpu frequencies: <Not Available>
Current governor: powersave
Core performance/turbo boost: <Not Available>

Memory: 4k page, physical 16054392k(4248768k free), swap 0k(0k free)
Page Sizes: 4k

vm_info: Java HotSpot(TM) 64-Bit Server VM (24.0.2+12-54) for linux-amd64 JRE (24.0.2+12-54), built on 2025-07-08T12:10:27Z with gcc 13.2.0

END.
