#
# A fatal error has been detected by the Java Runtime Environment:
#
#  SIGSEGV (0xb) at pc=0x00007ab97f49da37, pid=99293, tid=99393
#
# JRE version: Java(TM) SE Runtime Environment (24.0.2+12) (build 24.0.2+12-54)
# Java VM: Java HotSpot(TM) 64-Bit Server VM (24.0.2+12-54, mixed mode, sharing, tiered, compressed oops, compressed class ptrs, g1 gc, linux-amd64)
# Problematic frame:
# C  [libtesseract.so.4.0.1+0x9da37]  tesseract::Tesseract::recog_all_words(PAGE_RES*, ETEXT_DESC*, TBOX const*, char const*, int)+0x347
#
# Core dump will be written. Default location: Core dumps may be processed with "/usr/share/apport/apport -p%p -s%s -c%c -d%d -P%P -u%u -g%g -F%F -- %E" (or dumping to /home/spartanluck/Documents/rovirosa_spring/core.99293)
#
# If you would like to submit a bug report, please visit:
#   https://bugreport.java.com/bugreport/crash.jsp
# The crash happened outside the Java Virtual Machine in native code.
# See problematic frame for where to report the bug.
#

---------------  S U M M A R Y ------------

Command Line: -agentlib:jdwp=transport=dt_socket,server=n,suspend=y,address=localhost:42855 -XX:+ShowCodeDetailsInExceptionMessages -Dspring.jmx.enabled=true -Dmanagement.endpoints.jmx.exposure.include=* -Dspring.application.admin.enabled=true -Dspring.boot.project.name=rovirosa_spring -Djava.rmi.server.hostname=localhost -Dcom.sun.management.jmxremote.port=45556 -Dcom.sun.management.jmxremote.authenticate=false -Dcom.sun.management.jmxremote.ssl=false com.rovirosa.rovirosa_spring.RovirosaSpringApplication

Host: 12th Gen Intel(R) Core(TM) i5-1235U, 12 cores, 15G, Ubuntu 22.04.5 LTS
Time: Tue Sep 16 01:38:49 2025 CST elapsed time: 59.665137 seconds (0d 0h 0m 59s)

---------------  T H R E A D  ---------------

Current thread (0x00007ab8d4bdcf60):  JavaThread "http-nio-8080-exec-2" daemon [_thread_in_native, id=99393, stack(0x00007ab98c6f5000,0x00007ab98c7f5000) (1024K)]

Stack: [0x00007ab98c6f5000,0x00007ab98c7f5000],  sp=0x00007ab98c7f04e0,  free space=1005k
Native frames: (J=compiled Java code, j=interpreted, Vv=VM code, C=native code)
C  [libtesseract.so.4.0.1+0x9da37]  tesseract::Tesseract::recog_all_words(PAGE_RES*, ETEXT_DESC*, TBOX const*, char const*, int)+0x347
Java frames: (J=compiled Java code, j=interpreted, Vv=VM code)
j  com.sun.jna.Native.invokePointer(Lcom/sun/jna/Function;JI[Ljava/lang/Object;)J+0
j  com.sun.jna.Function.invokePointer(I[Ljava/lang/Object;)Lcom/sun/jna/Pointer;+7
j  com.sun.jna.Function.invoke([Ljava/lang/Object;Ljava/lang/Class;ZI)Ljava/lang/Object;+385
j  com.sun.jna.Function.invoke(Ljava/lang/reflect/Method;[Ljava/lang/Class;Ljava/lang/Class;[Ljava/lang/Object;Ljava/util/Map;)Ljava/lang/Object;+271
j  com.sun.jna.Library$Handler.invoke(Ljava/lang/Object;Ljava/lang/reflect/Method;[Ljava/lang/Object;)Ljava/lang/Object;+390
j  jdk.proxy2.$Proxy95.TessBaseAPIGetUTF8Text(Lnet/sourceforge/tess4j/ITessAPI$TessBaseAPI;)Lcom/sun/jna/Pointer;+16 jdk.proxy2
j  net.sourceforge.tess4j.Tesseract.getOCRText(Ljava/lang/String;I)Ljava/lang/String;+269
j  net.sourceforge.tess4j.Tesseract.doOCR(Ljavax/imageio/IIOImage;Ljava/lang/String;Ljava/awt/Rectangle;I)Ljava/lang/String;+18
j  net.sourceforge.tess4j.Tesseract.doOCR(Ljava/io/File;Ljava/awt/Rectangle;)Ljava/lang/String;+126
j  net.sourceforge.tess4j.Tesseract.doOCR(Ljava/io/File;)Ljava/lang/String;+3
j  com.rovirosa.rovirosa_spring.controllers.OcrController.processINE(Lorg/springframework/web/multipart/MultipartFile;)Lorg/springframework/http/ResponseEntity;+41
j  java.lang.invoke.LambdaForm$DMH+0x00007ab93f154800.invokeVirtual(Ljava/lang/Object;Ljava/lang/Object;Ljava/lang/Object;)Ljava/lang/Object;+11 java.base@24.0.2
j  java.lang.invoke.LambdaForm$MH+0x00007ab93f0b4400.invoke(Ljava/lang/Object;Ljava/lang/Object;Ljava/lang/Object;)Ljava/lang/Object;+52 java.base@24.0.2
J 6193 c2 java.lang.reflect.Method.invoke(Ljava/lang/Object;[Ljava/lang/Object;)Ljava/lang/Object; java.base@24.0.2 (108 bytes) @ 0x00007ab9a83cb5d8 [0x00007ab9a83cb420+0x00000000000001b8]
j  org.springframework.web.method.support.InvocableHandlerMethod.doInvoke([Ljava/lang/Object;)Ljava/lang/Object;+55
j  org.springframework.web.method.support.InvocableHandlerMethod.invokeForRequest(Lorg/springframework/web/context/request/NativeWebRequest;Lorg/springframework/web/method/support/ModelAndViewContainer;[Ljava/lang/Object;)Ljava/lang/Object;+82
j  org.springframework.web.servlet.mvc.method.annotation.ServletInvocableHandlerMethod.invokeAndHandle(Lorg/springframework/web/context/request/ServletWebRequest;Lorg/springframework/web/method/support/ModelAndViewContainer;[Ljava/lang/Object;)V+4
j  org.springframework.web.servlet.mvc.method.annotation.RequestMappingHandlerAdapter.invokeHandlerMethod(Ljakarta/servlet/http/HttpServletRequest;Ljakarta/servlet/http/HttpServletResponse;Lorg/springframework/web/method/HandlerMethod;)Lorg/springframework/web/servlet/ModelAndView;+309
j  org.springframework.web.servlet.mvc.method.annotation.RequestMappingHandlerAdapter.handleInternal(Ljakarta/servlet/http/HttpServletRequest;Ljakarta/servlet/http/HttpServletResponse;Lorg/springframework/web/method/HandlerMethod;)Lorg/springframework/web/servlet/ModelAndView;+81
j  org.springframework.web.servlet.mvc.method.AbstractHandlerMethodAdapter.handle(Ljakarta/servlet/http/HttpServletRequest;Ljakarta/servlet/http/HttpServletResponse;Ljava/lang/Object;)Lorg/springframework/web/servlet/ModelAndView;+7
j  org.springframework.web.servlet.DispatcherServlet.doDispatch(Ljakarta/servlet/http/HttpServletRequest;Ljakarta/servlet/http/HttpServletResponse;)V+304
j  org.springframework.web.servlet.DispatcherServlet.doService(Ljakarta/servlet/http/HttpServletRequest;Ljakarta/servlet/http/HttpServletResponse;)V+242
j  org.springframework.web.servlet.FrameworkServlet.processRequest(Ljakarta/servlet/http/HttpServletRequest;Ljakarta/servlet/http/HttpServletResponse;)V+70
j  org.springframework.web.servlet.FrameworkServlet.doPost(Ljakarta/servlet/http/HttpServletRequest;Ljakarta/servlet/http/HttpServletResponse;)V+3
j  jakarta.servlet.http.HttpServlet.service(Ljakarta/servlet/http/HttpServletRequest;Ljakarta/servlet/http/HttpServletResponse;)V+150
j  org.springframework.web.servlet.FrameworkServlet.service(Ljakarta/servlet/http/HttpServletRequest;Ljakarta/servlet/http/HttpServletResponse;)V+20
j  jakarta.servlet.http.HttpServlet.service(Ljakarta/servlet/ServletRequest;Ljakarta/servlet/ServletResponse;)V+37
j  org.apache.catalina.core.ApplicationFilterChain.internalDoFilter(Ljakarta/servlet/ServletRequest;Ljakarta/servlet/ServletResponse;)V+300
j  org.apache.catalina.core.ApplicationFilterChain.doFilter(Ljakarta/servlet/ServletRequest;Ljakarta/servlet/ServletResponse;)V+99
j  org.apache.tomcat.websocket.server.WsFilter.doFilter(Ljakarta/servlet/ServletRequest;Ljakarta/servlet/ServletResponse;Ljakarta/servlet/FilterChain;)V+21
j  org.apache.catalina.core.ApplicationFilterChain.internalDoFilter(Ljakarta/servlet/ServletRequest;Ljakarta/servlet/ServletResponse;)V+130
j  org.apache.catalina.core.ApplicationFilterChain.doFilter(Ljakarta/servlet/ServletRequest;Ljakarta/servlet/ServletResponse;)V+99
j  org.springframework.web.filter.RequestContextFilter.doFilterInternal(Ljakarta/servlet/http/HttpServletRequest;Ljakarta/servlet/http/HttpServletResponse;Ljakarta/servlet/FilterChain;)V+21
j  org.springframework.web.filter.OncePerRequestFilter.doFilter(Ljakarta/servlet/ServletRequest;Ljakarta/servlet/ServletResponse;Ljakarta/servlet/FilterChain;)V+150
j  org.apache.catalina.core.ApplicationFilterChain.internalDoFilter(Ljakarta/servlet/ServletRequest;Ljakarta/servlet/ServletResponse;)V+130
j  org.apache.catalina.core.ApplicationFilterChain.doFilter(Ljakarta/servlet/ServletRequest;Ljakarta/servlet/ServletResponse;)V+99
j  org.springframework.web.filter.FormContentFilter.doFilterInternal(Ljakarta/servlet/http/HttpServletRequest;Ljakarta/servlet/http/HttpServletResponse;Ljakarta/servlet/FilterChain;)V+38
j  org.springframework.web.filter.OncePerRequestFilter.doFilter(Ljakarta/servlet/ServletRequest;Ljakarta/servlet/ServletResponse;Ljakarta/servlet/FilterChain;)V+150
j  org.apache.catalina.core.ApplicationFilterChain.internalDoFilter(Ljakarta/servlet/ServletRequest;Ljakarta/servlet/ServletResponse;)V+130
j  org.apache.catalina.core.ApplicationFilterChain.doFilter(Ljakarta/servlet/ServletRequest;Ljakarta/servlet/ServletResponse;)V+99
j  org.springframework.web.filter.ServerHttpObservationFilter.doFilterInternal(Ljakarta/servlet/http/HttpServletRequest;Ljakarta/servlet/http/HttpServletResponse;Ljakarta/servlet/FilterChain;)V+28
j  org.springframework.web.filter.OncePerRequestFilter.doFilter(Ljakarta/servlet/ServletRequest;Ljakarta/servlet/ServletResponse;Ljakarta/servlet/FilterChain;)V+150
j  org.apache.catalina.core.ApplicationFilterChain.internalDoFilter(Ljakarta/servlet/ServletRequest;Ljakarta/servlet/ServletResponse;)V+130
j  org.apache.catalina.core.ApplicationFilterChain.doFilter(Ljakarta/servlet/ServletRequest;Ljakarta/servlet/ServletResponse;)V+99
j  org.springframework.web.filter.CharacterEncodingFilter.doFilterInternal(Ljakarta/servlet/http/HttpServletRequest;Ljakarta/servlet/http/HttpServletResponse;Ljakarta/servlet/FilterChain;)V+53
j  org.springframework.web.filter.OncePerRequestFilter.doFilter(Ljakarta/servlet/ServletRequest;Ljakarta/servlet/ServletResponse;Ljakarta/servlet/FilterChain;)V+150
j  org.apache.catalina.core.ApplicationFilterChain.internalDoFilter(Ljakarta/servlet/ServletRequest;Ljakarta/servlet/ServletResponse;)V+130
j  org.apache.catalina.core.ApplicationFilterChain.doFilter(Ljakarta/servlet/ServletRequest;Ljakarta/servlet/ServletResponse;)V+99
j  org.apache.catalina.core.StandardWrapperValve.invoke(Lorg/apache/catalina/connector/Request;Lorg/apache/catalina/connector/Response;)V+511
j  org.apache.catalina.core.StandardContextValve.invoke(Lorg/apache/catalina/connector/Request;Lorg/apache/catalina/connector/Response;)V+169
j  org.apache.catalina.authenticator.AuthenticatorBase.invoke(Lorg/apache/catalina/connector/Request;Lorg/apache/catalina/connector/Response;)V+221
j  org.apache.catalina.core.StandardHostValve.invoke(Lorg/apache/catalina/connector/Request;Lorg/apache/catalina/connector/Response;)V+131
j  org.apache.catalina.valves.ErrorReportValve.invoke(Lorg/apache/catalina/connector/Request;Lorg/apache/catalina/connector/Response;)V+6
j  org.apache.catalina.core.StandardEngineValve.invoke(Lorg/apache/catalina/connector/Request;Lorg/apache/catalina/connector/Response;)V+59
j  org.apache.catalina.connector.CoyoteAdapter.service(Lorg/apache/coyote/Request;Lorg/apache/coyote/Response;)V+188
j  org.apache.coyote.http11.Http11Processor.service(Lorg/apache/tomcat/util/net/SocketWrapperBase;)Lorg/apache/tomcat/util/net/AbstractEndpoint$Handler$SocketState;+796
j  org.apache.coyote.AbstractProcessorLight.process(Lorg/apache/tomcat/util/net/SocketWrapperBase;Lorg/apache/tomcat/util/net/SocketEvent;)Lorg/apache/tomcat/util/net/AbstractEndpoint$Handler$SocketState;+155
j  org.apache.coyote.AbstractProtocol$ConnectionHandler.process(Lorg/apache/tomcat/util/net/SocketWrapperBase;Lorg/apache/tomcat/util/net/SocketEvent;)Lorg/apache/tomcat/util/net/AbstractEndpoint$Handler$SocketState;+477
j  org.apache.tomcat.util.net.NioEndpoint$SocketProcessor.doRun()V+222
j  org.apache.tomcat.util.net.SocketProcessorBase.run()V+32
j  org.apache.tomcat.util.threads.ThreadPoolExecutor.runWorker(Lorg/apache/tomcat/util/threads/ThreadPoolExecutor$Worker;)V+92
j  org.apache.tomcat.util.threads.ThreadPoolExecutor$Worker.run()V+5
j  org.apache.tomcat.util.threads.TaskThread$WrappingRunnable.run()V+4
j  java.lang.Thread.runWith(Ljava/lang/Object;Ljava/lang/Runnable;)V+5 java.base@24.0.2
j  java.lang.Thread.run()V+19 java.base@24.0.2
v  ~StubRoutines::call_stub 0x00007ab9a7b37c86

siginfo: si_signo: 11 (SIGSEGV), si_code: 1 (SEGV_MAPERR), si_addr: 0x000000000000000c

Registers:
RAX=0x0000000000000000, RBX=0x00007ab88c19fe30, RCX=0x00007ab88c1c17b8, RDX=0x0000000000000000
RSP=0x00007ab98c7f04e0, RBP=0x00007ab98c7f0530, RSI=0x0000000000000000, RDI=0x00007ab98c7f05e0
R8 =0x00007ab88c5d45e0, R9 =0x0000000000000000, R10=0x00007ab88c5dddb0, R11=0x00007ab88c000090
R12=0x00007ab88c5c3060, R13=0x0000000000000000, R14=0x0000000000000000, R15=0x00007ab88c5c3060
RIP=0x00007ab97f49da37, EFLAGS=0x0000000000010246, CSGSFS=0x002b000000000033, ERR=0x0000000000000004
  TRAPNO=0x000000000000000e

XMM[0]=0x00007ab88c5d4c10 0x00007ab88c1e5850
XMM[1]=0x00007ab88c5c2a70 0x00007ab88c5d45e0
XMM[2]=0x00007ab88c5d4a00 0x00007ab88c1e5850
XMM[3]=0x00007ab88c5d4c10 0x00007ab88c5d4e20
XMM[4]=0x27f6bd28f3bd27f0 0xbe27edc027edbe26
XMM[5]=0x0000000000000000 0x0000000000000000
XMM[6]=0x0000000000000000 0x4046000000000000
XMM[7]=0x0000000000000000 0x0000000000000000
XMM[8]=0x362685341c83371a 0x833a16803a137935
XMM[9]=0x0000000000000000 0x00000000402ccccd
XMM[10]=0x0000000000000000 0x0000000080000000
XMM[11]=0x0000000000000000 0x000000003faccccd
XMM[12]=0x0000000000000000 0x000000003f800000
XMM[13]=0x0000000000000000 0x3fefffc000155552
XMM[14]=0x0000000000000000 0x3f7fffeaaaaeeeef
XMM[15]=0x0000000000000000 0xffffffffffffffff
  MXCSR=0x00001fa2


Register to memory mapping:

RAX=0x0 is null
RBX=0x00007ab88c19fe30 points into unknown readable memory: 0x00007ab97f7036b8 | b8 36 70 7f b9 7a 00 00
RCX=0x00007ab88c1c17b8 points into unknown readable memory: 0x0000000000000000 | 00 00 00 00 00 00 00 00
RDX=0x0 is null
RSP=0x00007ab98c7f04e0 is pointing into the stack for thread: 0x00007ab8d4bdcf60
RBP=0x00007ab98c7f0530 is pointing into the stack for thread: 0x00007ab8d4bdcf60
RSI=0x0 is null
RDI=0x00007ab98c7f05e0 is pointing into the stack for thread: 0x00007ab8d4bdcf60
R8 =0x00007ab88c5d45e0 points into unknown readable memory: 0x00007ab88c5c2a70 | 70 2a 5c 8c b8 7a 00 00
R9 =0x0 is null
R10=0x00007ab88c5dddb0 points into unknown readable memory: 0x0000000000003eb0 | b0 3e 00 00 00 00 00 00
R11=0x00007ab88c000090 points into unknown readable memory: 0x00007ab88c9c3ce0 | e0 3c 9c 8c b8 7a 00 00
R12=0x00007ab88c5c3060 points into unknown readable memory: 0x0000000000000000 | 00 00 00 00 00 00 00 00
R13=0x0 is null
R14=0x0 is null
R15=0x00007ab88c5c3060 points into unknown readable memory: 0x0000000000000000 | 00 00 00 00 00 00 00 00

Top of Stack: (sp=0x00007ab98c7f04e0)
0x00007ab98c7f04e0:   0000000000000000 0000000000000000   ................
0x00007ab98c7f04f0:   00007ab88c5d5db0 00007ab88c010000   .]]..z.......z..
0x00007ab98c7f0500:   00007ab88c5bf5b8 32a32b26ece7a300   ..[..z......&+.2
0x00007ab98c7f0510:   0000000000000000 0000000000000001   ................
0x00007ab98c7f0520:   00007ab88c5a29d0 00007ab88c5d5fd8   .)Z..z..._]..z..
0x00007ab98c7f0530:   00007ab88c5c3060 0000000000000000   `0\..z..........
0x00007ab98c7f0540:   0000000000000000 0000000000000000   ................
0x00007ab98c7f0550:   00007ab88c5d45e0 00007ab88c1e5830   .E]..z..0X...z..
0x00007ab98c7f0560:   00007ab88c5d5fb0 00007ab88c5d4e20   ._]..z.. N]..z..
0x00007ab98c7f0570:   00007ab88c1e5830 00007ab88c5d5fb0   0X...z..._]..z..
0x00007ab98c7f0580:   00007ab88c5c3068 00007ab88c5d5fb0   h0\..z..._]..z..
0x00007ab98c7f0590:   00007ab88c5d5fb0 00007ab88c5d5fb0   ._]..z..._]..z..
0x00007ab98c7f05a0:   00007ab88c5d5fb0 0000000000000000   ._]..z..........
0x00007ab98c7f05b0:   00007ab88c5d5fd8 00007ab88c5a29d0   ._]..z...)Z..z..
0x00007ab98c7f05c0:   00007ab88c1e5830 00007ab88c1e5590   0X...z...U...z..
0x00007ab98c7f05d0:   00007ab88c1e5830 00007ab88c000000   0X...z.......z..
0x00007ab98c7f05e0:   00007ab88c1e5850 00007ab88c5d4e20   PX...z.. N]..z..
0x00007ab98c7f05f0:   00007ab88c5d4c10 00007ab88c5d45e0   .L]..z...E]..z..
0x00007ab98c7f0600:   00007ab88c5d45e0 00007ab88c010000   .E]..z.......z..
0x00007ab98c7f0610:   00007ab88c1e5850 00007ab88c5d4c10   PX...z...L]..z..
0x00007ab98c7f0620:   00007ab88c5d45e0 00007ab88c5c2a70   .E]..z..p*\..z..
0x00007ab98c7f0630:   00007ab88c5d45e0 32a32b26ec000000   .E]..z......&+.2
0x00007ab98c7f0640:   00007ab88c1e5850 00007ab88c5d4a00   PX...z...J]..z..
0x00007ab98c7f0650:   00007ab88c5d4e20 00007ab88c5d4c10    N]..z...L]..z..
0x00007ab98c7f0660:   00007ab88c5d45e0 00007ab98c010000   .E]..z.......z..
0x00007ab98c7f0670:   00007ab97f64e1a2 32a32b26ece7a300   ..d..z......&+.2
0x00007ab98c7f0680:   0000000000000000 000059963bc78ae0   ...........;.Y..
0x00007ab98c7f0690:   00007ab98c7f0720 0000000000000001    ....z..........
0x00007ab98c7f06a0:   0000000000000000 0000000000000000   ................
0x00007ab98c7f06b0:   00007ab88c5c3060 00007ab97f481c3b   `0\..z..;.H..z..
0x00007ab98c7f06c0:   00007ab92e395448 00007ab8d4bdcf60   HT9..z..`....z..
0x00007ab98c7f06d0:   00007ab88c19fe30 000059963bc78ae0   0....z.....;.Y..

Instructions: (pc=0x00007ab97f49da37)
  0x00007ab97f49d937:   24 70 48 85 c0 74 62 48 8b 94 24 80 00 00 00 48
  0x00007ab97f49d947:   8b 52 08 48 85 d2 74 04 48 8b 52 08 48 8b 80 38
  0x00007ab97f49d957:   01 00 00 48 85 c0 74 c1 8b 48 34 85 c9 74 ba 7e
  0x00007ab97f49d967:   1f 48 8b 40 10 83 e9 01 48 8d 4c 88 04 0f 1f 40
  0x00007ab97f49d977:   00 8b 30 85 f6 75 aa 48 83 c0 04 48 39 c8 75 f1
  0x00007ab97f49d987:   48 85 d2 74 94 8b 42 10 83 f8 03 77 6c 85 c0 74
  0x00007ab97f49d997:   90 eb 86 66 0f 1f 44 00 00 4d 85 ed 74 0a b8 64
  0x00007ab97f49d9a7:   00 00 00 66 41 89 45 02 b8 01 00 00 00 48 8b 94
  0x00007ab97f49d9b7:   24 98 01 00 00 64 48 2b 14 25 28 00 00 00 0f 85
  0x00007ab97f49d9c7:   8c 03 00 00 48 81 c4 a8 01 00 00 5b 5d 41 5c 41
  0x00007ab97f49d9d7:   5d 41 5e 41 5f c3 0f 1f 00 4d 85 ed 0f 84 c7 01
  0x00007ab97f49d9e7:   00 00 48 8b 14 24 48 89 ee 48 89 df e8 98 72 00
  0x00007ab97f49d9f7:   00 e9 f8 fe ff ff 0f 1f 00 83 e8 05 83 f8 03 0f
  0x00007ab97f49da07:   86 14 ff ff ff e9 17 ff ff ff 0f 1f 80 00 00 00
  0x00007ab97f49da17:   00 31 f6 48 89 ef e8 ce 1f 17 00 8b 83 08 14 00
  0x00007ab97f49da27:   00 85 c0 0f 8f c0 01 00 00 48 8b 83 b0 09 00 00
=>0x00007ab97f49da37:   80 78 0c 00 0f 85 d8 02 00 00 8b 83 d8 44 02 00
  0x00007ab97f49da47:   45 31 ff 85 c0 7f 20 eb 47 48 8b 87 b0 09 00 00
  0x00007ab97f49da57:   80 78 0c 00 0f 85 9f 01 00 00 49 83 c7 01 44 39
  0x00007ab97f49da67:   bb d8 44 02 00 7e 29 48 8b 83 e0 44 02 00 4a 8b
  0x00007ab97f49da77:   3c f8 44 8b 9f 08 14 00 00 45 85 db 7e cb e8 46
  0x00007ab97f49da87:   96 0e 00 49 83 c7 01 44 39 bb d8 44 02 00 7f d7
  0x00007ab97f49da97:   48 c7 44 24 30 00 00 00 00 4c 8d 7c 24 30 4c 89
  0x00007ab97f49daa7:   ff e8 23 f2 1a 00 48 8b 4c 24 08 4d 89 f9 4d 89
  0x00007ab97f49dab7:   e0 48 8b 14 24 be 01 00 00 00 48 89 df e8 87 b2
  0x00007ab97f49dac7:   ff ff 44 8b 93 d4 35 02 00 45 85 d2 74 0b 4c 89
  0x00007ab97f49dad7:   fe 48 89 df e8 b0 ae 03 00 8b 44 24 30 45 31 c9
  0x00007ab97f49dae7:   4d 89 f8 48 89 e9 c7 83 c4 44 02 00 00 00 00 00
  0x00007ab97f49daf7:   4c 89 ea be 01 00 00 00 48 89 df 89 83 c0 44 02
  0x00007ab97f49db07:   00 48 c7 83 b4 44 02 00 00 00 00 00 66 44 89 8b
  0x00007ab97f49db17:   bc 44 02 00 48 89 9b f8 44 02 00 e8 69 ef ff ff
  0x00007ab97f49db27:   84 c0 0f 84 d6 01 00 00 31 f6 48 89 ef e8 b7 1e


Stack slot to memory mapping:

stack at sp + 0 slots: 0x0 is null
stack at sp + 1 slots: 0x0 is null
stack at sp + 2 slots: 0x00007ab88c5d5db0 points into unknown readable memory: 0x00007ab88c5d5e70 | 70 5e 5d 8c b8 7a 00 00
stack at sp + 3 slots: 0x00007ab88c010000 points into unknown readable memory: 0x00007ab88c099118 | 18 91 09 8c b8 7a 00 00
stack at sp + 4 slots: 0x00007ab88c5bf5b8 points into unknown readable memory: 0x00007ab88c5f25c0 | c0 25 5f 8c b8 7a 00 00
stack at sp + 5 slots: 0x32a32b26ece7a300 is an unknown value
stack at sp + 6 slots: 0x0 is null
stack at sp + 7 slots: 0x0000000000000001 is an unknown value

Lock stack of current Java thread (top to bottom):


Compiled method (c2) 59674 6193       4       java.lang.reflect.Method::invoke (108 bytes)
 total in heap  [0x00007ab9a83cb108,0x00007ab9a83cce70] = 7528
 relocation     [0x00007ab9a83cb1e0,0x00007ab9a83cb410] = 560
 main code      [0x00007ab9a83cb420,0x00007ab9a83ccb60] = 5952
 stub code      [0x00007ab9a83ccb60,0x00007ab9a83ccc68] = 264
 oops           [0x00007ab9a83ccc68,0x00007ab9a83ccca8] = 64
 metadata       [0x00007ab9a83ccca8,0x00007ab9a83cce70] = 456
 immutable data [0x00007ab92015a3d0,0x00007ab92015b788] = 5048
 dependencies   [0x00007ab92015a3d0,0x00007ab92015a448] = 120
 nul chk table  [0x00007ab92015a448,0x00007ab92015a4c0] = 120
 handler table  [0x00007ab92015a4c0,0x00007ab92015a6b8] = 504
 scopes pcs     [0x00007ab92015a6b8,0x00007ab92015ab28] = 1136
 scopes data    [0x00007ab92015ab28,0x00007ab92015b788] = 3168

[Constant Pool (empty)]

[MachCode]
[Instructions begin]
  0x00007ab9a83cb420: 6690 448b | 5608 443b 

  0x00007ab9a83cb428: ;   {runtime_call Shared Runtime ic_miss_blob}
  0x00007ab9a83cb428: 5008 0f85 | 309c 7bff 
[Verified Entry Point]
  0x00007ab9a83cb430: 8984 2400 | c0fe ff55 | 4881 eca0 | 0000 0090 | 4181 7f20 | 0500 0000 | 0f85 0817 | 0000 4889 
  0x00007ab9a83cb450: 4c24 3048 | 8954 2460 | 4889 7424 | 4844 0fbe | 560d 4585 | d20f 84d1 | 0400 0045 | 85d2 0f8f 
  0x00007ab9a83cb470: d40b 0000 | 4c8b 5424 | 4845 0fb6 | 520c 4585 | d20f 8485 | 0400 0045 | 33c9 4c8b | 5424 4845 
  0x00007ab9a83cb490: 8b5a 5445 | 85db 0f84 | 7007 0000 | 4b8d 04dc | 448b 5808 

  0x00007ab9a83cb4a4: ;   {metadata('jdk/internal/reflect/DirectMethodHandleAccessor')}
  0x00007ab9a83cb4a4: 4181 fb78 | 602a 000f | 8500 0b00 | 004c 8bc0 | 41bb 0002 | 0000 4585 | 5810 7539 | 458b 5014 
  0x00007ab9a83cb4c4: 4c8b 5c24 | 6041 8b4b | 0848 be00 | 0000 3eb9 | 7a00 0048 | 03f1 4c8b | 5e70 4d8b | 1b4b 8b44 
  0x00007ab9a83cb4e4: d410 8b48 | 144c 63d1 | 4e8b 1416 | 493b c20f | 8536 0300 | 004c 8b5c | 2430 4d85 | db74 0941 
  0x00007ab9a83cb504: 8b5b 0c4d | 8bd3 eb05 | 33db 4533 | d241 8b48 | 0c3b d90f | 85f3 0a00 | 0045 8b50 | 1885 c90f 
  0x00007ab9a83cb524: 8458 0200 | 0083 f901 | 0f85 b300 | 0000 418b | 4b0c 85c9 | 0f86 d60b | 0000 418b | 6b10 438b 
  0x00007ab9a83cb544: ;   {oop(a 'java/lang/invoke/MethodType'{0x00000007ffc07350} = (Ljava/lang/Object;Ljava/lang/Object;)Ljava/lang/Object;)}
  0x00007ab9a83cb544: 5cd4 1081 | fb6a 0ef8 | ff0f 852d | 0c00 0043 | 8b5c d414 | 85db 0f84 | 700b 0000 | 49c1 e203 
  0x00007ab9a83cb564: 453b 64dc | 1c75 3b4c | 8914 244c | 8944 2420 | 4c89 4c24 | 184c 895c | 2438 498b | f24c 8944 
  0x00007ab9a83cb584: 2408 4c8b | 5424 604c | 8954 2410 | 4c89 5c24 

  0x00007ab9a83cb594: ;   {static_call}
  0x00007ab9a83cb594: 2866 90e8 

  0x00007ab9a83cb598: ; ImmutableOopMap {rbp=NarrowOop [0]=Oop [8]=Oop [16]=Oop [24]=Oop [32]=Oop [40]=Oop [56]=Oop [72]=Oop [96]=Oop }
                      ;*invokestatic maybeCustomize {reexecute=0 rethrow=0 return_oop=0}
                      ; - java.lang.invoke.Invokers::checkCustomized@19 (line 626)
                      ; - java.lang.invoke.Invokers$Holder::invokeExact_MT@14
                      ; - jdk.internal.reflect.DirectMethodHandleAccessor::invokeImpl@55 (line 155)
                      ; - jdk.internal.reflect.DirectMethodHandleAccessor::invoke@23 (line 104)
                      ; - java.lang.reflect.Method::invoke@102 (line 565)
  0x00007ab9a83cb598: 04dd ffff 

  0x00007ab9a83cb59c: ;   {post_call_nop}
  0x00007ab9a83cb59c: 0f1f 8400 | 9404 0000 | eb13 4c89 | 5c24 384c | 894c 2418 | 4c89 4424 | 204c 8914 | 2448 8bcd 
  0x00007ab9a83cb5bc: 48c1 e103 | 896c 2408 | 488b 3424 | 488b 5424 | 6048 8bea 

  0x00007ab9a83cb5d0: ;   {optimized virtual_call}
  0x00007ab9a83cb5d0: 6666 90e8 

  0x00007ab9a83cb5d4: ; ImmutableOopMap {rbp=Oop [0]=Oop [8]=NarrowOop [24]=Oop [32]=Oop [56]=Oop [72]=Oop [96]=Oop }
                      ;*invokevirtual invokeBasic {reexecute=0 rethrow=0 return_oop=1}
                      ; - java.lang.invoke.Invokers$Holder::invokeExact_MT@20
                      ; - jdk.internal.reflect.DirectMethodHandleAccessor::invokeImpl@55 (line 155)
                      ; - jdk.internal.reflect.DirectMethodHandleAccessor::invoke@23 (line 104)
                      ; - java.lang.reflect.Method::invoke@102 (line 565)
  0x00007ab9a83cb5d4: a88d d1ff 

  0x00007ab9a83cb5d8: ;   {post_call_nop}
  0x00007ab9a83cb5d8: 0f1f 8400 | d004 0001 | e937 0200 | 0083 f902 | 0f84 7e08 | 0000 83f9 | 030f 85e6 | 0000 0041 
  0x00007ab9a83cb5f8: 8b5b 0c83 | fb02 0f86 | 100c 0000 | 418b 5b18 | 418b 7b14 | 418b 6b10 

  0x00007ab9a83cb610: ; implicit exception: dispatches to 0x00007ab9a83cc730
  0x00007ab9a83cb610: 438b 4cd4 

  0x00007ab9a83cb614: ;   {oop(a 'java/lang/invoke/MethodType'{0x00000007ffc17ec0} = (Ljava/lang/Object;Ljava/lang/Object;Ljava/lang/Object;Ljava/lang/Object;)Ljava/lang/Object;)}
  0x00007ab9a83cb614: 1081 f9d8 | 2ff8 ff0f | 8527 0c00 | 0043 8b4c | d414 85c9 | 0f84 9a0b | 0000 49c1 | e203 453b 
  0x00007ab9a83cb634: 64cc 1c75 | 3c4c 8954 | 2410 897c | 2404 891c | 244c 8944 | 2420 4c89 | 4c24 184c | 895c 2438 
  0x00007ab9a83cb654: 498b f248 | ff74 2460 | 488f 4424 

  0x00007ab9a83cb660: ;   {static_call}
  0x00007ab9a83cb660: 2866 90e8 

  0x00007ab9a83cb664: ; ImmutableOopMap {rbp=NarrowOop [0]=NarrowOop [4]=NarrowOop [16]=Oop [24]=Oop [32]=Oop [40]=Oop [48]=Oop [56]=Oop [72]=Oop [96]=Oop }
                      ;*invokestatic maybeCustomize {reexecute=0 rethrow=0 return_oop=0}
                      ; - java.lang.invoke.Invokers::checkCustomized@19 (line 626)
                      ; - java.lang.invoke.LambdaForm$MH/0x00007ab93f089800::invokeExact_MT@15
                      ; - jdk.internal.reflect.DirectMethodHandleAccessor::invokeImpl@92 (line 157)
                      ; - jdk.internal.reflect.DirectMethodHandleAccessor::invoke@23 (line 104)
                      ; - java.lang.reflect.Method::invoke@102 (line 565)
  0x00007ab9a83cb664: 38dc ffff 

  0x00007ab9a83cb668: ;   {post_call_nop}
  0x00007ab9a83cb668: 0f1f 8400 | 6005 0002 | 8b1c 24eb | 184c 895c | 2438 4c89 | 4c24 184c | 8944 2420 | 897c 2404 
  0x00007ab9a83cb688: 4c89 5424 | 104c 8bcb | 49c1 e103 | 448b 5424 | 044d 8bc2 | 49c1 e003 | 488b cd48 | c1e1 034c 
  0x00007ab9a83cb6a8: 8b5c 2410 | 4c89 1c24 | 4489 5424 | 0889 5c24 | 0c48 8b74 | 2410 488b | 5424 6048 | 8954 2450 
  0x00007ab9a83cb6c8: ;   {optimized virtual_call}
  0x00007ab9a83cb6c8: 6666 90e8 

  0x00007ab9a83cb6cc: ; ImmutableOopMap {rbp=NarrowOop [0]=Oop [8]=NarrowOop [12]=NarrowOop [24]=Oop [32]=Oop [56]=Oop [72]=Oop [80]=Oop [96]=Oop }
                      ;*invokevirtual invokeBasic {reexecute=0 rethrow=0 return_oop=1}
                      ; - java.lang.invoke.LambdaForm$MH/0x00007ab93f089800::invokeExact_MT@24
                      ; - jdk.internal.reflect.DirectMethodHandleAccessor::invokeImpl@92 (line 157)
                      ; - jdk.internal.reflect.DirectMethodHandleAccessor::invoke@23 (line 104)
                      ; - java.lang.reflect.Method::invoke@102 (line 565)
  0x00007ab9a83cb6cc: 309a d1ff 

  0x00007ab9a83cb6d0: ;   {post_call_nop}
  0x00007ab9a83cb6d0: 0f1f 8400 | c805 0003 | e93f 0100 | 0043 8b5c 

  0x00007ab9a83cb6e0: ;   {oop(a 'java/lang/invoke/MethodType'{0x00000007ffc17fb0} = (Ljava/lang/Object;[Ljava/lang/Object;)Ljava/lang/Object;)}
  0x00007ab9a83cb6e0: d410 81fb | f62f f8ff | 0f85 5a0a | 0000 438b | 5cd4 1485 | db0f 84a1 | 0900 0049 | c1e2 0345 
  0x00007ab9a83cb700: 3b64 dc1c | 753c 4c89 | 1424 4c89 | 4424 204c | 894c 2418 | 4c89 5c24 | 3849 8bf2 | 4c89 4424 
  0x00007ab9a83cb720: 084c 8b54 | 2460 4c89 | 5424 1049 

  0x00007ab9a83cb72c: ;   {static_call}
  0x00007ab9a83cb72c: 8beb 90e8 

  0x00007ab9a83cb730: ; ImmutableOopMap {rbp=Oop [0]=Oop [8]=Oop [16]=Oop [24]=Oop [32]=Oop [56]=Oop [72]=Oop [96]=Oop }
                      ;*invokestatic maybeCustomize {reexecute=0 rethrow=0 return_oop=0}
                      ; - java.lang.invoke.Invokers::checkCustomized@19 (line 626)
                      ; - java.lang.invoke.Invokers$Holder::invokeExact_MT@14
                      ; - jdk.internal.reflect.DirectMethodHandleAccessor::invokeImpl@104 (line 158)
                      ; - jdk.internal.reflect.DirectMethodHandleAccessor::invoke@23 (line 104)
                      ; - java.lang.reflect.Method::invoke@102 (line 565)
  0x00007ab9a83cb730: 6cdb ffff 

  0x00007ab9a83cb734: ;   {post_call_nop}
  0x00007ab9a83cb734: 0f1f 8400 | 2c06 0004 | 4c8b 1424 | eb0f 4c89 | 5c24 384c | 894c 2418 | 4c89 4424 | 204c 8914 
  0x00007ab9a83cb754: 2449 8bf2 | 488b 5424 | 6048 8b4c | 2438 4889 | 5424 1048 | 8954 2440 

  0x00007ab9a83cb76c: ;   {optimized virtual_call}
  0x00007ab9a83cb76c: 6666 90e8 

  0x00007ab9a83cb770: ; ImmutableOopMap {[0]=Oop [16]=Oop [24]=Oop [32]=Oop [56]=Oop [64]=Oop [72]=Oop [96]=Oop }
                      ;*invokevirtual invokeBasic {reexecute=0 rethrow=0 return_oop=1}
                      ; - java.lang.invoke.Invokers$Holder::invokeExact_MT@20
                      ; - jdk.internal.reflect.DirectMethodHandleAccessor::invokeImpl@104 (line 158)
                      ; - jdk.internal.reflect.DirectMethodHandleAccessor::invoke@23 (line 104)
                      ; - java.lang.reflect.Method::invoke@102 (line 565)
  0x00007ab9a83cb770: 0c8c d1ff 

  0x00007ab9a83cb774: ;   {post_call_nop}
  0x00007ab9a83cb774: 0f1f 8400 | 6c06 0005 | e99b 0000 | 0043 8b5c 

  0x00007ab9a83cb784: ;   {oop(a 'java/lang/invoke/MethodType'{0x00000007ffc07238} = (Ljava/lang/Object;)Ljava/lang/Object;)}
  0x00007ab9a83cb784: d410 81fb | 470e f8ff | 0f85 d208 | 0000 438b | 5cd4 1485 | db0f 843d | 0800 0049 | c1e2 0345 
  0x00007ab9a83cb7a4: 3b64 dc1c | 7544 4c89 | 1424 4c89 | 4424 204c | 894c 2418 | 4c89 5c24 | 3849 8bf2 | 4c89 4424 
  0x00007ab9a83cb7c4: 084c 8b54 | 2460 4c89 | 5424 104c | 895c 2428 | 488b 6c24 

  0x00007ab9a83cb7d8: ;   {static_call}
  0x00007ab9a83cb7d8: 1066 90e8 

  0x00007ab9a83cb7dc: ; ImmutableOopMap {rbp=Oop [0]=Oop [8]=Oop [16]=Oop [24]=Oop [32]=Oop [40]=Oop [56]=Oop [72]=Oop [96]=Oop }
                      ;*invokestatic maybeCustomize {reexecute=0 rethrow=0 return_oop=0}
                      ; - java.lang.invoke.Invokers::checkCustomized@19 (line 626)
                      ; - java.lang.invoke.Invokers$Holder::invokeExact_MT@14
                      ; - jdk.internal.reflect.DirectMethodHandleAccessor::invokeImpl@41 (line 154)
                      ; - jdk.internal.reflect.DirectMethodHandleAccessor::invoke@23 (line 104)
                      ; - java.lang.reflect.Method::invoke@102 (line 565)
  0x00007ab9a83cb7dc: c0da ffff 

  0x00007ab9a83cb7e0: ;   {post_call_nop}
  0x00007ab9a83cb7e0: 0f1f 8400 | d806 0006 | 4c8b 1424 | eb0f 4c89 | 5c24 384c | 894c 2418 | 4c89 4424 | 204c 8914 
  0x00007ab9a83cb800: 2449 8bf2 | 488b 5424 | 6048 8bea 

  0x00007ab9a83cb80c: ;   {optimized virtual_call}
  0x00007ab9a83cb80c: 6666 90e8 

  0x00007ab9a83cb810: ; ImmutableOopMap {rbp=Oop [0]=Oop [24]=Oop [32]=Oop [56]=Oop [72]=Oop [96]=Oop }
                      ;*invokevirtual invokeBasic {reexecute=0 rethrow=0 return_oop=1}
                      ; - java.lang.invoke.Invokers$Holder::invokeExact_MT@19
                      ; - jdk.internal.reflect.DirectMethodHandleAccessor::invokeImpl@41 (line 154)
                      ; - jdk.internal.reflect.DirectMethodHandleAccessor::invoke@23 (line 104)
                      ; - java.lang.reflect.Method::invoke@102 (line 565)
  0x00007ab9a83cb810: ec07 d0ff 

  0x00007ab9a83cb814: ;   {post_call_nop}
  0x00007ab9a83cb814: 0f1f 8400 | 0c07 0007 | 4881 c4a0 | 0000 005d 

  0x00007ab9a83cb824: ;   {poll_return}
  0x00007ab9a83cb824: 493b 6728 | 0f87 1213 | 0000 c383 | f920 0f85 | a300 0000 | 483b f00f | 84b8 fcff | ff48 8b9e 
  0x00007ab9a83cb844: a000 0000 | 488b d38a | 88a8 0000 | 0083 f13f | 48d3 e248 | 85d2 0f89 | 6600 0000 | f348 0fb8 
  0x00007ab9a83cb864: d24c 8b5e | 2849 3b04 | d374 608a | 88a8 0000 | 0048 d3cb | 480f bae3 | 0173 4741 | 8b3b 4983 
  0x00007ab9a83cb884: c308 83ff | 3e0f 8f24 | 0000 0033 | c93b d70f | 4dd1 493b | 04d3 0f84 | 2f00 0000 | 480f bae3 
  0x00007ab9a83cb8a4: 020f 831b | 0000 0048 | d1cb 83c2 | 01eb de33 | d249 3b04 | d30f 8410 | 0000 0083 | c201 3bd7 
  0x00007ab9a83cb8c4: 7cef 48c7 | c701 0000 | 00eb 0348 | 33ff 4885 | ff0f 841e | fcff ffbe | 4dff ffff | 488b 6c24 
  0x00007ab9a83cb8e4: 4848 ff74 | 2460 488f | 0424 4c89 | 4c24 104c | 8944 2420 | 4c89 4424 

  0x00007ab9a83cb8fc: ;   {runtime_call UncommonTrapBlob}
  0x00007ab9a83cb8fc: 3866 90e8 

  0x00007ab9a83cb900: ; ImmutableOopMap {rbp=Oop [0]=Oop [16]=Oop [32]=Oop [48]=Oop [56]=Oop }
                      ;*ifne {reexecute=1 rethrow=0 return_oop=0}
                      ; - (reexecute) jdk.internal.reflect.DirectMethodHandleAccessor::checkReceiver@11 (line 197)
                      ; - jdk.internal.reflect.DirectMethodHandleAccessor::invoke@9 (line 100)
                      ; - java.lang.reflect.Method::invoke@102 (line 565)
  0x00007ab9a83cb900: dc44 89ff 

  0x00007ab9a83cb904: ;   {post_call_nop}
  0x00007ab9a83cb904: 0f1f 8400 | fc07 0008 

  0x00007ab9a83cb90c: ;   {static_call}
  0x00007ab9a83cb90c: 6666 90e8 

  0x00007ab9a83cb910: ; ImmutableOopMap {[48]=Oop [72]=Oop [96]=Oop }
                      ;*invokestatic getCallerClass {reexecute=0 rethrow=0 return_oop=1}
                      ; - java.lang.reflect.Method::invoke@19 (line 549)
  0x00007ab9a83cb910: 7c15 d3ff 

  0x00007ab9a83cb914: ;   {post_call_nop}
  0x00007ab9a83cb914: 0f1f 8400 | 0c08 0009 | 4889 4424 | 084c 8b54 | 2448 450f | b652 0c45 | 85d2 0f84 | 1303 0000 
  0x00007ab9a83cb934: 4c8b c8e9 | 4efb ffff | 448b 5e28 

  0x00007ab9a83cb940: ; implicit exception: dispatches to 0x00007ab9a83cc7b8
  0x00007ab9a83cb940: 478b 54dc | 3444 8994 | 2488 0000 | 0049 8bf2 | 48c1 e603 | 488b 6c24 

  0x00007ab9a83cb958: ;   {static_call}
  0x00007ab9a83cb958: 4866 90e8 

  0x00007ab9a83cb95c: ; ImmutableOopMap {rbp=Oop [48]=Oop [72]=Oop [96]=Oop [136]=NarrowOop }
                      ;*invokestatic isSystemDomainLoader {reexecute=0 rethrow=0 return_oop=0}
                      ; - jdk.internal.reflect.Reflection::isCallerSensitive@9 (line 352)
                      ; - java.lang.reflect.Method::isCallerSensitive@11 (line 603)
                      ; - java.lang.reflect.Method::invoke@1 (line 546)
  0x00007ab9a83cb95c: 606a 51f8 

  0x00007ab9a83cb960: ;   {post_call_nop}
  0x00007ab9a83cb960: 0f1f 8400 | 5808 000a | 85c0 0f84 | 8d02 0000 | 448b 5d18 | 4585 db0f | 856b 0200 | 0048 8d9c 
  0x00007ab9a83cb980: 2490 0000 | 004c 8b55 | 0041 8b9f | f806 0000 | 41f6 c202 | 0f85 3800 | 0000 81fb | 4707 0000 
  0x00007ab9a83cb9a0: 0f8f 4c00 | 0000 493b | 6c1f f874 | 1749 8bc2 | 4883 c801 | 4983 e2fe | f04c 0fb1 | 5500 0f85 
  0x00007ab9a83cb9c0: 2e00 0000 | 4989 2c1f | 4183 87f8 | 0600 0008 | eb1e 4833 | c049 8b9f | 4804 0000 | f049 0fb1 
  0x00007ab9a83cb9e0: 5a3e 740c | 483b d875 | 0949 ff82 | 8600 0000 | 33c0 0f85 | c008 0000 | 448b 5518 | 4585 d20f 
  0x00007ab9a83cba00: 85f8 0800 | 0044 8b5d | 4c45 85db | 0f85 8b00 | 0000 448b | 4528 8b6d 

  0x00007ab9a83cba18: ;   {oop(a 'java/lang/Class'{0x000000070b4b06e0} = 'jdk/internal/access/SharedSecrets')}
  0x00007ab9a83cba18: 4049 bae0 | 064b 0b07 | 0000 0045 | 8b5a 7c47 | 8b54 dc08 

  0x00007ab9a83cba2c: ;   {metadata('java/lang/System$1')}
  0x00007ab9a83cba2c: 4181 faa8 | 2f17 000f | 8523 0900 | 004f 8d14 | dc45 85c0 | 0f84 e208 | 0000 4b8d | 34c4 4c89 
  0x00007ab9a83cba4c: 1424 4489 | 4424 0848 | ff74 2448 | 488f 4424 

  0x00007ab9a83cba5c: ;   {optimized virtual_call}
  0x00007ab9a83cba5c: 1066 90e8 

  0x00007ab9a83cba60: ; ImmutableOopMap {rbp=NarrowOop [0]=Oop [8]=NarrowOop [16]=Oop [48]=Oop [72]=Oop [96]=Oop [136]=NarrowOop }
                      ;*invokevirtual getConstantPool {reexecute=0 rethrow=0 return_oop=1}
                      ; - java.lang.System$1::getConstantPool@1 (line 1983)
                      ; - java.lang.reflect.Executable::declaredAnnotations@53 (line 670)
                      ; - java.lang.reflect.Executable::getAnnotation@7 (line 633)
                      ; - java.lang.reflect.Method::getAnnotation@2 (line 778)
                      ; - java.lang.reflect.AnnotatedElement::isAnnotationPresent@2 (line 291)
                      ; - java.lang.reflect.AccessibleObject::isAnnotationPresent@2 (line 515)
                      ; - jdk.internal.reflect.Reflection::isCallerSensitive@18 (line 353)
                      ; - java.lang.reflect.Method::isCallerSensitive@11 (line 603)
                      ; - java.lang.reflect.Method::invoke@1 (line 546)
  0x00007ab9a83cba60: fc98 7bff 

  0x00007ab9a83cba64: ;   {post_call_nop}
  0x00007ab9a83cba64: 0f1f 8400 | 5c09 000b | 4c8b 5c24 | 1045 8b43 | 2848 8bf5 | 48c1 e603 | 498b c848 | c1e1 0348 
  0x00007ab9a83cba84: 8bd0 4c89 

  0x00007ab9a83cba88: ;   {static_call}
  0x00007ab9a83cba88: 5c24 18e8 

  0x00007ab9a83cba8c: ; ImmutableOopMap {[16]=Oop [24]=Oop [48]=Oop [72]=Oop [96]=Oop [136]=NarrowOop }
                      ;*invokestatic parseAnnotations {reexecute=0 rethrow=0 return_oop=1}
                      ; - java.lang.reflect.Executable::declaredAnnotations@62 (line 667)
                      ; - java.lang.reflect.Executable::getAnnotation@7 (line 633)
                      ; - java.lang.reflect.Method::getAnnotation@2 (line 778)
                      ; - java.lang.reflect.AnnotatedElement::isAnnotationPresent@2 (line 291)
                      ; - java.lang.reflect.AccessibleObject::isAnnotationPresent@2 (line 515)
                      ; - jdk.internal.reflect.Reflection::isCallerSensitive@18 (line 353)
                      ; - java.lang.reflect.Method::isCallerSensitive@11 (line 603)
                      ; - java.lang.reflect.Method::invoke@1 (line 546)
  0x00007ab9a83cba8c: d09e 7bff 

  0x00007ab9a83cba90: ;   {post_call_nop}
  0x00007ab9a83cba90: 0f1f 8400 | 8809 000c | 4c8b d0eb | 224b 8d34 | dc41 8beb | 48ff 7424 | 4848 8f04 

  0x00007ab9a83cbaac: ;   {optimized virtual_call}
  0x00007ab9a83cbaac: 2466 90e8 

  0x00007ab9a83cbab0: ; ImmutableOopMap {rbp=NarrowOop [0]=Oop [48]=Oop [72]=Oop [96]=Oop [136]=NarrowOop }
                      ;*invokevirtual declaredAnnotations {reexecute=0 rethrow=0 return_oop=1}
                      ; - java.lang.reflect.Executable::declaredAnnotations@35 (line 665)
                      ; - java.lang.reflect.Executable::getAnnotation@7 (line 633)
                      ; - java.lang.reflect.Method::getAnnotation@2 (line 778)
                      ; - java.lang.reflect.AnnotatedElement::isAnnotationPresent@2 (line 291)
                      ; - java.lang.reflect.AccessibleObject::isAnnotationPresent@2 (line 515)
                      ; - jdk.internal.reflect.Reflection::isCallerSensitive@18 (line 353)
                      ; - java.lang.reflect.Method::isCallerSensitive@11 (line 603)
                      ; - java.lang.reflect.Method::invoke@1 (line 546)
  0x00007ab9a83cbab0: dcd3 eeff 

  0x00007ab9a83cbab4: ;   {post_call_nop}
  0x00007ab9a83cbab4: 0f1f 8400 | ac09 000d | 4c8b d049 | 8bda 4c8b | 5424 484d | 8d42 1841 | 807f 4800 | 0f85 be0f 
  0x00007ab9a83cbad4: 0000 4c8b | db49 c1eb | 0345 8918 | 4d8b c84c | 33cb 49c1 | e915 0f84 | 2800 0000 | 4883 fb00 
  0x00007ab9a83cbaf4: 0f84 1e00 | 0000 4d8b | c849 c1e9 | 0949 bb00 | 80a7 bab9 | 7a00 004d | 03cb 4180 | 3902 0f85 
  0x00007ab9a83cbb14: d30f 0000 | f083 4424 | c000 488d | 8424 9000 | 0000 4c8b | 5c24 4841 | 8b87 f806 | 0000 4d8b 
  0x00007ab9a83cbb34: 134d 3b5c | 07f8 0f85 | 2e00 0000 | 4183 aff8 | 0600 0008 | 4d3b 5c07 | f00f 8465 | 0000 0049 
  0x00007ab9a83cbb54: 8bc2 4883 | e0fc 4983 | ca01 f04d | 0fb1 130f | 85ca 0f00 | 00e9 4a00 | 0000 4983 | ba86 0000 
  0x00007ab9a83cbb74: 0000 7539 | 49c7 423e | 0000 0000 | f083 4424 | c000 498b | 828e 0000 | 0049 0b82 | 9600 0000 
  0x00007ab9a83cbb94: 7422 4983 | ba9e 0000 | 0000 7518 | 4983 e2fd | 4d89 9768 | 0500 0041 | 83ca 01eb 

  0x00007ab9a83cbbb0: ;   {no_reloc}
  0x00007ab9a83cbbb0: 0a49 ff8a | 8600 0000 | 4533 d20f | 8514 0700 | 0048 85db | 7526 bef6 | ffff ff48 | 8b6c 2448 
  0x00007ab9a83cbbd0: 4c8b 5424 | 304c 8954 

  0x00007ab9a83cbbd8: ;   {runtime_call UncommonTrapBlob}
  0x00007ab9a83cbbd8: 2408 90e8 

  0x00007ab9a83cbbdc: ; ImmutableOopMap {rbp=Oop [8]=Oop [96]=Oop [136]=NarrowOop }
                      ;*invokeinterface get {reexecute=0 rethrow=0 return_oop=0}
                      ; - java.lang.reflect.Executable::getAnnotation@11 (line 633)
                      ; - java.lang.reflect.Method::getAnnotation@2 (line 778)
                      ; - java.lang.reflect.AnnotatedElement::isAnnotationPresent@2 (line 291)
                      ; - java.lang.reflect.AccessibleObject::isAnnotationPresent@2 (line 515)
                      ; - jdk.internal.reflect.Reflection::isCallerSensitive@18 (line 353)
                      ; - java.lang.reflect.Method::isCallerSensitive@11 (line 603)
                      ; - java.lang.reflect.Method::invoke@1 (line 546)
  0x00007ab9a83cbbdc: 0042 89ff 

  0x00007ab9a83cbbe0: ;   {post_call_nop}
  0x00007ab9a83cbbe0: 0f1f 8400 | d80a 000e | 4b8d 1cdc | 448b 5308 

  0x00007ab9a83cbbf0: ;   {metadata('java/util/Collections$EmptyMap')}
  0x00007ab9a83cbbf0: 4181 faf0 | ef2c 000f | 85b0 0000 | 004c 8b54 | 2448 41c6 | 420d ffe9 | 68f8 ffff | 4c89 4c24 
  0x00007ab9a83cbc10: 1048 ff74 | 2460 488f | 4424 184c | 8914 2449 | 8bf2 488b 

  0x00007ab9a83cbc24: ;   {optimized virtual_call}
  0x00007ab9a83cbc24: 6c24 30e8 

  0x00007ab9a83cbc28: ; ImmutableOopMap {rbp=Oop [0]=Oop [16]=Oop [24]=Oop [48]=Oop [72]=Oop [96]=Oop }
                      ;*invokevirtual acquireMethodAccessor {reexecute=0 rethrow=0 return_oop=1}
                      ; - java.lang.reflect.Method::invoke@75 (line 562)
  0x00007ab9a83cbc28: 9492 25f8 

  0x00007ab9a83cbc2c: ;   {post_call_nop}
  0x00007ab9a83cbc2c: 0f1f 8400 | 240b 000f | 4885 c00f | 845b 0600 | 004c 8b4c | 2410 e959 | f8ff ff4c | 8b54 2448 
  0x00007ab9a83cbc4c: 458b 5228 | 4c8b 5c24 | 4845 8b4b | 2041 f6c1 | 080f 8501 | 0200 004c | 8b5c 2460 

  0x00007ab9a83cbc68: ; implicit exception: dispatches to 0x00007ab9a83cc7d0
  0x00007ab9a83cbc68: 458b 5b08 | 49b8 0000 | 003e b97a | 0000 4d03 | c34d 8b58 | 704d 8b03 | 498b ca48 | c1e1 0348 
  0x00007ab9a83cbc88: 8b74 2448 | 488b d048 

  0x00007ab9a83cbc90: ;   {optimized virtual_call}
  0x00007ab9a83cbc90: 8bee 90e8 

  0x00007ab9a83cbc94: ; ImmutableOopMap {rbp=Oop [8]=Oop [48]=Oop [72]=Oop [96]=Oop }
                      ;*invokevirtual checkAccess {reexecute=0 rethrow=0 return_oop=0}
                      ; - java.lang.reflect.Method::invoke@60 (line 556)
  0x00007ab9a83cbc94: 688c 9ff8 

  0x00007ab9a83cbc98: ;   {post_call_nop}
  0x00007ab9a83cbc98: 0f1f 8400 | 900b 0010 | 4c8b 5424 | 084d 8bca | e9dd f7ff 

  0x00007ab9a83cbcac: ;   {metadata('java/util/LinkedHashMap')}
  0x00007ab9a83cbcac: ff41 81fa | e845 2300 | 0f85 de06 | 0000 448b | 4324 4585 | c00f 8436 | ffff ff43 | 8b4c c40c 
  0x00007ab9a83cbccc: 85c9 0f86 | 6807 0000 | 4b8d 3cc4 

  0x00007ab9a83cbcd8: ;   {oop(a 'java/lang/Class'{0x000000070b4caac0} = 'jdk/internal/reflect/CallerSensitive')}
  0x00007ab9a83cbcd8: 8d69 ff48 | bec0 aa4c | 0b07 0000 | 004c 8b16 | 4d8b da49 | 83e3 0349 | 83fb 020f | 8438 0200 
  0x00007ab9a83cbcf8: 0049 c1ea | 0b41 8bc2 | 25ff ffff | 7f0f 8426 | 0200 0044 | 8bc8 41c1 | e910 4433 | c841 23e9 
  0x00007ab9a83cbd18: 448b 54af | 1045 85d2 | 0f84 d7fe | ffff 478b | 5cd4 0c4b | 8d2c d445 | 3bd9 750d | 438b 54d4 
  0x00007ab9a83cbd38: ;   {oop(a 'java/lang/Class'{0x000000070b4caac0} = 'jdk/internal/reflect/CallerSensitive')}
  0x00007ab9a83cbd38: 1081 fa58 | 9569 e174 | 6647 8b5c | d418 4585 | db0f 84ae | feff ff43 | 8b54 d408 

  0x00007ab9a83cbd54: ;   {metadata('java/util/HashMap$TreeNode')}
  0x00007ab9a83cbd54: 81fa 4834 | 2b00 0f84 | 8807 0000 | 4b8d 04dc | 8b50 0c41 | 3bd1 7429 | 4d8b 7730 | 8b50 184c 
  0x00007ab9a83cbd74: 8b5c 2448 | 498b f3c5 | fa10 8424 

  0x00007ab9a83cbd80: ; ImmutableOopMap {r10=NarrowOop r8=NarrowOop rbx=Oop rdi=Oop rdx=NarrowOop rsi=Oop rbp=Oop xmm0=NarrowOop [48]=Oop [72]=Oop [96]=Oop [136]=NarrowOop }
                      ;*ifnonnull {reexecute=1 rethrow=0 return_oop=0}
                      ; - (reexecute) java.util.HashMap::getNode@145 (line 588)
                      ; - java.util.LinkedHashMap::get@2 (line 537)
                      ; - java.lang.reflect.Executable::getAnnotation@11 (line 633)
                      ; - java.lang.reflect.Method::getAnnotation@2 (line 778)
                      ; - java.lang.reflect.AnnotatedElement::isAnnotationPresent@2 (line 291)
                      ; - java.lang.reflect.AccessibleObject::isAnnotationPresent@2 (line 515)
                      ; - jdk.internal.reflect.Reflection::isCallerSensitive@18 (line 353)
                      ; - java.lang.reflect.Method::isCallerSensitive@11 (line 603)
                      ; - java.lang.reflect.Method::invoke@1 (line 546)
  0x00007ab9a83cbd80: 8800 0000 

  0x00007ab9a83cbd84: ;   {poll}
  0x00007ab9a83cbd84: 4185 0685 | d20f 846e | feff ff49 | 8d04 d4eb | cf8b 6810 

  0x00007ab9a83cbd98: ;   {oop(a 'java/lang/Class'{0x000000070b4caac0} = 'jdk/internal/reflect/CallerSensitive')}
  0x00007ab9a83cbd98: 81fd 5895 | 69e1 0f85 | 8c07 0000 | 488b e844 | 0fb6 5330 | 4585 d20f | 85d3 0100 | 0044 8b45 
  0x00007ab9a83cbdb8: 1445 85c0 | 0f84 3bfe | ffff 478b 

  0x00007ab9a83cbdc4: ;   {metadata('java/lang/Class')}
  0x00007ab9a83cbdc4: 5cc4 0841 | 81fb b868 | 1700 0f84 | a006 0000 

  0x00007ab9a83cbdd4: ;   {metadata('jdk/internal/reflect/CallerSensitive')}
  0x00007ab9a83cbdd4: 48b8 908d | 1e3e b97a | 0000 48be | 0000 003e | b97a 0000 | 4903 f34c | 8b56 204c | 3bd0 7444 
  0x00007ab9a83cbdf4: 4833 ff4c | 8b9e a000 | 0000 498b | d348 c1e2 | 250f 8921 | 0000 00f3 | 480f b8d2 | 488b 5e28 
  0x00007ab9a83cbe14: 483b 04d3 | 7415 490f | bae3 1b73 | 0b49 c1cb 

  0x00007ab9a83cbe24: ;   {runtime_call StubRoutines (compiler stubs)}
  0x00007ab9a83cbe24: 1ae8 cd4a | 7fff eb03 | 48ff c748 | 85ff 0f85 | 3c06 0000 | 4f8d 14c4 | be4d ffff | ff48 8b6c 
  0x00007ab9a83cbe44: 2448 4c8b | 5c24 304c | 895c 2408 | 4c89 5424 

  0x00007ab9a83cbe54: ;   {runtime_call UncommonTrapBlob}
  0x00007ab9a83cbe54: 4066 90e8 

  0x00007ab9a83cbe58: ; ImmutableOopMap {rbp=Oop [8]=Oop [64]=Oop [96]=Oop [136]=NarrowOop }
                      ;*ifnull {reexecute=1 rethrow=0 return_oop=0}
                      ; - (reexecute) java.lang.reflect.AnnotatedElement::isAnnotationPresent@7 (line 291)
                      ; - java.lang.reflect.AccessibleObject::isAnnotationPresent@2 (line 515)
                      ; - jdk.internal.reflect.Reflection::isCallerSensitive@18 (line 353)
                      ; - java.lang.reflect.Method::isCallerSensitive@11 (line 603)
                      ; - java.lang.reflect.Method::invoke@1 (line 546)
  0x00007ab9a83cbe58: 843f 89ff 

  0x00007ab9a83cbe5c: ;   {post_call_nop}
  0x00007ab9a83cbe5c: 0f1f 8400 | 540d 0012 | 4533 c0e9 | 14fe ffff 

  0x00007ab9a83cbe6c: ; implicit exception: dispatches to 0x00007ab9a83cc820
  0x00007ab9a83cbe6c: 418b 5b0c | 83fb 010f | 868f 0500 | 0041 8b5b | 1441 8b6b | 1043 8b7c 

  0x00007ab9a83cbe84: ;   {oop(a 'java/lang/invoke/MethodType'{0x00000007ffc18118} = (Ljava/lang/Object;Ljava/lang/Object;Ljava/lang/Object;)Ljava/lang/Object;)}
  0x00007ab9a83cbe84: d410 81ff | 2330 f8ff | 0f85 0a06 | 0000 438b | 4cd4 1485 | c90f 8421 | 0500 0049 | c1e2 0345 
  0x00007ab9a83cbea4: 3b64 cc1c | 7537 4c89 | 5424 1089 | 1c24 4c89 | 4424 204c | 894c 2418 | 4c89 5c24 | 3849 8bf2 
  0x00007ab9a83cbec4: 48ff 7424 | 6048 8f44 

  0x00007ab9a83cbecc: ;   {static_call}
  0x00007ab9a83cbecc: 2428 90e8 

  0x00007ab9a83cbed0: ; ImmutableOopMap {rbp=NarrowOop [0]=NarrowOop [16]=Oop [24]=Oop [32]=Oop [40]=Oop [48]=Oop [56]=Oop [72]=Oop [96]=Oop }
                      ;*invokestatic maybeCustomize {reexecute=0 rethrow=0 return_oop=0}
                      ; - java.lang.invoke.Invokers::checkCustomized@19 (line 626)
                      ; - java.lang.invoke.LambdaForm$MH/0x00007ab93f131c00::invokeExact_MT@15
                      ; - jdk.internal.reflect.DirectMethodHandleAccessor::invokeImpl@72 (line 156)
                      ; - jdk.internal.reflect.DirectMethodHandleAccessor::invoke@23 (line 104)
                      ; - java.lang.reflect.Method::invoke@102 (line 565)
  0x00007ab9a83cbed0: 8c9a 7bff 

  0x00007ab9a83cbed4: ;   {post_call_nop}
  0x00007ab9a83cbed4: 0f1f 8400 | cc0d 0013 | 8b1c 24eb | 144c 895c | 2438 4c89 | 4c24 184c | 8944 2420 | 4c89 5424 
  0x00007ab9a83cbef4: 104c 8bc3 | 49c1 e003 | 488b cd48 | c1e1 034c | 8b54 2410 | 4c89 1424 | 895c 2408 | 488b 7424 
  0x00007ab9a83cbf14: 1048 8b54 | 2460 4889 

  0x00007ab9a83cbf1c: ;   {optimized virtual_call}
  0x00007ab9a83cbf1c: 5424 50e8 

  0x00007ab9a83cbf20: ; ImmutableOopMap {rbp=NarrowOop [0]=Oop [8]=NarrowOop [24]=Oop [32]=Oop [56]=Oop [72]=Oop [80]=Oop [96]=Oop }
                      ;*invokevirtual invokeBasic {reexecute=0 rethrow=0 return_oop=1}
                      ; - java.lang.invoke.LambdaForm$MH/0x00007ab93f131c00::invokeExact_MT@22
                      ; - jdk.internal.reflect.DirectMethodHandleAccessor::invokeImpl@72 (line 156)
                      ; - jdk.internal.reflect.DirectMethodHandleAccessor::invoke@23 (line 104)
                      ; - java.lang.reflect.Method::invoke@102 (line 565)
  0x00007ab9a83cbf20: 3c94 7bff 

  0x00007ab9a83cbf24: ;   {post_call_nop}
  0x00007ab9a83cbf24: 0f1f 8400 | 1c0e 0014 | e9eb f8ff | ff48 897c | 2420 894c | 2418 4489 | 4424 0c48 | 895c 2410 
  0x00007ab9a83cbf44: 4889 4424 | f88b 8424 | 8800 0000 | 8944 2408 | 488b 4424 | f848 ff74 | 2448 488f 

  0x00007ab9a83cbf60: ;   {optimized virtual_call}
  0x00007ab9a83cbf60: 0424 90e8 

  0x00007ab9a83cbf64: ; ImmutableOopMap {[0]=Oop [8]=NarrowOop [12]=NarrowOop [16]=Oop [32]=Oop [48]=Oop [72]=Oop [96]=Oop [136]=NarrowOop }
                      ;*invokevirtual hashCode {reexecute=0 rethrow=0 return_oop=0}
                      ; - java.util.HashMap::hash@9 (line 338)
                      ; - java.util.HashMap::getNode@23 (line 577)
                      ; - java.util.LinkedHashMap::get@2 (line 537)
                      ; - java.lang.reflect.Executable::getAnnotation@11 (line 633)
                      ; - java.lang.reflect.Method::getAnnotation@2 (line 778)
                      ; - java.lang.reflect.AnnotatedElement::isAnnotationPresent@2 (line 291)
                      ; - java.lang.reflect.AccessibleObject::isAnnotationPresent@2 (line 515)
                      ; - jdk.internal.reflect.Reflection::isCallerSensitive@18 (line 353)
                      ; - java.lang.reflect.Method::isCallerSensitive@11 (line 603)
                      ; - java.lang.reflect.Method::invoke@1 (line 546)
  0x00007ab9a83cbf64: f893 7bff 

  0x00007ab9a83cbf68: ;   {post_call_nop}
  0x00007ab9a83cbf68: 0f1f 8400 | 600e 0015 | 488b 5c24 | 1044 8b44 | 240c 8b4c | 2418 488b | 7c24 20e9 | 83fd ffff 
  0x00007ab9a83cbf88: 4889 1c24 | 488b f348 | 8bd5 48ff | 7424 4848 | 8f44 2408 

  0x00007ab9a83cbf9c: ;   {optimized virtual_call}
  0x00007ab9a83cbf9c: 6666 90e8 

  0x00007ab9a83cbfa0: ; ImmutableOopMap {rbp=Oop [0]=Oop [8]=Oop [48]=Oop [72]=Oop [96]=Oop [136]=NarrowOop }
                      ;*invokevirtual afterNodeAccess {reexecute=0 rethrow=0 return_oop=0}
                      ; - java.util.LinkedHashMap::get@21 (line 540)
                      ; - java.lang.reflect.Executable::getAnnotation@11 (line 633)
                      ; - java.lang.reflect.Method::getAnnotation@2 (line 778)
                      ; - java.lang.reflect.AnnotatedElement::isAnnotationPresent@2 (line 291)
                      ; - java.lang.reflect.AccessibleObject::isAnnotationPresent@2 (line 515)
                      ; - jdk.internal.reflect.Reflection::isCallerSensitive@18 (line 353)
                      ; - java.lang.reflect.Method::isCallerSensitive@11 (line 603)
                      ; - java.lang.reflect.Method::invoke@1 (line 546)
  0x00007ab9a83cbfa0: bc93 7bff 

  0x00007ab9a83cbfa4: ;   {post_call_nop}
  0x00007ab9a83cbfa4: 0f1f 8400 | 9c0e 0016 | e904 feff | ffbe deff | ffff 488b | 6c24 4848 | ff74 2460 | 488f 0424 
  0x00007ab9a83cbfc4: 4c89 4c24 | 1048 8944 

  0x00007ab9a83cbfcc: ;   {runtime_call UncommonTrapBlob}
  0x00007ab9a83cbfcc: 2420 90e8 

  0x00007ab9a83cbfd0: ; ImmutableOopMap {rbp=Oop [0]=Oop [16]=Oop [32]=Oop [48]=Oop }
                      ;*invokeinterface invoke {reexecute=0 rethrow=0 return_oop=0}
                      ; - java.lang.reflect.Method::invoke@102 (line 565)
  0x00007ab9a83cbfd0: 0c3e 89ff 

  0x00007ab9a83cbfd4: ;   {post_call_nop}
  0x00007ab9a83cbfd4: 0f1f 8400 | cc0e 0017 | bef6 ffff | ff48 8b6c | 2448 48ff | 7424 6048 | 8f04 244c | 894c 2410 
  0x00007ab9a83cbff4: 4c89 4424 | 204c 8944 | 2438 4489 

  0x00007ab9a83cc000: ;   {runtime_call UncommonTrapBlob}
  0x00007ab9a83cc000: 5424 54e8 

  0x00007ab9a83cc004: ; ImmutableOopMap {rbp=Oop [0]=Oop [16]=Oop [32]=Oop [48]=Oop [56]=Oop [84]=NarrowOop }
                      ;*getfield customized {reexecute=1 rethrow=0 return_oop=0}
                      ; - (reexecute) java.lang.invoke.Invokers::checkCustomized@12 (line 625)
                      ; - java.lang.invoke.Invokers$Holder::invokeExact_MT@14
                      ; - jdk.internal.reflect.DirectMethodHandleAccessor::invokeImpl@41 (line 154)
                      ; - jdk.internal.reflect.DirectMethodHandleAccessor::invoke@23 (line 104)
                      ; - java.lang.reflect.Method::invoke@102 (line 565)
  0x00007ab9a83cc004: d83d 89ff 

  0x00007ab9a83cc008: ;   {post_call_nop}
  0x00007ab9a83cc008: 0f1f 8400 | 000f 0018 | be4d ffff | ff48 8b6c | 2448 48ff | 7424 6048 | 8f04 244c | 894c 2410 
  0x00007ab9a83cc028: 4c89 4424 | 204c 8954 | 2440 895c | 2448 894c 

  0x00007ab9a83cc038: ;   {runtime_call UncommonTrapBlob}
  0x00007ab9a83cc038: 244c 90e8 

  0x00007ab9a83cc03c: ; ImmutableOopMap {rbp=Oop [0]=Oop [16]=Oop [32]=Oop [48]=Oop [64]=Oop }
                      ;*if_icmpeq {reexecute=1 rethrow=0 return_oop=0}
                      ; - (reexecute) jdk.internal.reflect.DirectMethodHandleAccessor::checkArgumentCount@13 (line 323)
                      ; - jdk.internal.reflect.DirectMethodHandleAccessor::invoke@17 (line 102)
                      ; - java.lang.reflect.Method::invoke@102 (line 565)
  0x00007ab9a83cc03c: a03d 89ff 

  0x00007ab9a83cc040: ;   {post_call_nop}
  0x00007ab9a83cc040: 0f1f 8400 | 380f 0019 | be4d ffff | ff48 8b6c | 2448 4489 

  0x00007ab9a83cc054: ;   {runtime_call UncommonTrapBlob}
  0x00007ab9a83cc054: 5424 1ce8 

  0x00007ab9a83cc058: ; ImmutableOopMap {rbp=Oop [48]=Oop [96]=Oop }
                      ;*ifle {reexecute=1 rethrow=0 return_oop=0}
                      ; - (reexecute) java.lang.reflect.Method::isCallerSensitive@29 (line 605)
                      ; - java.lang.reflect.Method::invoke@1 (line 546)
  0x00007ab9a83cc058: 843d 89ff 

  0x00007ab9a83cc05c: ;   {post_call_nop}
  0x00007ab9a83cc05c: 0f1f 8400 | 540f 001a | be4d ffff | ff48 8b6c | 2448 48ff | 7424 6048 | 8f04 244c | 894c 2410 
  0x00007ab9a83cc07c: 4c89 4424 | 204c 8944 | 2438 4489 | 5424 5489 

  0x00007ab9a83cc08c: ;   {runtime_call UncommonTrapBlob}
  0x00007ab9a83cc08c: 5c24 64e8 

  0x00007ab9a83cc090: ; ImmutableOopMap {rbp=Oop [0]=Oop [16]=Oop [32]=Oop [48]=Oop [56]=Oop [84]=NarrowOop [100]=NarrowOop }
                      ;*if_acmpeq {reexecute=1 rethrow=0 return_oop=0}
                      ; - (reexecute) java.lang.invoke.Invokers::checkExactType@7 (line 530)
                      ; - java.lang.invoke.Invokers$Holder::invokeExact_MT@10
                      ; - jdk.internal.reflect.DirectMethodHandleAccessor::invokeImpl@41 (line 154)
                      ; - jdk.internal.reflect.DirectMethodHandleAccessor::invoke@23 (line 104)
                      ; - java.lang.reflect.Method::invoke@102 (line 565)
  0x00007ab9a83cc090: 4c3d 89ff 

  0x00007ab9a83cc094: ;   {post_call_nop}
  0x00007ab9a83cc094: 0f1f 8400 | 8c0f 001b | bef6 ffff | ff48 8b6c | 2448 48ff | 7424 6048 | 8f04 244c | 894c 2410 
  0x00007ab9a83cc0b4: 4c89 4424 | 204c 8944 | 2438 4489 

  0x00007ab9a83cc0c0: ;   {runtime_call UncommonTrapBlob}
  0x00007ab9a83cc0c0: 5424 54e8 

  0x00007ab9a83cc0c4: ; ImmutableOopMap {rbp=Oop [0]=Oop [16]=Oop [32]=Oop [48]=Oop [56]=Oop [84]=NarrowOop }
                      ;*getfield customized {reexecute=1 rethrow=0 return_oop=0}
                      ; - (reexecute) java.lang.invoke.Invokers::checkCustomized@12 (line 625)
                      ; - java.lang.invoke.Invokers$Holder::invokeExact_MT@14
                      ; - jdk.internal.reflect.DirectMethodHandleAccessor::invokeImpl@104 (line 158)
                      ; - jdk.internal.reflect.DirectMethodHandleAccessor::invoke@23 (line 104)
                      ; - java.lang.reflect.Method::invoke@102 (line 565)
  0x00007ab9a83cc0c4: 183d 89ff 

  0x00007ab9a83cc0c8: ;   {post_call_nop}
  0x00007ab9a83cc0c8: 0f1f 8400 | c00f 001c | bef6 ffff | ff48 ff74 | 2448 488f | 0424 48ff | 7424 6048 | 8f44 2408 
  0x00007ab9a83cc0e8: 4c89 4c24 | 184c 8944 | 2428 4c89 | 5c24 384c | 8944 2440 | 4c89 5c24 | 5044 8954 

  0x00007ab9a83cc104: ;   {runtime_call UncommonTrapBlob}
  0x00007ab9a83cc104: 245c 90e8 

  0x00007ab9a83cc108: ; ImmutableOopMap {rbp=NarrowOop [0]=Oop [8]=Oop [24]=Oop [40]=Oop [56]=Oop [64]=Oop [80]=Oop [92]=NarrowOop }
                      ;*getfield customized {reexecute=1 rethrow=0 return_oop=0}
                      ; - (reexecute) java.lang.invoke.Invokers::checkCustomized@12 (line 625)
                      ; - java.lang.invoke.Invokers$Holder::invokeExact_MT@14
                      ; - jdk.internal.reflect.DirectMethodHandleAccessor::invokeImpl@55 (line 155)
                      ; - jdk.internal.reflect.DirectMethodHandleAccessor::invoke@23 (line 104)
                      ; - java.lang.reflect.Method::invoke@102 (line 565)
  0x00007ab9a83cc108: d43c 89ff 

  0x00007ab9a83cc10c: ;   {post_call_nop}
  0x00007ab9a83cc10c: 0f1f 8400 | 0410 001d | bee4 ffff | ff48 8b6c | 2448 48ff | 7424 6048 | 8f04 244c | 894c 2410 
  0x00007ab9a83cc12c: 4c89 4424 | 204c 8944 | 2438 4489 

  0x00007ab9a83cc138: ;   {runtime_call UncommonTrapBlob}
  0x00007ab9a83cc138: 5424 50e8 

  0x00007ab9a83cc13c: ; ImmutableOopMap {rbp=Oop [0]=Oop [16]=Oop [32]=Oop [48]=Oop [56]=Oop [80]=NarrowOop }
                      ;*aaload {reexecute=0 rethrow=0 return_oop=0}
                      ; - jdk.internal.reflect.DirectMethodHandleAccessor::invokeImpl@54 (line 155)
                      ; - jdk.internal.reflect.DirectMethodHandleAccessor::invoke@23 (line 104)
                      ; - java.lang.reflect.Method::invoke@102 (line 565)
  0x00007ab9a83cc13c: a03c 89ff 

  0x00007ab9a83cc140: ;   {post_call_nop}
  0x00007ab9a83cc140: 0f1f 8400 | 3810 001e | be4d ffff | ff48 8b6c | 2448 48ff | 7424 6048 | 8f04 244c | 894c 2410 
  0x00007ab9a83cc160: 4c89 4424 | 204c 8944 | 2438 4489 | 5424 5489 

  0x00007ab9a83cc170: ;   {runtime_call UncommonTrapBlob}
  0x00007ab9a83cc170: 5c24 6ce8 

  0x00007ab9a83cc174: ; ImmutableOopMap {rbp=Oop [0]=Oop [16]=Oop [32]=Oop [48]=Oop [56]=Oop [84]=NarrowOop [108]=NarrowOop }
                      ;*if_acmpeq {reexecute=1 rethrow=0 return_oop=0}
                      ; - (reexecute) java.lang.invoke.Invokers::checkExactType@7 (line 530)
                      ; - java.lang.invoke.Invokers$Holder::invokeExact_MT@10
                      ; - jdk.internal.reflect.DirectMethodHandleAccessor::invokeImpl@104 (line 158)
                      ; - jdk.internal.reflect.DirectMethodHandleAccessor::invoke@23 (line 104)
                      ; - java.lang.reflect.Method::invoke@102 (line 565)
  0x00007ab9a83cc174: 683c 89ff 

  0x00007ab9a83cc178: ;   {post_call_nop}
  0x00007ab9a83cc178: 0f1f 8400 | 7010 001f | be4d ffff | ff48 ff74 | 2448 488f | 0424 48ff | 7424 6048 | 8f44 2408 
  0x00007ab9a83cc198: 4c89 4c24 | 184c 8944 | 2428 4c89 | 5c24 384c | 8944 2440 | 4c89 5c24 | 5044 8954 | 245c 895c 
  0x00007ab9a83cc1b8: ;   {runtime_call UncommonTrapBlob}
  0x00007ab9a83cc1b8: 246c 90e8 

  0x00007ab9a83cc1bc: ; ImmutableOopMap {rbp=NarrowOop [0]=Oop [8]=Oop [24]=Oop [40]=Oop [56]=Oop [64]=Oop [80]=Oop [92]=NarrowOop [108]=NarrowOop }
                      ;*if_acmpeq {reexecute=1 rethrow=0 return_oop=0}
                      ; - (reexecute) java.lang.invoke.Invokers::checkExactType@7 (line 530)
                      ; - java.lang.invoke.Invokers$Holder::invokeExact_MT@10
                      ; - jdk.internal.reflect.DirectMethodHandleAccessor::invokeImpl@55 (line 155)
                      ; - jdk.internal.reflect.DirectMethodHandleAccessor::invoke@23 (line 104)
                      ; - java.lang.reflect.Method::invoke@102 (line 565)
  0x00007ab9a83cc1bc: 203c 89ff 

  0x00007ab9a83cc1c0: ;   {post_call_nop}
  0x00007ab9a83cc1c0: 0f1f 8400 | b810 0020 | bef6 ffff | ff48 ff74 | 2448 488f | 0424 48ff | 7424 6048 | 8f44 2408 
  0x00007ab9a83cc1e0: 4c89 4c24 | 184c 8944 | 2428 4c89 | 5c24 384c | 8944 2440 | 4c89 5c24 | 5089 7c24 | 5c89 5c24 
  0x00007ab9a83cc200: 6844 8954 

  0x00007ab9a83cc204: ;   {runtime_call UncommonTrapBlob}
  0x00007ab9a83cc204: 246c 90e8 

  0x00007ab9a83cc208: ; ImmutableOopMap {rbp=NarrowOop [0]=Oop [8]=Oop [24]=Oop [40]=Oop [56]=Oop [64]=Oop [80]=Oop [92]=NarrowOop [104]=NarrowOop [108]=NarrowOop }
                      ;*getfield customized {reexecute=1 rethrow=0 return_oop=0}
                      ; - (reexecute) java.lang.invoke.Invokers::checkCustomized@12 (line 625)
                      ; - java.lang.invoke.LambdaForm$MH/0x00007ab93f089800::invokeExact_MT@15
                      ; - jdk.internal.reflect.DirectMethodHandleAccessor::invokeImpl@92 (line 157)
                      ; - jdk.internal.reflect.DirectMethodHandleAccessor::invoke@23 (line 104)
                      ; - java.lang.reflect.Method::invoke@102 (line 565)
  0x00007ab9a83cc208: d43b 89ff 

  0x00007ab9a83cc20c: ;   {post_call_nop}
  0x00007ab9a83cc20c: 0f1f 8400 | 0411 0021 | bee4 ffff | ff48 8b6c | 2448 48ff | 7424 6048 | 8f04 244c | 894c 2410 
  0x00007ab9a83cc22c: 4c89 4424 | 204c 8944 | 2438 4489 

  0x00007ab9a83cc238: ;   {runtime_call UncommonTrapBlob}
  0x00007ab9a83cc238: 5424 50e8 

  0x00007ab9a83cc23c: ; ImmutableOopMap {rbp=Oop [0]=Oop [16]=Oop [32]=Oop [48]=Oop [56]=Oop [80]=NarrowOop }
                      ;*aaload {reexecute=0 rethrow=0 return_oop=0}
                      ; - jdk.internal.reflect.DirectMethodHandleAccessor::invokeImpl@85 (line 157)
                      ; - jdk.internal.reflect.DirectMethodHandleAccessor::invoke@23 (line 104)
                      ; - java.lang.reflect.Method::invoke@102 (line 565)
  0x00007ab9a83cc23c: a03b 89ff 

  0x00007ab9a83cc240: ;   {post_call_nop}
  0x00007ab9a83cc240: 0f1f 8400 | 3811 0022 | be4d ffff | ff48 ff74 | 2448 488f | 0424 48ff | 7424 6048 | 8f44 2408 
  0x00007ab9a83cc260: 4c89 4c24 | 184c 8944 | 2428 4c89 | 5c24 384c | 8944 2440 | 4c89 5c24 | 5089 7c24 | 5c89 5c24 
  0x00007ab9a83cc280: 6844 8954 | 246c 894c 

  0x00007ab9a83cc288: ;   {runtime_call UncommonTrapBlob}
  0x00007ab9a83cc288: 2474 90e8 

  0x00007ab9a83cc28c: ; ImmutableOopMap {rbp=NarrowOop [0]=Oop [8]=Oop [24]=Oop [40]=Oop [56]=Oop [64]=Oop [80]=Oop [92]=NarrowOop [104]=NarrowOop [108]=NarrowOop [116]=NarrowOop }
                      ;*if_acmpeq {reexecute=1 rethrow=0 return_oop=0}
                      ; - (reexecute) java.lang.invoke.Invokers::checkExactType@7 (line 530)
                      ; - java.lang.invoke.LambdaForm$MH/0x00007ab93f089800::invokeExact_MT@11
                      ; - jdk.internal.reflect.DirectMethodHandleAccessor::invokeImpl@92 (line 157)
                      ; - jdk.internal.reflect.DirectMethodHandleAccessor::invoke@23 (line 104)
                      ; - java.lang.reflect.Method::invoke@102 (line 565)
  0x00007ab9a83cc28c: 503b 89ff 

  0x00007ab9a83cc290: ;   {post_call_nop}
  0x00007ab9a83cc290: 0f1f 8400 | 8811 0023 | bef6 ffff | ff48 8b2c | 244c 8b54 | 2430 4c89 

  0x00007ab9a83cc2a8: ;   {runtime_call UncommonTrapBlob}
  0x00007ab9a83cc2a8: 5424 08e8 

  0x00007ab9a83cc2ac: ; ImmutableOopMap {rbp=Oop [8]=Oop [16]=Oop [24]=Oop }
                      ;*invokeinterface invoke {reexecute=0 rethrow=0 return_oop=0}
                      ; - java.lang.reflect.Method::invoke@102 (line 565)
  0x00007ab9a83cc2ac: 303b 89ff 

  0x00007ab9a83cc2b0: ;   {post_call_nop}
  0x00007ab9a83cc2b0: 0f1f 8400 | a811 0024 | 488b f548 | 8d94 2490 

  0x00007ab9a83cc2c0: ;   {runtime_call C2 Runtime complete_monitor_locking}
  0x00007ab9a83cc2c0: 0000 00e8 

  0x00007ab9a83cc2c4: ; ImmutableOopMap {rbp=Oop [48]=Oop [72]=Oop [96]=Oop [136]=NarrowOop }
                      ;*monitorenter {reexecute=0 rethrow=0 return_oop=0}
                      ; - java.lang.reflect.Executable::declaredAnnotations@12 (line 661)
                      ; - java.lang.reflect.Executable::getAnnotation@7 (line 633)
                      ; - java.lang.reflect.Method::getAnnotation@2 (line 778)
                      ; - java.lang.reflect.AnnotatedElement::isAnnotationPresent@2 (line 291)
                      ; - java.lang.reflect.AccessibleObject::isAnnotationPresent@2 (line 515)
                      ; - jdk.internal.reflect.Reflection::isCallerSensitive@18 (line 353)
                      ; - java.lang.reflect.Method::isCallerSensitive@11 (line 603)
                      ; - java.lang.reflect.Method::invoke@1 (line 546)
  0x00007ab9a83cc2c4: 9851 89ff 

  0x00007ab9a83cc2c8: ;   {post_call_nop}
  0x00007ab9a83cc2c8: 0f1f 8400 | c011 0025 | e923 f7ff | ff49 8bfb | 488d b424 | 9000 0000 | 498b d749 | ba70 efc0 
  0x00007ab9a83cc2e8: c0b9 7a00 | 0041 ffd2 

  0x00007ab9a83cc2f0: ;   {post_call_nop}
  0x00007ab9a83cc2f0: 0f1f 8400 | 0000 0000 | e9c4 f8ff | ffbe 4dff | ffff 4c8b | 5c24 604c | 891c 244c | 8b5c 2430 
  0x00007ab9a83cc310: 4c89 5c24 | 0844 8954 

  0x00007ab9a83cc318: ;   {runtime_call UncommonTrapBlob}
  0x00007ab9a83cc318: 2460 90e8 

  0x00007ab9a83cc31c: ; ImmutableOopMap {rbp=Oop [0]=Oop [8]=Oop [96]=NarrowOop [136]=NarrowOop }
                      ;*ifnonnull {reexecute=1 rethrow=0 return_oop=0}
                      ; - (reexecute) java.lang.reflect.Executable::declaredAnnotations@19 (line 662)
                      ; - java.lang.reflect.Executable::getAnnotation@7 (line 633)
                      ; - java.lang.reflect.Method::getAnnotation@2 (line 778)
                      ; - java.lang.reflect.AnnotatedElement::isAnnotationPresent@2 (line 291)
                      ; - java.lang.reflect.AccessibleObject::isAnnotationPresent@2 (line 515)
                      ; - jdk.internal.reflect.Reflection::isCallerSensitive@18 (line 353)
                      ; - java.lang.reflect.Method::isCallerSensitive@11 (line 603)
                      ; - java.lang.reflect.Method::invoke@1 (line 546)
  0x00007ab9a83cc31c: c03a 89ff 

  0x00007ab9a83cc320: ;   {post_call_nop}
  0x00007ab9a83cc320: 0f1f 8400 | 1812 0026 | bef6 ffff | ff48 ff74 | 2448 488f | 0424 4c8b | 5c24 604c | 895c 2408 
  0x00007ab9a83cc340: 4c8b 5c24 | 304c 895c | 2410 4c89 

  0x00007ab9a83cc34c: ;   {runtime_call UncommonTrapBlob}
  0x00007ab9a83cc34c: 5424 70e8 

  0x00007ab9a83cc350: ; ImmutableOopMap {rbp=NarrowOop [0]=Oop [8]=Oop [16]=Oop [112]=Oop [136]=NarrowOop }
                      ;*invokevirtual getConstantPool {reexecute=0 rethrow=0 return_oop=0}
                      ; - java.lang.System$1::getConstantPool@1 (line 1983)
                      ; - java.lang.reflect.Executable::declaredAnnotations@53 (line 670)
                      ; - java.lang.reflect.Executable::getAnnotation@7 (line 633)
                      ; - java.lang.reflect.Method::getAnnotation@2 (line 778)
                      ; - java.lang.reflect.AnnotatedElement::isAnnotationPresent@2 (line 291)
                      ; - java.lang.reflect.AccessibleObject::isAnnotationPresent@2 (line 515)
                      ; - jdk.internal.reflect.Reflection::isCallerSensitive@18 (line 353)
                      ; - java.lang.reflect.Method::isCallerSensitive@11 (line 603)
                      ; - java.lang.reflect.Method::invoke@1 (line 546)
  0x00007ab9a83cc350: 8c3a 89ff 

  0x00007ab9a83cc354: ;   {post_call_nop}
  0x00007ab9a83cc354: 0f1f 8400 | 4c12 0027 | bede ffff | ff48 ff74 | 2448 488f | 0424 4c8b | 5424 604c | 8954 2408 
  0x00007ab9a83cc374: 4c8b 5424 | 304c 8954 | 2410 4489 | 5c24 3444 | 8944 2468 

  0x00007ab9a83cc388: ;   {runtime_call UncommonTrapBlob}
  0x00007ab9a83cc388: 6666 90e8 

  0x00007ab9a83cc38c: ; ImmutableOopMap {rbp=NarrowOop [0]=Oop [8]=Oop [16]=Oop [52]=NarrowOop [104]=NarrowOop [136]=NarrowOop }
                      ;*invokeinterface getConstantPool {reexecute=0 rethrow=0 return_oop=0}
                      ; - java.lang.reflect.Executable::declaredAnnotations@53 (line 670)
                      ; - java.lang.reflect.Executable::getAnnotation@7 (line 633)
                      ; - java.lang.reflect.Method::getAnnotation@2 (line 778)
                      ; - java.lang.reflect.AnnotatedElement::isAnnotationPresent@2 (line 291)
                      ; - java.lang.reflect.AccessibleObject::isAnnotationPresent@2 (line 515)
                      ; - jdk.internal.reflect.Reflection::isCallerSensitive@18 (line 353)
                      ; - java.lang.reflect.Method::isCallerSensitive@11 (line 603)
                      ; - java.lang.reflect.Method::invoke@1 (line 546)
  0x00007ab9a83cc38c: 503a 89ff 

  0x00007ab9a83cc390: ;   {post_call_nop}
  0x00007ab9a83cc390: 0f1f 8400 | 8812 0028 | bec6 ffff | ff48 8b6c | 2448 4c8b | 5424 304c | 8954 2408 | 4889 5c24 
  0x00007ab9a83cc3b0: ;   {runtime_call UncommonTrapBlob}
  0x00007ab9a83cc3b0: 5066 90e8 

  0x00007ab9a83cc3b4: ; ImmutableOopMap {rbp=Oop [8]=Oop [80]=Oop [96]=Oop [136]=NarrowOop }
                      ;*invokeinterface get {reexecute=0 rethrow=0 return_oop=0}
                      ; - java.lang.reflect.Executable::getAnnotation@11 (line 633)
                      ; - java.lang.reflect.Method::getAnnotation@2 (line 778)
                      ; - java.lang.reflect.AnnotatedElement::isAnnotationPresent@2 (line 291)
                      ; - java.lang.reflect.AccessibleObject::isAnnotationPresent@2 (line 515)
                      ; - jdk.internal.reflect.Reflection::isCallerSensitive@18 (line 353)
                      ; - java.lang.reflect.Method::isCallerSensitive@11 (line 603)
                      ; - java.lang.reflect.Method::invoke@1 (line 546)
  0x00007ab9a83cc3b4: 283a 89ff 

  0x00007ab9a83cc3b8: ;   {post_call_nop}
  0x00007ab9a83cc3b8: 0f1f 8400 | b012 0029 | bef6 ffff | ff48 ff74 | 2448 488f | 0424 48ff | 7424 6048 | 8f44 2408 
  0x00007ab9a83cc3d8: 4c89 4c24 | 184c 8944 | 2428 4c89 | 5c24 384c | 8944 2440 | 4c89 5c24 | 5089 5c24 | 5c44 8954 
  0x00007ab9a83cc3f8: ;   {runtime_call UncommonTrapBlob}
  0x00007ab9a83cc3f8: 2468 90e8 

  0x00007ab9a83cc3fc: ; ImmutableOopMap {rbp=NarrowOop [0]=Oop [8]=Oop [24]=Oop [40]=Oop [56]=Oop [64]=Oop [80]=Oop [92]=NarrowOop [104]=NarrowOop }
                      ;*getfield customized {reexecute=1 rethrow=0 return_oop=0}
                      ; - (reexecute) java.lang.invoke.Invokers::checkCustomized@12 (line 625)
                      ; - java.lang.invoke.LambdaForm$MH/0x00007ab93f131c00::invokeExact_MT@15
                      ; - jdk.internal.reflect.DirectMethodHandleAccessor::invokeImpl@72 (line 156)
                      ; - jdk.internal.reflect.DirectMethodHandleAccessor::invoke@23 (line 104)
                      ; - java.lang.reflect.Method::invoke@102 (line 565)
  0x00007ab9a83cc3fc: e039 89ff 

  0x00007ab9a83cc400: ;   {post_call_nop}
  0x00007ab9a83cc400: 0f1f 8400 | f812 002a | bee4 ffff | ff48 8b6c | 2448 48ff | 7424 6048 | 8f04 244c | 894c 2410 
  0x00007ab9a83cc420: 4c89 4424 | 204c 8944 | 2438 4489 

  0x00007ab9a83cc42c: ;   {runtime_call UncommonTrapBlob}
  0x00007ab9a83cc42c: 5424 50e8 

  0x00007ab9a83cc430: ; ImmutableOopMap {rbp=Oop [0]=Oop [16]=Oop [32]=Oop [48]=Oop [56]=Oop [80]=NarrowOop }
                      ;*aaload {reexecute=0 rethrow=0 return_oop=0}
                      ; - jdk.internal.reflect.DirectMethodHandleAccessor::invokeImpl@68 (line 156)
                      ; - jdk.internal.reflect.DirectMethodHandleAccessor::invoke@23 (line 104)
                      ; - java.lang.reflect.Method::invoke@102 (line 565)
  0x00007ab9a83cc430: ac39 89ff 

  0x00007ab9a83cc434: ;   {post_call_nop}
  0x00007ab9a83cc434: 0f1f 8400 | 2c13 002b | be4d ffff | ff48 8b6c | 2448 4c8b | 5424 604c | 8914 244c | 8b54 2430 
  0x00007ab9a83cc454: 4c89 5424 | 0848 895c | 2458 4489 | 4424 2c89 

  0x00007ab9a83cc464: ;   {runtime_call UncommonTrapBlob}
  0x00007ab9a83cc464: 4c24 64e8 

  0x00007ab9a83cc468: ; ImmutableOopMap {rbp=Oop [0]=Oop [8]=Oop [44]=NarrowOop [88]=Oop [136]=NarrowOop }
                      ;*ifle {reexecute=1 rethrow=0 return_oop=0}
                      ; - (reexecute) java.util.HashMap::getNode@14 (line 576)
                      ; - java.util.LinkedHashMap::get@2 (line 537)
                      ; - java.lang.reflect.Executable::getAnnotation@11 (line 633)
                      ; - java.lang.reflect.Method::getAnnotation@2 (line 778)
                      ; - java.lang.reflect.AnnotatedElement::isAnnotationPresent@2 (line 291)
                      ; - java.lang.reflect.AccessibleObject::isAnnotationPresent@2 (line 515)
                      ; - jdk.internal.reflect.Reflection::isCallerSensitive@18 (line 353)
                      ; - java.lang.reflect.Method::isCallerSensitive@11 (line 603)
                      ; - java.lang.reflect.Method::invoke@1 (line 546)
  0x00007ab9a83cc468: 7439 89ff 

  0x00007ab9a83cc46c: ;   {post_call_nop}
  0x00007ab9a83cc46c: 0f1f 8400 | 6413 002c | bece ffff | ff48 8b6c | 2448 4c8b | 5424 304c | 8954 2408 | 4489 4424 
  0x00007ab9a83cc48c: ;   {runtime_call UncommonTrapBlob}
  0x00007ab9a83cc48c: 2c66 90e8 

  0x00007ab9a83cc490: ; ImmutableOopMap {rbp=Oop [8]=Oop [44]=NarrowOop [96]=Oop [136]=NarrowOop }
                      ;*invokevirtual cast {reexecute=0 rethrow=0 return_oop=0}
                      ; - java.lang.reflect.Executable::getAnnotation@16 (line 633)
                      ; - java.lang.reflect.Method::getAnnotation@2 (line 778)
                      ; - java.lang.reflect.AnnotatedElement::isAnnotationPresent@2 (line 291)
                      ; - java.lang.reflect.AccessibleObject::isAnnotationPresent@2 (line 515)
                      ; - jdk.internal.reflect.Reflection::isCallerSensitive@18 (line 353)
                      ; - java.lang.reflect.Method::isCallerSensitive@11 (line 603)
                      ; - java.lang.reflect.Method::invoke@1 (line 546)
  0x00007ab9a83cc490: 4c39 89ff 

  0x00007ab9a83cc494: ;   {post_call_nop}
  0x00007ab9a83cc494: 0f1f 8400 | 8c13 002d | be4d ffff | ff48 ff74 | 2448 488f | 0424 48ff | 7424 6048 | 8f44 2408 
  0x00007ab9a83cc4b4: 4c89 4c24 | 184c 8944 | 2428 4c89 | 5c24 384c | 8944 2440 | 4c89 5c24 | 5089 5c24 | 5c44 8954 
  0x00007ab9a83cc4d4: 2468 897c 

  0x00007ab9a83cc4d8: ;   {runtime_call UncommonTrapBlob}
  0x00007ab9a83cc4d8: 2470 90e8 

  0x00007ab9a83cc4dc: ; ImmutableOopMap {rbp=NarrowOop [0]=Oop [8]=Oop [24]=Oop [40]=Oop [56]=Oop [64]=Oop [80]=Oop [92]=NarrowOop [104]=NarrowOop [112]=NarrowOop }
                      ;*if_acmpeq {reexecute=1 rethrow=0 return_oop=0}
                      ; - (reexecute) java.lang.invoke.Invokers::checkExactType@7 (line 530)
                      ; - java.lang.invoke.LambdaForm$MH/0x00007ab93f131c00::invokeExact_MT@11
                      ; - jdk.internal.reflect.DirectMethodHandleAccessor::invokeImpl@72 (line 156)
                      ; - jdk.internal.reflect.DirectMethodHandleAccessor::invoke@23 (line 104)
                      ; - java.lang.reflect.Method::invoke@102 (line 565)
  0x00007ab9a83cc4dc: 0039 89ff 

  0x00007ab9a83cc4e0: ;   {post_call_nop}
  0x00007ab9a83cc4e0: 0f1f 8400 | d813 002e | be4d ffff | ff48 8b6c | 2448 488b | 7c24 6048 | 893c 2448 | 8b7c 2430 
  0x00007ab9a83cc500: 4889 7c24 | 0848 895c | 2458 4489 | 4424 2c44 | 8954 2460 | 4489 5c24 | 6489 4c24 | 6844 894c 
  0x00007ab9a83cc520: ;   {runtime_call UncommonTrapBlob}
  0x00007ab9a83cc520: 246c 90e8 

  0x00007ab9a83cc524: ; ImmutableOopMap {rbp=Oop [0]=Oop [8]=Oop [44]=NarrowOop [88]=Oop [96]=NarrowOop [100]=NarrowOop [136]=NarrowOop }
                      ;*ifeq {reexecute=1 rethrow=0 return_oop=0}
                      ; - (reexecute) java.util.HashMap::getNode@85 (line 582)
                      ; - java.util.LinkedHashMap::get@2 (line 537)
                      ; - java.lang.reflect.Executable::getAnnotation@11 (line 633)
                      ; - java.lang.reflect.Method::getAnnotation@2 (line 778)
                      ; - java.lang.reflect.AnnotatedElement::isAnnotationPresent@2 (line 291)
                      ; - java.lang.reflect.AccessibleObject::isAnnotationPresent@2 (line 515)
                      ; - jdk.internal.reflect.Reflection::isCallerSensitive@18 (line 353)
                      ; - java.lang.reflect.Method::isCallerSensitive@11 (line 603)
                      ; - java.lang.reflect.Method::invoke@1 (line 546)
  0x00007ab9a83cc524: b838 89ff 

  0x00007ab9a83cc528: ;   {post_call_nop}
  0x00007ab9a83cc528: 0f1f 8400 | 2014 002f | be4d ffff | ff48 ff74 | 2448 488f | 0424 4c8b | 5c24 604c | 895c 2408 
  0x00007ab9a83cc548: 4c8b 5c24 | 304c 895c | 2410 4889 | 5c24 6044 | 8944 2434 | 4489 5424 | 6848 8944 | 2470 894c 
  0x00007ab9a83cc568: 246c 4489 

  0x00007ab9a83cc56c: ;   {runtime_call UncommonTrapBlob}
  0x00007ab9a83cc56c: 4c24 78e8 

  0x00007ab9a83cc570: ; ImmutableOopMap {rbp=NarrowOop [0]=Oop [8]=Oop [16]=Oop [52]=NarrowOop [96]=Oop [104]=NarrowOop [112]=Oop [136]=NarrowOop }
                      ;*ifeq {reexecute=1 rethrow=0 return_oop=0}
                      ; - (reexecute) java.util.HashMap::getNode@131 (line 586)
                      ; - java.util.LinkedHashMap::get@2 (line 537)
                      ; - java.lang.reflect.Executable::getAnnotation@11 (line 633)
                      ; - java.lang.reflect.Method::getAnnotation@2 (line 778)
                      ; - java.lang.reflect.AnnotatedElement::isAnnotationPresent@2 (line 291)
                      ; - java.lang.reflect.AccessibleObject::isAnnotationPresent@2 (line 515)
                      ; - jdk.internal.reflect.Reflection::isCallerSensitive@18 (line 353)
                      ; - java.lang.reflect.Method::isCallerSensitive@11 (line 603)
                      ; - java.lang.reflect.Method::invoke@1 (line 546)
  0x00007ab9a83cc570: 6c38 89ff 

  0x00007ab9a83cc574: ;   {post_call_nop}
  0x00007ab9a83cc574: 0f1f 8400 | 6c14 0030 | bef6 ffff | ff48 8b6c | 2448 4c89 | 1c24 4c89 | 4c24 104c | 8944 2420 
  0x00007ab9a83cc594: 4c89 4424 | 3844 8954 

  0x00007ab9a83cc59c: ;   {runtime_call UncommonTrapBlob}
  0x00007ab9a83cc59c: 2440 90e8 

  0x00007ab9a83cc5a0: ; ImmutableOopMap {rbp=Oop [0]=Oop [16]=Oop [32]=Oop [48]=Oop [56]=Oop [64]=NarrowOop }
                      ;*invokevirtual getClass {reexecute=0 rethrow=0 return_oop=0}
                      ; - jdk.internal.reflect.DirectMethodHandleAccessor::checkReceiver@5 (line 197)
                      ; - jdk.internal.reflect.DirectMethodHandleAccessor::invoke@9 (line 100)
                      ; - java.lang.reflect.Method::invoke@102 (line 565)
  0x00007ab9a83cc5a0: 3c38 89ff 

  0x00007ab9a83cc5a4: ;   {post_call_nop}
  0x00007ab9a83cc5a4: 0f1f 8400 | 9c14 0031 | bef6 ffff | ff48 8b6c | 2448 48ff | 7424 6048 | 8f04 244c | 894c 2410 
  0x00007ab9a83cc5c4: 4c89 4424 | 204c 8944 | 2438 4c89 

  0x00007ab9a83cc5d0: ;   {runtime_call UncommonTrapBlob}
  0x00007ab9a83cc5d0: 5c24 48e8 

  0x00007ab9a83cc5d4: ; ImmutableOopMap {rbp=Oop [0]=Oop [16]=Oop [32]=Oop [48]=Oop [56]=Oop [72]=Oop }
                      ;*invokevirtual isAssignableFrom {reexecute=0 rethrow=0 return_oop=0}
                      ; - jdk.internal.reflect.DirectMethodHandleAccessor::checkReceiver@8 (line 197)
                      ; - jdk.internal.reflect.DirectMethodHandleAccessor::invoke@9 (line 100)
                      ; - java.lang.reflect.Method::invoke@102 (line 565)
  0x00007ab9a83cc5d4: 0838 89ff 

  0x00007ab9a83cc5d8: ;   {post_call_nop}
  0x00007ab9a83cc5d8: 0f1f 8400 | d014 0032 | bef4 ffff | ff48 8b6c | 2448 48ff | 7424 6048 | 8f04 244c | 894c 2410 
  0x00007ab9a83cc5f8: 4c89 4424 | 204c 8944 | 2438 4489 | 5424 484c | 895c 2450 

  0x00007ab9a83cc60c: ;   {runtime_call UncommonTrapBlob}
  0x00007ab9a83cc60c: 6666 90e8 

  0x00007ab9a83cc610: ; ImmutableOopMap {rbp=Oop [0]=Oop [16]=Oop [32]=Oop [48]=Oop [56]=Oop [72]=NarrowOop [80]=Oop }
                      ;*invokevirtual isAssignableFrom {reexecute=0 rethrow=0 return_oop=0}
                      ; - jdk.internal.reflect.DirectMethodHandleAccessor::checkReceiver@8 (line 197)
                      ; - jdk.internal.reflect.DirectMethodHandleAccessor::invoke@9 (line 100)
                      ; - java.lang.reflect.Method::invoke@102 (line 565)
  0x00007ab9a83cc610: cc37 89ff 

  0x00007ab9a83cc614: ;   {post_call_nop}
  0x00007ab9a83cc614: 0f1f 8400 | 0c15 0033 | be5e ffff | ff48 8b6c | 2448 48ff | 7424 6048 | 8f04 244c | 894c 2410 
  0x00007ab9a83cc634: 4c89 4424 | 204c 8944 | 2438 4489 

  0x00007ab9a83cc640: ;   {runtime_call UncommonTrapBlob}
  0x00007ab9a83cc640: 5424 50e8 

  0x00007ab9a83cc644: ; ImmutableOopMap {rbp=Oop [0]=Oop [16]=Oop [32]=Oop [48]=Oop [56]=Oop [80]=NarrowOop }
                      ;*invokevirtual type {reexecute=0 rethrow=0 return_oop=0}
                      ; - java.lang.invoke.Invokers::checkExactType@1 (line 529)
                      ; - java.lang.invoke.Invokers$Holder::invokeExact_MT@10
                      ; - jdk.internal.reflect.DirectMethodHandleAccessor::invokeImpl@41 (line 154)
                      ; - jdk.internal.reflect.DirectMethodHandleAccessor::invoke@23 (line 104)
                      ; - java.lang.reflect.Method::invoke@102 (line 565)
  0x00007ab9a83cc644: 9837 89ff 

  0x00007ab9a83cc648: ;   {post_call_nop}
  0x00007ab9a83cc648: 0f1f 8400 | 4015 0034 | be5e ffff | ff48 8b6c | 2448 48ff | 7424 6048 | 8f04 244c | 894c 2410 
  0x00007ab9a83cc668: 4c89 4424 | 204c 8944 | 2438 4489 

  0x00007ab9a83cc674: ;   {runtime_call UncommonTrapBlob}
  0x00007ab9a83cc674: 5424 50e8 

  0x00007ab9a83cc678: ; ImmutableOopMap {rbp=Oop [0]=Oop [16]=Oop [32]=Oop [48]=Oop [56]=Oop [80]=NarrowOop }
                      ;*invokevirtual type {reexecute=0 rethrow=0 return_oop=0}
                      ; - java.lang.invoke.Invokers::checkExactType@1 (line 529)
                      ; - java.lang.invoke.Invokers$Holder::invokeExact_MT@10
                      ; - jdk.internal.reflect.DirectMethodHandleAccessor::invokeImpl@104 (line 158)
                      ; - jdk.internal.reflect.DirectMethodHandleAccessor::invoke@23 (line 104)
                      ; - java.lang.reflect.Method::invoke@102 (line 565)
  0x00007ab9a83cc678: 6437 89ff 

  0x00007ab9a83cc67c: ;   {post_call_nop}
  0x00007ab9a83cc67c: 0f1f 8400 | 7415 0035 | bef6 ffff | ff48 8b6c | 2448 48ff | 7424 6048 | 8f04 244c | 894c 2410 
  0x00007ab9a83cc69c: 4c89 4424 | 204c 8944 | 2438 4489 

  0x00007ab9a83cc6a8: ;   {runtime_call UncommonTrapBlob}
  0x00007ab9a83cc6a8: 5424 48e8 

  0x00007ab9a83cc6ac: ; ImmutableOopMap {rbp=Oop [0]=Oop [16]=Oop [32]=Oop [48]=Oop [56]=Oop [72]=NarrowOop }
                      ;*aaload {reexecute=0 rethrow=0 return_oop=0}
                      ; - jdk.internal.reflect.DirectMethodHandleAccessor::invokeImpl@54 (line 155)
                      ; - jdk.internal.reflect.DirectMethodHandleAccessor::invoke@23 (line 104)
                      ; - java.lang.reflect.Method::invoke@102 (line 565)
  0x00007ab9a83cc6ac: 3037 89ff 

  0x00007ab9a83cc6b0: ;   {post_call_nop}
  0x00007ab9a83cc6b0: 0f1f 8400 | a815 0036 | be5e ffff | ff48 ff74 | 2448 488f | 0424 48ff | 7424 6048 | 8f44 2408 
  0x00007ab9a83cc6d0: 4c89 4c24 | 184c 8944 | 2428 4c89 | 5c24 384c | 8944 2440 | 4c89 5c24 | 5044 8954 

  0x00007ab9a83cc6ec: ;   {runtime_call UncommonTrapBlob}
  0x00007ab9a83cc6ec: 2458 90e8 

  0x00007ab9a83cc6f0: ; ImmutableOopMap {rbp=NarrowOop [0]=Oop [8]=Oop [24]=Oop [40]=Oop [56]=Oop [64]=Oop [80]=Oop [88]=NarrowOop }
                      ;*invokevirtual type {reexecute=0 rethrow=0 return_oop=0}
                      ; - java.lang.invoke.Invokers::checkExactType@1 (line 529)
                      ; - java.lang.invoke.Invokers$Holder::invokeExact_MT@10
                      ; - jdk.internal.reflect.DirectMethodHandleAccessor::invokeImpl@55 (line 155)
                      ; - jdk.internal.reflect.DirectMethodHandleAccessor::invoke@23 (line 104)
                      ; - java.lang.reflect.Method::invoke@102 (line 565)
  0x00007ab9a83cc6f0: ec36 89ff 

  0x00007ab9a83cc6f4: ;   {post_call_nop}
  0x00007ab9a83cc6f4: 0f1f 8400 | ec15 0037 | bef6 ffff | ff48 8b6c | 2448 48ff | 7424 6048 | 8f04 244c | 894c 2410 
  0x00007ab9a83cc714: 4c89 4424 | 204c 8944 | 2438 4489 

  0x00007ab9a83cc720: ;   {runtime_call UncommonTrapBlob}
  0x00007ab9a83cc720: 5424 48e8 

  0x00007ab9a83cc724: ; ImmutableOopMap {rbp=Oop [0]=Oop [16]=Oop [32]=Oop [48]=Oop [56]=Oop [72]=NarrowOop }
                      ;*aaload {reexecute=0 rethrow=0 return_oop=0}
                      ; - jdk.internal.reflect.DirectMethodHandleAccessor::invokeImpl@85 (line 157)
                      ; - jdk.internal.reflect.DirectMethodHandleAccessor::invoke@23 (line 104)
                      ; - java.lang.reflect.Method::invoke@102 (line 565)
  0x00007ab9a83cc724: b836 89ff 

  0x00007ab9a83cc728: ;   {post_call_nop}
  0x00007ab9a83cc728: 0f1f 8400 | 2016 0038 | bef6 ffff | ff48 ff74 | 2448 488f | 0424 48ff | 7424 6048 | 8f44 2408 
  0x00007ab9a83cc748: 4c89 4c24 | 184c 8944 | 2428 4c89 | 5c24 384c | 8944 2440 | 4c89 5c24 | 5044 8954 | 2458 897c 
  0x00007ab9a83cc768: 245c 895c 

  0x00007ab9a83cc76c: ;   {runtime_call UncommonTrapBlob}
  0x00007ab9a83cc76c: 2468 90e8 

  0x00007ab9a83cc770: ; ImmutableOopMap {rbp=NarrowOop [0]=Oop [8]=Oop [24]=Oop [40]=Oop [56]=Oop [64]=Oop [80]=Oop [88]=NarrowOop [92]=NarrowOop [104]=NarrowOop }
                      ;*invokevirtual type {reexecute=0 rethrow=0 return_oop=0}
                      ; - java.lang.invoke.Invokers::checkExactType@1 (line 529)
                      ; - java.lang.invoke.LambdaForm$MH/0x00007ab93f089800::invokeExact_MT@11
                      ; - jdk.internal.reflect.DirectMethodHandleAccessor::invokeImpl@92 (line 157)
                      ; - jdk.internal.reflect.DirectMethodHandleAccessor::invoke@23 (line 104)
                      ; - java.lang.reflect.Method::invoke@102 (line 565)
  0x00007ab9a83cc770: 6c36 89ff 

  0x00007ab9a83cc774: ;   {post_call_nop}
  0x00007ab9a83cc774: 0f1f 8400 | 6c16 0039 | 488b e8eb | 0848 8be8 | eb03 488b | e8be 9dff | ffff 48ff | 7424 4848 
  0x00007ab9a83cc794: 8f04 244c | 8b54 2460 | 4c89 5424 | 084c 8b54 | 2430 4c89 

  0x00007ab9a83cc7a8: ;   {runtime_call UncommonTrapBlob}
  0x00007ab9a83cc7a8: 5424 10e8 

  0x00007ab9a83cc7ac: ; ImmutableOopMap {rbp=Oop [0]=Oop [8]=Oop [16]=Oop [136]=NarrowOop }
                      ;*astore {reexecute=0 rethrow=0 return_oop=0}
                      ; - java.lang.reflect.Executable::declaredAnnotations@76 (line 676)
                      ; - java.lang.reflect.Executable::getAnnotation@7 (line 633)
                      ; - java.lang.reflect.Method::getAnnotation@2 (line 778)
                      ; - java.lang.reflect.AnnotatedElement::isAnnotationPresent@2 (line 291)
                      ; - java.lang.reflect.AccessibleObject::isAnnotationPresent@2 (line 515)
                      ; - jdk.internal.reflect.Reflection::isCallerSensitive@18 (line 353)
                      ; - java.lang.reflect.Method::isCallerSensitive@11 (line 603)
                      ; - java.lang.reflect.Method::invoke@1 (line 546)
  0x00007ab9a83cc7ac: 3036 89ff 

  0x00007ab9a83cc7b0: ;   {post_call_nop}
  0x00007ab9a83cc7b0: 0f1f 8400 | a816 003a | bef6 ffff | ff48 8b6c 

  0x00007ab9a83cc7c0: ;   {runtime_call UncommonTrapBlob}
  0x00007ab9a83cc7c0: 2448 90e8 

  0x00007ab9a83cc7c4: ; ImmutableOopMap {rbp=Oop [48]=Oop [96]=Oop }
                      ;*invokevirtual getClassLoader {reexecute=0 rethrow=0 return_oop=0}
                      ; - jdk.internal.reflect.Reflection::isCallerSensitive@4 (line 351)
                      ; - java.lang.reflect.Method::isCallerSensitive@11 (line 603)
                      ; - java.lang.reflect.Method::invoke@1 (line 546)
  0x00007ab9a83cc7c4: 1836 89ff 

  0x00007ab9a83cc7c8: ;   {post_call_nop}
  0x00007ab9a83cc7c8: 0f1f 8400 | c016 003b | bef6 ffff | ff48 8b6c | 2448 4489 

  0x00007ab9a83cc7dc: ;   {runtime_call UncommonTrapBlob}
  0x00007ab9a83cc7dc: 5424 20e8 

  0x00007ab9a83cc7e0: ; ImmutableOopMap {rbp=Oop [8]=Oop [32]=NarrowOop [48]=Oop }
                      ;*invokevirtual getClass {reexecute=0 rethrow=0 return_oop=0}
                      ; - java.lang.reflect.Method::invoke@53 (line 557)
  0x00007ab9a83cc7e0: fc35 89ff 

  0x00007ab9a83cc7e4: ;   {post_call_nop}
  0x00007ab9a83cc7e4: 0f1f 8400 | dc16 003c | bef6 ffff | ff48 ff74 | 2448 488f | 0424 4c8b | 5424 604c | 8954 2408 
  0x00007ab9a83cc804: 4c8b 5424 | 304c 8954 | 2410 4489 

  0x00007ab9a83cc810: ;   {runtime_call UncommonTrapBlob}
  0x00007ab9a83cc810: 4424 34e8 

  0x00007ab9a83cc814: ; ImmutableOopMap {rbp=NarrowOop [0]=Oop [8]=Oop [16]=Oop [52]=NarrowOop [136]=NarrowOop }
                      ;*invokeinterface getConstantPool {reexecute=0 rethrow=0 return_oop=0}
                      ; - java.lang.reflect.Executable::declaredAnnotations@53 (line 670)
                      ; - java.lang.reflect.Executable::getAnnotation@7 (line 633)
                      ; - java.lang.reflect.Method::getAnnotation@2 (line 778)
                      ; - java.lang.reflect.AnnotatedElement::isAnnotationPresent@2 (line 291)
                      ; - java.lang.reflect.AccessibleObject::isAnnotationPresent@2 (line 515)
                      ; - jdk.internal.reflect.Reflection::isCallerSensitive@18 (line 353)
                      ; - java.lang.reflect.Method::isCallerSensitive@11 (line 603)
                      ; - java.lang.reflect.Method::invoke@1 (line 546)
  0x00007ab9a83cc814: c835 89ff 

  0x00007ab9a83cc818: ;   {post_call_nop}
  0x00007ab9a83cc818: 0f1f 8400 | 1017 003d | bef6 ffff | ff48 8b6c | 2448 48ff | 7424 6048 | 8f04 244c | 894c 2410 
  0x00007ab9a83cc838: 4c89 4424 | 204c 8944 | 2438 4489 

  0x00007ab9a83cc844: ;   {runtime_call UncommonTrapBlob}
  0x00007ab9a83cc844: 5424 48e8 

  0x00007ab9a83cc848: ; ImmutableOopMap {rbp=Oop [0]=Oop [16]=Oop [32]=Oop [48]=Oop [56]=Oop [72]=NarrowOop }
                      ;*aaload {reexecute=0 rethrow=0 return_oop=0}
                      ; - jdk.internal.reflect.DirectMethodHandleAccessor::invokeImpl@68 (line 156)
                      ; - jdk.internal.reflect.DirectMethodHandleAccessor::invoke@23 (line 104)
                      ; - java.lang.reflect.Method::invoke@102 (line 565)
  0x00007ab9a83cc848: 9435 89ff 

  0x00007ab9a83cc84c: ;   {post_call_nop}
  0x00007ab9a83cc84c: 0f1f 8400 | 4417 003e | bef6 ffff | ff48 ff74 | 2448 488f | 0424 48ff | 7424 6048 | 8f44 2408 
  0x00007ab9a83cc86c: 4c89 4c24 | 184c 8944 | 2428 4c89 | 5c24 384c | 8944 2440 | 4c89 5c24 | 5044 8954 | 2458 895c 
  0x00007ab9a83cc88c: ;   {runtime_call UncommonTrapBlob}
  0x00007ab9a83cc88c: 245c 90e8 

  0x00007ab9a83cc890: ; ImmutableOopMap {rbp=NarrowOop [0]=Oop [8]=Oop [24]=Oop [40]=Oop [56]=Oop [64]=Oop [80]=Oop [88]=NarrowOop [92]=NarrowOop }
                      ;*invokevirtual type {reexecute=0 rethrow=0 return_oop=0}
                      ; - java.lang.invoke.Invokers::checkExactType@1 (line 529)
                      ; - java.lang.invoke.LambdaForm$MH/0x00007ab93f131c00::invokeExact_MT@11
                      ; - jdk.internal.reflect.DirectMethodHandleAccessor::invokeImpl@72 (line 156)
                      ; - jdk.internal.reflect.DirectMethodHandleAccessor::invoke@23 (line 104)
                      ; - java.lang.reflect.Method::invoke@102 (line 565)
  0x00007ab9a83cc890: 4c35 89ff 

  0x00007ab9a83cc894: ;   {post_call_nop}
  0x00007ab9a83cc894: 0f1f 8400 | 8c17 003f | eb74 eb72 | eb70 eb6e | eb00 448b | 5808 49ba | 0000 003e | b97a 0000 
  0x00007ab9a83cc8b4: 4d03 d348 | 8944 2450 | eb74 eb52 | eb50 eb4e | eb00 448b | 5808 49ba | 0000 003e | b97a 0000 
  0x00007ab9a83cc8d4: 4d03 d348 | 8944 2450 | eb54 eb00 | 448b 5808 | 49ba 0000 | 003e b97a | 0000 4d03 | d348 8944 
  0x00007ab9a83cc8f4: 2450 eb3a | eb00 448b | 5808 49ba | 0000 003e | b97a 0000 | 4d03 d348 | 8944 2450 | eb20 488b 
  0x00007ab9a83cc914: f0e9 d700 | 0000 eb00 | 448b 5808 | 49ba 0000 | 003e b97a | 0000 4d03 | d348 8944 

  0x00007ab9a83cc930: ;   {metadata('java/lang/ClassCastException')}
  0x00007ab9a83cc930: 2450 49bb | f0fe 1b3e | b97a 0000 | 4d3b d30f | 84e1 0000 

  0x00007ab9a83cc944: ;   {metadata('java/lang/invoke/WrongMethodTypeException')}
  0x00007ab9a83cc944: 0049 bb00 | 290d 3fb9 | 7a00 004d | 3bd3 0f84 | ce00 0000 

  0x00007ab9a83cc958: ;   {metadata('java/lang/NullPointerException')}
  0x00007ab9a83cc958: 49bb 3029 | 1c3e b97a | 0000 4d3b | d30f 84dd | 0000 0049 | 8b87 c801 | 0000 4c8b | d049 83c2 
  0x00007ab9a83cc978: 284d 3b97 | d801 0000 | 737c 4d89 | 97c8 0100 | 0041 0f0d | 8ac0 0000 | 0048 c700 | 0100 0000 
  0x00007ab9a83cc998: ;   {metadata('java/lang/reflect/InvocationTargetException')}
  0x00007ab9a83cc998: c740 08f8 | 570c 0144 | 8960 0c4c | 8960 104c | 8960 184c | 8960 204c | 8bd0 4c89 | 5424 4049 
  0x00007ab9a83cc9b8: 8bf2 488b | 5424 5048 | 8b6c 2448 | 4c8b 5424 | 604c 8914 

  0x00007ab9a83cc9cc: ;   {optimized virtual_call}
  0x00007ab9a83cc9cc: 2466 90e8 

  0x00007ab9a83cc9d0: ; ImmutableOopMap {rbp=Oop [0]=Oop [24]=Oop [32]=Oop [56]=Oop [64]=Oop [80]=Oop }
                      ;*invokespecial <init> {reexecute=0 rethrow=0 return_oop=0}
                      ; - jdk.internal.reflect.DirectMethodHandleAccessor::invoke@88 (line 119)
                      ; - java.lang.reflect.Method::invoke@102 (line 565)
  0x00007ab9a83cc9d0: 8c89 7bff 

  0x00007ab9a83cc9d4: ;   {post_call_nop}
  0x00007ab9a83cc9d4: 0f1f 8400 | cc18 0040 | 458b 9f2c | 0600 0045 | 85db 0f85 | 8000 0000 | 488b 7424 | 4048 81c4 
  0x00007ab9a83cc9f4: a000 0000 

  0x00007ab9a83cc9f8: ;   {runtime_call C2 Runtime rethrow}
  0x00007ab9a83cc9f8: 5de9 e2a1 

  0x00007ab9a83cc9fc: ;   {metadata('java/lang/reflect/InvocationTargetException')}
  0x00007ab9a83cc9fc: 89ff 48be | f857 0c3f | b97a 0000 | 488b 6c24 | 484c 8b54 | 2460 4c89 

  0x00007ab9a83cca14: ;   {runtime_call C2 Runtime new_instance}
  0x00007ab9a83cca14: 1424 90e8 

  0x00007ab9a83cca18: ; ImmutableOopMap {rbp=Oop [0]=Oop [24]=Oop [32]=Oop [56]=Oop [72]=Oop [80]=Oop [96]=Oop }
                      ;*new {reexecute=0 rethrow=0 return_oop=1}
                      ; - jdk.internal.reflect.DirectMethodHandleAccessor::invoke@83 (line 119)
                      ; - java.lang.reflect.Method::invoke@102 (line 565)
  0x00007ab9a83cca18: c430 89ff 

  0x00007ab9a83cca1c: ;   {post_call_nop}
  0x00007ab9a83cca1c: 0f1f 8400 | 1419 0041 | eb89 488b | 6c24 50be | 9dff ffff | 4c8b 5424 | 604c 8954 

  0x00007ab9a83cca38: ;   {runtime_call UncommonTrapBlob}
  0x00007ab9a83cca38: 2408 90e8 

  0x00007ab9a83cca3c: ; ImmutableOopMap {rbp=Oop [8]=Oop [24]=Oop [32]=Oop [56]=Oop [72]=Oop }
                      ;*astore_3 {reexecute=0 rethrow=0 return_oop=0}
                      ; - jdk.internal.reflect.DirectMethodHandleAccessor::invoke@27 (line 105)
                      ; - java.lang.reflect.Method::invoke@102 (line 565)
  0x00007ab9a83cca3c: a033 89ff 

  0x00007ab9a83cca40: ;   {post_call_nop}
  0x00007ab9a83cca40: 0f1f 8400 | 3819 0042 | 488b 6c24 | 50be 9dff | ffff 4c8b | 5424 604c | 8954 2408 

  0x00007ab9a83cca5c: ;   {runtime_call UncommonTrapBlob}
  0x00007ab9a83cca5c: 6666 90e8 

  0x00007ab9a83cca60: ; ImmutableOopMap {rbp=Oop [8]=Oop [24]=Oop [32]=Oop [56]=Oop [72]=Oop }
                      ;*astore_3 {reexecute=0 rethrow=0 return_oop=0}
                      ; - jdk.internal.reflect.DirectMethodHandleAccessor::invoke@55 (line 112)
                      ; - java.lang.reflect.Method::invoke@102 (line 565)
  0x00007ab9a83cca60: 7c33 89ff 

  0x00007ab9a83cca64: ;   {post_call_nop}
  0x00007ab9a83cca64: 0f1f 8400 | 5c19 0043 | be97 ffff | ff4c 8b54 | 2418 4c89 | 5424 104c | 8b54 2438 | 4c89 5424 
  0x00007ab9a83cca84: ;   {runtime_call UncommonTrapBlob}
  0x00007ab9a83cca84: 3066 90e8 

  0x00007ab9a83cca88: ; ImmutableOopMap {rbp=Oop [0]=Oop [16]=Oop [32]=Oop [48]=Oop [64]=Oop [80]=Oop }
                      ;*athrow {reexecute=1 rethrow=0 return_oop=0}
                      ; - (reexecute) jdk.internal.reflect.DirectMethodHandleAccessor::invoke@91 (line 119)
                      ; - java.lang.reflect.Method::invoke@102 (line 565)
  0x00007ab9a83cca88: 5433 89ff 

  0x00007ab9a83cca8c: ;   {post_call_nop}
  0x00007ab9a83cca8c: 0f1f 8400 | 8419 0044 | 458b 1849 | c1e3 0349 | 83fb 000f | 8431 f0ff | ff4d 8b4f | 384d 85c9 
  0x00007ab9a83ccaac: 0f84 1400 | 0000 4983 | e908 4d89 | 4f38 4d03 | 4f40 4d89 | 19e9 10f0 | ffff 4883 | ec10 4c89 
  0x00007ab9a83ccacc: 4424 0849 | 8bfb 498b 

  0x00007ab9a83ccad4: ;   {runtime_call G1BarrierSetRuntime::write_ref_field_pre_entry(oopDesc*, JavaThread*)}
  0x00007ab9a83ccad4: f7e8 8652 | 2118 4c8b | 4424 08c5 | f877 4883 | c410 e9eb | efff fff0 | 8344 24c0 | 0041 8039 
  0x00007ab9a83ccaf4: 000f 841d | f0ff ff41 | c601 004d | 8b5f 504d | 85db 0f84 | 1400 0000 | 4983 eb08 | 4d89 5f50 
  0x00007ab9a83ccb14: 4d03 5f58 | 4d89 0be9 | f8ef ffff | 498b f949 

  0x00007ab9a83ccb24: ;   {runtime_call G1BarrierSetRuntime::write_ref_field_post_entry(unsigned char volatile*, JavaThread*)}
  0x00007ab9a83ccb24: 8bf7 e855 | 5221 18c5 | f877 e9e5 | efff ff41 | 8387 f806 | 0000 08e9 | 7bf0 ffff 

  0x00007ab9a83ccb40: ;   {internal_word}
  0x00007ab9a83ccb40: 49ba 24b8 | 3ca8 b97a | 0000 4d89 | 9760 0400 

  0x00007ab9a83ccb50: ;   {runtime_call SafepointBlob}
  0x00007ab9a83ccb50: 00e9 8afd 

  0x00007ab9a83ccb54: ;   {runtime_call StubRoutines (final stubs)}
  0x00007ab9a83ccb54: 7bff e825 | 1a7a ffe9 | eee8 ffff 
[Stub Code]
  0x00007ab9a83ccb60: ;   {no_reloc}
  0x00007ab9a83ccb60: 48bb 0000 | 0000 0000 

  0x00007ab9a83ccb68: ;   {runtime_call nmethod}
  0x00007ab9a83ccb68: 0000 e9fb 

  0x00007ab9a83ccb6c: ;   {static_stub}
  0x00007ab9a83ccb6c: ffff ff48 | bb00 0000 | 0000 0000 

  0x00007ab9a83ccb78: ;   {runtime_call nmethod}
  0x00007ab9a83ccb78: 00e9 fbff 

  0x00007ab9a83ccb7c: ;   {static_stub}
  0x00007ab9a83ccb7c: ffff 48bb | 0000 0000 | 0000 0000 

  0x00007ab9a83ccb88: ;   {runtime_call nmethod}
  0x00007ab9a83ccb88: e9fb ffff 

  0x00007ab9a83ccb8c: ;   {static_stub}
  0x00007ab9a83ccb8c: ff48 bb00 | 0000 0000 

  0x00007ab9a83ccb94: ;   {runtime_call nmethod}
  0x00007ab9a83ccb94: 0000 00e9 | fbff ffff 

  0x00007ab9a83ccb9c: ;   {static_stub}
  0x00007ab9a83ccb9c: 48bb 0000 | 0000 0000 

  0x00007ab9a83ccba4: ;   {runtime_call nmethod}
  0x00007ab9a83ccba4: 0000 e9fb 

  0x00007ab9a83ccba8: ;   {static_stub}
  0x00007ab9a83ccba8: ffff ff48 | bb00 0000 | 0000 0000 

  0x00007ab9a83ccbb4: ;   {runtime_call nmethod}
  0x00007ab9a83ccbb4: 00e9 fbff 

  0x00007ab9a83ccbb8: ;   {static_stub}
  0x00007ab9a83ccbb8: ffff 48bb | 0000 0000 | 0000 0000 

  0x00007ab9a83ccbc4: ;   {runtime_call nmethod}
  0x00007ab9a83ccbc4: e9fb ffff 

  0x00007ab9a83ccbc8: ;   {static_stub}
  0x00007ab9a83ccbc8: ff48 bb00 | 0000 0000 

  0x00007ab9a83ccbd0: ;   {runtime_call nmethod}
  0x00007ab9a83ccbd0: 0000 00e9 | fbff ffff 

  0x00007ab9a83ccbd8: ;   {static_stub}
  0x00007ab9a83ccbd8: 48bb 0000 | 0000 0000 

  0x00007ab9a83ccbe0: ;   {runtime_call nmethod}
  0x00007ab9a83ccbe0: 0000 e9fb 

  0x00007ab9a83ccbe4: ;   {static_stub}
  0x00007ab9a83ccbe4: ffff ff48 | bb00 0000 | 0000 0000 

  0x00007ab9a83ccbf0: ;   {runtime_call nmethod}
  0x00007ab9a83ccbf0: 00e9 fbff 

  0x00007ab9a83ccbf4: ;   {static_stub}
  0x00007ab9a83ccbf4: ffff 48bb | 0000 0000 | 0000 0000 

  0x00007ab9a83ccc00: ;   {runtime_call nmethod}
  0x00007ab9a83ccc00: e9fb ffff 

  0x00007ab9a83ccc04: ;   {static_stub}
  0x00007ab9a83ccc04: ff48 bb00 | 0000 0000 

  0x00007ab9a83ccc0c: ;   {runtime_call nmethod}
  0x00007ab9a83ccc0c: 0000 00e9 | fbff ffff 

  0x00007ab9a83ccc14: ;   {static_stub}
  0x00007ab9a83ccc14: 48bb 0000 | 0000 0000 

  0x00007ab9a83ccc1c: ;   {runtime_call nmethod}
  0x00007ab9a83ccc1c: 0000 e9fb 

  0x00007ab9a83ccc20: ;   {static_stub}
  0x00007ab9a83ccc20: ffff ff48 | bb00 0000 | 0000 0000 

  0x00007ab9a83ccc2c: ;   {runtime_call nmethod}
  0x00007ab9a83ccc2c: 00e9 fbff 

  0x00007ab9a83ccc30: ;   {static_stub}
  0x00007ab9a83ccc30: ffff 48bb | 0000 0000 | 0000 0000 

  0x00007ab9a83ccc3c: ;   {runtime_call nmethod}
  0x00007ab9a83ccc3c: e9fb ffff 

  0x00007ab9a83ccc40: ;   {runtime_call ExceptionBlob}
  0x00007ab9a83ccc40: ffe9 9a34 | 89ff e800 | 0000 0048 | 832c 2405 

  0x00007ab9a83ccc50: ;   {runtime_call DeoptimizationBlob}
  0x00007ab9a83ccc50: e92b f27b | ffe8 0000 | 0000 4883 

  0x00007ab9a83ccc5c: ;   {runtime_call DeoptimizationBlob}
  0x00007ab9a83ccc5c: 2c24 05e9 | 1cf2 7bff | f4f4 f4f4 
[/MachCode]


---------------  P R O C E S S  ---------------

Threads class SMR info:
_java_thread_list=0x00007ab88c123050, length=41, elements={
0x00007ab9b8170ea0, 0x00007ab9b8171ea0, 0x00007ab9b81736e0, 0x00007ab9b8174df0,
0x00007ab9b8176460, 0x00007ab9b8178050, 0x00007ab9b8179830, 0x00007ab9b81cc1b0,
0x00007ab9b81e24d0, 0x00007ab918001060, 0x00007ab9b81e3880, 0x00007ab9b81e5930,
0x00007ab9b853f250, 0x00007ab9b8545650, 0x00007ab9b854d4c0, 0x00007ab8f8001c50,
0x00007ab8f4001ae0, 0x00007ab8f00091e0, 0x00007ab8e4007870, 0x00007ab8d4907af0,
0x00007ab8ac133a50, 0x00007ab8d49b62d0, 0x00007ab8d4bba650, 0x00007ab8d4bbc240,
0x00007ab8d4bdc150, 0x00007ab8d4bdcf60, 0x00007ab8d4bddda0, 0x00007ab8d4bdf060,
0x00007ab8d4be0300, 0x00007ab8d4be1cc0, 0x00007ab8d4be2b10, 0x00007ab8d4be3e90,
0x00007ab8d4be50e0, 0x00007ab8d4be6860, 0x00007ab8d4be8f90, 0x00007ab8d4bef430,
0x00007ab9b802dc40, 0x00007ab8f4003550, 0x00007ab88c0eb180, 0x00007ab88c0fbbe0,
0x00007ab88c123be0
}

Java Threads: ( => current thread )
  0x00007ab9b8170ea0 JavaThread "Reference Handler"          daemon [_thread_blocked, id=99305, stack(0x00007ab9bd040000,0x00007ab9bd140000) (1024K)]
  0x00007ab9b8171ea0 JavaThread "Finalizer"                  daemon [_thread_blocked, id=99306, stack(0x00007ab9bce63000,0x00007ab9bcf63000) (1024K)]
  0x00007ab9b81736e0 JavaThread "Signal Dispatcher"          daemon [_thread_blocked, id=99307, stack(0x00007ab9bc500000,0x00007ab9bc600000) (1024K)]
  0x00007ab9b8174df0 JavaThread "Service Thread"             daemon [_thread_blocked, id=99308, stack(0x00007ab9bc400000,0x00007ab9bc500000) (1024K)]
  0x00007ab9b8176460 JavaThread "Monitor Deflation Thread"   daemon [_thread_blocked, id=99309, stack(0x00007ab9bc300000,0x00007ab9bc400000) (1024K)]
  0x00007ab9b8178050 JavaThread "C2 CompilerThread0"         daemon [_thread_blocked, id=99310, stack(0x00007ab9bc200000,0x00007ab9bc300000) (1024K)]
  0x00007ab9b8179830 JavaThread "C1 CompilerThread0"         daemon [_thread_blocked, id=99311, stack(0x00007ab9bc100000,0x00007ab9bc200000) (1024K)]
  0x00007ab9b81cc1b0 JavaThread "JDWP Transport Listener: dt_socket" daemon [_thread_blocked, id=99313, stack(0x00007ab9b7f00000,0x00007ab9b8000000) (1024K)]
  0x00007ab9b81e24d0 JavaThread "JDWP Event Helper Thread"   daemon [_thread_blocked, id=99316, stack(0x00007ab99c7c0000,0x00007ab99c8c0000) (1024K)]
  0x00007ab918001060 JavaThread "JDWP Command Reader"        daemon [_thread_in_native, id=99317, stack(0x00007ab99c6c0000,0x00007ab99c7c0000) (1024K)]
  0x00007ab9b81e3880 JavaThread "Notification Thread"        daemon [_thread_blocked, id=99320, stack(0x00007ab99c5c0000,0x00007ab99c6c0000) (1024K)]
  0x00007ab9b81e5930 JavaThread "Common-Cleaner"             daemon [_thread_blocked, id=99321, stack(0x00007ab99c4c0000,0x00007ab99c5c0000) (1024K)]
  0x00007ab9b853f250 JavaThread "RMI TCP Accept-0"           daemon [_thread_in_native, id=99341, stack(0x00007ab99c1c0000,0x00007ab99c2c0000) (1024K)]
  0x00007ab9b8545650 JavaThread "RMI TCP Accept-45556"       daemon [_thread_in_native, id=99344, stack(0x00007ab99c0c0000,0x00007ab99c1c0000) (1024K)]
  0x00007ab9b854d4c0 JavaThread "RMI TCP Accept-0"           daemon [_thread_in_native, id=99352, stack(0x00007ab98df00000,0x00007ab98e000000) (1024K)]
  0x00007ab8f8001c50 JavaThread "RMI TCP Connection(idle)"   daemon [_thread_blocked, id=99354, stack(0x00007ab98de00000,0x00007ab98df00000) (1024K)]
  0x00007ab8f4001ae0 JavaThread "RMI TCP Connection(idle)"   daemon [_thread_blocked, id=99357, stack(0x00007ab98dd00000,0x00007ab98de00000) (1024K)]
  0x00007ab8f00091e0 JavaThread "RMI Scheduler(0)"           daemon [_thread_blocked, id=99358, stack(0x00007ab98dc00000,0x00007ab98dd00000) (1024K)]
  0x00007ab8e4007870 JavaThread "JMX server connection timeout 35" daemon [_thread_blocked, id=99359, stack(0x00007ab98db00000,0x00007ab98dc00000) (1024K)]
  0x00007ab8d4907af0 JavaThread "Catalina-utility-1"                [_thread_blocked, id=99384, stack(0x00007ab98cef8000,0x00007ab98cff8000) (1024K)]
  0x00007ab8ac133a50 JavaThread "Catalina-utility-2"                [_thread_blocked, id=99385, stack(0x00007ab98cff8000,0x00007ab98d0f8000) (1024K)]
  0x00007ab8d49b62d0 JavaThread "container-0"                       [_thread_blocked, id=99386, stack(0x00007ab98caf5000,0x00007ab98cbf5000) (1024K)]
  0x00007ab8d4bba650 JavaThread "File Watcher"               daemon [_thread_blocked, id=99389, stack(0x00007ab98c9f5000,0x00007ab98caf5000) (1024K)]
  0x00007ab8d4bbc240 JavaThread "Live Reload Server"         daemon [_thread_in_native, id=99391, stack(0x00007ab98c7f5000,0x00007ab98c8f5000) (1024K)]
  0x00007ab8d4bdc150 JavaThread "http-nio-8080-exec-1"       daemon [_thread_blocked, id=99392, stack(0x00007ab98c8f5000,0x00007ab98c9f5000) (1024K)]
=>0x00007ab8d4bdcf60 JavaThread "http-nio-8080-exec-2"       daemon [_thread_in_native, id=99393, stack(0x00007ab98c6f5000,0x00007ab98c7f5000) (1024K)]
  0x00007ab8d4bddda0 JavaThread "http-nio-8080-exec-3"       daemon [_thread_blocked, id=99394, stack(0x00007ab98c5f5000,0x00007ab98c6f5000) (1024K)]
  0x00007ab8d4bdf060 JavaThread "http-nio-8080-exec-4"       daemon [_thread_blocked, id=99395, stack(0x00007ab98c4f5000,0x00007ab98c5f5000) (1024K)]
  0x00007ab8d4be0300 JavaThread "http-nio-8080-exec-5"       daemon [_thread_blocked, id=99396, stack(0x00007ab98c3f5000,0x00007ab98c4f5000) (1024K)]
  0x00007ab8d4be1cc0 JavaThread "http-nio-8080-exec-6"       daemon [_thread_blocked, id=99397, stack(0x00007ab98c2f5000,0x00007ab98c3f5000) (1024K)]
  0x00007ab8d4be2b10 JavaThread "http-nio-8080-exec-7"       daemon [_thread_blocked, id=99398, stack(0x00007ab98c1f5000,0x00007ab98c2f5000) (1024K)]
  0x00007ab8d4be3e90 JavaThread "http-nio-8080-exec-8"       daemon [_thread_blocked, id=99399, stack(0x00007ab98c0f5000,0x00007ab98c1f5000) (1024K)]
  0x00007ab8d4be50e0 JavaThread "http-nio-8080-exec-9"       daemon [_thread_blocked, id=99400, stack(0x00007ab97ff00000,0x00007ab980000000) (1024K)]
  0x00007ab8d4be6860 JavaThread "http-nio-8080-exec-10"      daemon [_thread_blocked, id=99401, stack(0x00007ab97fe00000,0x00007ab97ff00000) (1024K)]
  0x00007ab8d4be8f90 JavaThread "http-nio-8080-Poller"       daemon [_thread_in_native, id=99402, stack(0x00007ab97fd00000,0x00007ab97fe00000) (1024K)]
  0x00007ab8d4bef430 JavaThread "http-nio-8080-Acceptor"     daemon [_thread_in_native, id=99403, stack(0x00007ab97fc00000,0x00007ab97fd00000) (1024K)]
  0x00007ab9b802dc40 JavaThread "DestroyJavaVM"                     [_thread_blocked, id=99294, stack(0x00007ab9c1300000,0x00007ab9c1400000) (1024K)]
  0x00007ab8f4003550 JavaThread "RMI TCP Connection(3)-127.0.0.1" daemon [_thread_in_native, id=99438, stack(0x00007ab99c2c0000,0x00007ab99c3c0000) (1024K)]
  0x00007ab88c0eb180 JavaThread "Java2D Disposer"            daemon [_thread_blocked, id=99788, stack(0x00007ab99c3c0000,0x00007ab99c4c0000) (1024K)]
  0x00007ab88c0fbbe0 JavaThread "process reaper"             daemon [_thread_blocked, id=99790, stack(0x00007ab99c09e000,0x00007ab99c0c0000) (136K)]
  0x00007ab88c123be0 JavaThread "JNA Cleaner"                daemon [_thread_blocked, id=99791, stack(0x00007ab98da00000,0x00007ab98db00000) (1024K)]
Total: 41

Other Threads:
  0x00007ab9b8167b80 VMThread "VM Thread"                           [id=99304, stack(0x00007ab9bd141000,0x00007ab9bd241000) (1024K)]
  0x00007ab9b815a2e0 WatcherThread "VM Periodic Task Thread"        [id=99303, stack(0x00007ab9bd242000,0x00007ab9bd342000) (1024K)]
  0x00007ab9b8096640 WorkerThread "GC Thread#0"                     [id=99295, stack(0x00007ab9be151000,0x00007ab9be251000) (1024K)]
  0x00007ab9380084d0 WorkerThread "GC Thread#1"                     [id=99365, stack(0x00007ab98d800000,0x00007ab98d900000) (1024K)]
  0x00007ab938008ff0 WorkerThread "GC Thread#2"                     [id=99366, stack(0x00007ab98d6ff000,0x00007ab98d7ff000) (1024K)]
  0x00007ab938009b10 WorkerThread "GC Thread#3"                     [id=99367, stack(0x00007ab98d5fe000,0x00007ab98d6fe000) (1024K)]
  0x00007ab93800a630 WorkerThread "GC Thread#4"                     [id=99368, stack(0x00007ab98d4fd000,0x00007ab98d5fd000) (1024K)]
  0x00007ab93800b150 WorkerThread "GC Thread#5"                     [id=99369, stack(0x00007ab98d3fc000,0x00007ab98d4fc000) (1024K)]
  0x00007ab938013eb0 WorkerThread "GC Thread#6"                     [id=99370, stack(0x00007ab98d2fb000,0x00007ab98d3fb000) (1024K)]
  0x00007ab938014940 WorkerThread "GC Thread#7"                     [id=99371, stack(0x00007ab98d1fa000,0x00007ab98d2fa000) (1024K)]
  0x00007ab938015460 WorkerThread "GC Thread#8"                     [id=99372, stack(0x00007ab98d0f9000,0x00007ab98d1f9000) (1024K)]
  0x00007ab938013890 WorkerThread "GC Thread#9"                     [id=99380, stack(0x00007ab98cdf8000,0x00007ab98cef8000) (1024K)]
  0x00007ab9b80aae40 ConcurrentGCThread "G1 Main Marker"            [id=99296, stack(0x00007ab9be050000,0x00007ab9be150000) (1024K)]
  0x00007ab9b80abd20 WorkerThread "G1 Conc#0"                       [id=99297, stack(0x00007ab9bdf4f000,0x00007ab9be04f000) (1024K)]
  0x00007ab990000cd0 WorkerThread "G1 Conc#1"                       [id=99381, stack(0x00007ab98ccf7000,0x00007ab98cdf7000) (1024K)]
  0x00007ab990001640 WorkerThread "G1 Conc#2"                       [id=99382, stack(0x00007ab98cbf6000,0x00007ab98ccf6000) (1024K)]
  0x00007ab9b81471e0 ConcurrentGCThread "G1 Refine#0"               [id=99298, stack(0x00007ab9bd444000,0x00007ab9bd544000) (1024K)]
  0x00007ab9b81480d0 ConcurrentGCThread "G1 Service"                [id=99299, stack(0x00007ab9bd343000,0x00007ab9bd443000) (1024K)]
Total: 18

Threads with active compile tasks:
Total: 0

VM state: not at safepoint (normal execution)

VM Mutex/Monitor currently owned by a thread: None

Heap address: 0x000000070b000000, size: 3920 MB, Compressed Oops mode: Zero based, Oop shift amount: 3

CDS archive(s) mapped at: [0x00007ab93e000000-0x00007ab93ed1c000-0x00007ab93ed1c000), size 13746176, SharedBaseAddress: 0x00007ab93e000000, ArchiveRelocationMode: 1.
Compressed class space mapped at: 0x00007ab93f000000-0x00007ab97f000000, reserved size: 1073741824
UseCompressedClassPointers 1, UseCompactObjectHeaders 0
Narrow klass pointer bits 32, Max shift 3
Narrow klass base: 0x00007ab93e000000, Narrow klass shift: 0
Encoding Range: [0x00007ab93e000000 - 0x00007aba3e000000), (4294967296 bytes)
Klass Range:    [0x00007ab93e000000 - 0x00007ab97f000000), (1090519040 bytes)
Klass ID Range:  [8 - 1090519033) (1090519025)

GC Precious Log:
 CardTable entry size: 512
 Card Set container configuration: InlinePtr #cards 4 size 8 Array Of Cards #cards 16 size 48 Howl #buckets 8 coarsen threshold 3686 Howl Bitmap #cards 512 size 80 coarsen threshold 460 Card regions per heap region 1 cards per card region 4096
 CPUs: 12 total, 12 available
 Memory: 15678M
 Large Page Support: Disabled
 NUMA Support: Disabled
 Compressed Oops: Enabled (Zero based)
 Heap Region Size: 2M
 Heap Min Capacity: 8M
 Heap Initial Capacity: 246M
 Heap Max Capacity: 3920M
 Pre-touch: Disabled
 Parallel Workers: 10
 Concurrent Workers: 3
 Concurrent Refinement Workers: 10
 Periodic GC: Disabled

Heap:
 garbage-first heap   total reserved 4014080K, committed 79872K, used 68442K [0x000000070b000000, 0x0000000800000000)
  region size 2048K, 21 young (43008K), 2 survivors (4096K)
 Metaspace       used 41547K, committed 42176K, reserved 1114112K
  class space    used 4415K, committed 4672K, reserved 1048576K

Heap Regions: E=young(eden), S=young(survivor), O=old, HS=humongous(starts), HC=humongous(continues), CS=collection set, F=free, TAMS=top-at-mark-start, PB=parsable bottom
|   0|0x000000070b000000, 0x000000070b200000, 0x000000070b200000|100%| O|  |TAMS 0x000000070b000000| PB 0x000000070b000000| Untracked |  0
|   1|0x000000070b200000, 0x000000070b400000, 0x000000070b400000|100%| O|  |TAMS 0x000000070b200000| PB 0x000000070b200000| Untracked |  0
|   2|0x000000070b400000, 0x000000070b600000, 0x000000070b600000|100%| O|  |TAMS 0x000000070b400000| PB 0x000000070b400000| Untracked |  0
|   3|0x000000070b600000, 0x000000070b600000, 0x000000070b800000|  0%| F|  |TAMS 0x000000070b600000| PB 0x000000070b600000| Untracked |  0
|   4|0x000000070b800000, 0x000000070ba00000, 0x000000070ba00000|100%| O|  |TAMS 0x000000070b800000| PB 0x000000070b800000| Untracked |  0
|   5|0x000000070ba00000, 0x000000070baad4a8, 0x000000070bc00000| 33%| O|  |TAMS 0x000000070ba00000| PB 0x000000070ba00000| Untracked |  0
|   6|0x000000070bc00000, 0x000000070be00000, 0x000000070be00000|100%| O|  |TAMS 0x000000070bc00000| PB 0x000000070bc00000| Untracked |  0
|   7|0x000000070be00000, 0x000000070befa338, 0x000000070c000000| 48%| O|  |TAMS 0x000000070be00000| PB 0x000000070be00000| Untracked |  0
|   8|0x000000070c000000, 0x000000070c200000, 0x000000070c200000|100%|HS|  |TAMS 0x000000070c000000| PB 0x000000070c000000| Complete |  0
|   9|0x000000070c200000, 0x000000070c400000, 0x000000070c400000|100%|HC|  |TAMS 0x000000070c200000| PB 0x000000070c200000| Complete |  0
|  10|0x000000070c400000, 0x000000070c600000, 0x000000070c600000|100%|HS|  |TAMS 0x000000070c400000| PB 0x000000070c400000| Complete |  0
|  11|0x000000070c600000, 0x000000070c800000, 0x000000070c800000|100%|HC|  |TAMS 0x000000070c600000| PB 0x000000070c600000| Complete |  0
|  12|0x000000070c800000, 0x000000070c92f0b8, 0x000000070ca00000| 59%| S|CS|TAMS 0x000000070c800000| PB 0x000000070c800000| Complete |  0
|  13|0x000000070ca00000, 0x000000070cc00000, 0x000000070cc00000|100%| S|CS|TAMS 0x000000070ca00000| PB 0x000000070ca00000| Complete |  0
|  14|0x000000070cc00000, 0x000000070cc00000, 0x000000070ce00000|  0%| F|  |TAMS 0x000000070cc00000| PB 0x000000070cc00000| Untracked |  0
|  15|0x000000070ce00000, 0x000000070cfe9270, 0x000000070d000000| 95%| E|  |TAMS 0x000000070ce00000| PB 0x000000070ce00000| Complete |  0
|  16|0x000000070d000000, 0x000000070d200000, 0x000000070d200000|100%| E|CS|TAMS 0x000000070d000000| PB 0x000000070d000000| Complete |  0
|  17|0x000000070d200000, 0x000000070d400000, 0x000000070d400000|100%| E|CS|TAMS 0x000000070d200000| PB 0x000000070d200000| Complete |  0
|  18|0x000000070d400000, 0x000000070d600000, 0x000000070d600000|100%| E|CS|TAMS 0x000000070d400000| PB 0x000000070d400000| Complete |  0
|  19|0x000000070d600000, 0x000000070d800000, 0x000000070d800000|100%| E|CS|TAMS 0x000000070d600000| PB 0x000000070d600000| Complete |  0
|  20|0x000000070d800000, 0x000000070da00000, 0x000000070da00000|100%| E|CS|TAMS 0x000000070d800000| PB 0x000000070d800000| Complete |  0
|  21|0x000000070da00000, 0x000000070dc00000, 0x000000070dc00000|100%| E|CS|TAMS 0x000000070da00000| PB 0x000000070da00000| Complete |  0
|  22|0x000000070dc00000, 0x000000070de00000, 0x000000070de00000|100%| E|CS|TAMS 0x000000070dc00000| PB 0x000000070dc00000| Complete |  0
|  23|0x000000070de00000, 0x000000070dfff7d0, 0x000000070e000000| 99%| E|  |TAMS 0x000000070de00000| PB 0x000000070de00000| Complete |  0
|  24|0x000000070e000000, 0x000000070e200000, 0x000000070e200000|100%| E|CS|TAMS 0x000000070e000000| PB 0x000000070e000000| Complete |  0
|  25|0x000000070e200000, 0x000000070e400000, 0x000000070e400000|100%| E|CS|TAMS 0x000000070e200000| PB 0x000000070e200000| Complete |  0
|  26|0x000000070e400000, 0x000000070e600000, 0x000000070e600000|100%| E|CS|TAMS 0x000000070e400000| PB 0x000000070e400000| Complete |  0
|  27|0x000000070e600000, 0x000000070e800000, 0x000000070e800000|100%| E|CS|TAMS 0x000000070e600000| PB 0x000000070e600000| Complete |  0
|  28|0x000000070e800000, 0x000000070ea00000, 0x000000070ea00000|100%| E|CS|TAMS 0x000000070e800000| PB 0x000000070e800000| Complete |  0
|  29|0x000000070ea00000, 0x000000070ec00000, 0x000000070ec00000|100%| E|CS|TAMS 0x000000070ea00000| PB 0x000000070ea00000| Complete |  0
|  30|0x000000070ec00000, 0x000000070ee00000, 0x000000070ee00000|100%|HS|  |TAMS 0x000000070ec00000| PB 0x000000070ec00000| Complete |  0
|  31|0x000000070ee00000, 0x000000070f000000, 0x000000070f000000|100%|HC|  |TAMS 0x000000070ee00000| PB 0x000000070ee00000| Complete |  0
|  95|0x0000000716e00000, 0x0000000717000000, 0x0000000717000000|100%| E|CS|TAMS 0x0000000716e00000| PB 0x0000000716e00000| Complete |  0
|  99|0x0000000717600000, 0x0000000717800000, 0x0000000717800000|100%| E|CS|TAMS 0x0000000717600000| PB 0x0000000717600000| Complete |  0
| 122|0x000000071a400000, 0x000000071a600000, 0x000000071a600000|100%| E|CS|TAMS 0x000000071a400000| PB 0x000000071a400000| Complete |  0
|1956|0x00000007ff800000, 0x00000007ffa00000, 0x00000007ffa00000|100%| O|  |TAMS 0x00000007ff800000| PB 0x00000007ff800000| Untracked |  0
|1957|0x00000007ffa00000, 0x00000007ffc00000, 0x00000007ffc00000|100%| O|  |TAMS 0x00000007ffa00000| PB 0x00000007ffa00000| Untracked |  0
|1958|0x00000007ffc00000, 0x00000007ffe00000, 0x00000007ffe00000|100%| O|  |TAMS 0x00000007ffc00000| PB 0x00000007ffc00000| Untracked |  0
|1959|0x00000007ffe00000, 0x0000000800000000, 0x0000000800000000|100%| E|CS|TAMS 0x00000007ffe00000| PB 0x00000007ffe00000| Complete |  0

Card table byte_map: [0x00007ab9be2d0000,0x00007ab9bea78000] _byte_map_base: 0x00007ab9baa78000

Marking Bits: (CMBitMap*) 0x00007ab9b80970a0
 Bits: [0x00007ab99c8c0000, 0x00007ab9a0600000)

Polling page: 0x00007ab9c1826000

Metaspace:

Usage:
  Non-class:     36.26 MB used.
      Class:      4.31 MB used.
       Both:     40.57 MB used.

Virtual space:
  Non-class space:       64.00 MB reserved,      36.62 MB ( 57%) committed,  1 nodes.
      Class space:        1.00 GB reserved,       4.56 MB ( <1%) committed,  1 nodes.
             Both:        1.06 GB reserved,      41.19 MB (  4%) committed. 

Chunk freelists:
   Non-Class:  10.61 MB
       Class:  11.34 MB
        Both:  21.95 MB

MaxMetaspaceSize: unlimited
CompressedClassSpaceSize: 1.00 GB
Initial GC threshold: 21.00 MB
Current GC threshold: 59.06 MB
CDS: on
 - commit_granule_bytes: 65536.
 - commit_granule_words: 8192.
 - virtual_space_node_default_size: 8388608.
 - enlarge_chunks_in_place: 1.
UseCompressedClassPointers 1, UseCompactObjectHeaders 0
Narrow klass pointer bits 32, Max shift 3
Narrow klass base: 0x00007ab93e000000, Narrow klass shift: 0
Encoding Range: [0x00007ab93e000000 - 0x00007aba3e000000), (4294967296 bytes)
Klass Range:    [0x00007ab93e000000 - 0x00007ab97f000000), (1090519040 bytes)
Klass ID Range:  [8 - 1090519033) (1090519025)


Internal statistics:

num_allocs_failed_limit: 6.
num_arena_births: 802.
num_arena_deaths: 0.
num_vsnodes_births: 2.
num_vsnodes_deaths: 0.
num_space_committed: 659.
num_space_uncommitted: 0.
num_chunks_returned_to_freelist: 6.
num_chunks_taken_from_freelist: 2215.
num_chunk_merges: 6.
num_chunk_splits: 1475.
num_chunks_enlarged: 1055.
num_inconsistent_stats: 0.

CodeHeap 'non-profiled nmethods': size=120032Kb used=3247Kb max_used=3247Kb free=116784Kb
 bounds [0x00007ab9a80c8000, 0x00007ab9a83f8000, 0x00007ab9af600000]
CodeHeap 'profiled nmethods': size=120028Kb used=10657Kb max_used=10657Kb free=109370Kb
 bounds [0x00007ab9a0600000, 0x00007ab9a1070000, 0x00007ab9a7b37000]
CodeHeap 'non-nmethods': size=5700Kb used=1601Kb max_used=1728Kb free=4098Kb
 bounds [0x00007ab9a7b37000, 0x00007ab9a7da7000, 0x00007ab9a80c8000]
CodeCache: size=245760Kb, used=15505Kb, max_used=15632Kb, free=230252Kb
 total_blobs=6665, nmethods=6029, adapters=541, full_count=0
Compilation: enabled, stopped_count=0, restarted_count=0

Compilation events (20 events):
Event: 59.547 Thread 0x00007ab9b8179830 nmethod 6426 0x00007ab9a1067e08 code [0x00007ab9a1067f20, 0x00007ab9a1068138]
Event: 59.547 Thread 0x00007ab9b8179830 6427       3       sun.java2d.StateTrackableDelegate::markDirty (6 bytes)
Event: 59.547 Thread 0x00007ab9b8179830 nmethod 6427 0x00007ab9a1068188 code [0x00007ab9a10682a0, 0x00007ab9a10683d0]
Event: 59.567 Thread 0x00007ab9b8178050 nmethod 6425 0x00007ab9a83ef808 code [0x00007ab9a83ef940, 0x00007ab9a83f02f8]
Event: 59.567 Thread 0x00007ab9b8178050 6405       4       jdk.internal.classfile.impl.AbstractPoolEntry$AbstractMemberRefEntry::nameAndType (5 bytes)
Event: 59.568 Thread 0x00007ab9b8178050 nmethod 6405 0x00007ab9a83f0388 code [0x00007ab9a83f0480, 0x00007ab9a83f0540]
Event: 59.568 Thread 0x00007ab9b8178050 6404       4       jdk.internal.classfile.impl.AbstractPoolEntry$NameAndTypeEntryImpl::type (8 bytes)
Event: 59.570 Thread 0x00007ab9b8178050 nmethod 6404 0x00007ab9a83f0688 code [0x00007ab9a83f0780, 0x00007ab9a83f0840]
Event: 59.570 Thread 0x00007ab9b8178050 6406       4       jdk.internal.classfile.impl.RawBytecodeHelper::getIndexU2 (11 bytes)
Event: 59.571 Thread 0x00007ab9b8178050 nmethod 6406 0x00007ab9a83f0988 code [0x00007ab9a83f0a80, 0x00007ab9a83f0b58]
Event: 59.571 Thread 0x00007ab9b8178050 6378       4       java.lang.StringBuilder::<init> (6 bytes)
Event: 59.572 Thread 0x00007ab9b8178050 nmethod 6378 0x00007ab9a83f0c88 code [0x00007ab9a83f0da0, 0x00007ab9a83f1010]
Event: 59.572 Thread 0x00007ab9b8178050 6357       4       jdk.internal.classfile.impl.SplitConstantPool::utf8Entry (6 bytes)
Event: 59.577 Thread 0x00007ab9b8178050 nmethod 6357 0x00007ab9a83f1088 code [0x00007ab9a83f1200, 0x00007ab9a83f1c18]
Event: 59.577 Thread 0x00007ab9b8178050 6365   !   4       jdk.internal.loader.AbstractClassLoaderValue::get (21 bytes)
Event: 59.587 Thread 0x00007ab9b8178050 nmethod 6365 0x00007ab9a83f1d08 code [0x00007ab9a83f1e60, 0x00007ab9a83f23e8]
Event: 59.605 Thread 0x00007ab9b8178050 6428 %     4       com.sun.imageio.plugins.jpeg.JPEGBuffer::scanForFF @ 8 (162 bytes)
Event: 59.619 Thread 0x00007ab9b8178050 nmethod 6428% 0x00007ab9a83f2488 code [0x00007ab9a83f2600, 0x00007ab9a83f2ed0]
Event: 59.619 Thread 0x00007ab9b8178050 6429       4       sun.awt.image.ByteInterleavedRaster::getByteData (851 bytes)
Event: 59.636 Thread 0x00007ab9b8178050 nmethod 6429 0x00007ab9a83f2f88 code [0x00007ab9a83f30e0, 0x00007ab9a83f3d88]

GC Heap History (20 events):
Event: 2.606 GC heap before
{Heap before GC invocations=3 (full 0):
 garbage-first heap   total reserved 4014080K, committed 40960K, used 39896K [0x000000070b000000, 0x0000000800000000)
  region size 2048K, 19 young (38912K), 5 survivors (10240K)
 Metaspace       used 24203K, committed 24512K, reserved 1114112K
  class space    used 2389K, committed 2496K, reserved 1048576K
}
Event: 2.616 GC heap after
{Heap after GC invocations=4 (full 0):
 garbage-first heap   total reserved 4014080K, committed 55296K, used 13368K [0x000000070b000000, 0x0000000800000000)
  region size 2048K, 4 young (8192K), 4 survivors (8192K)
 Metaspace       used 24203K, committed 24512K, reserved 1114112K
  class space    used 2389K, committed 2496K, reserved 1048576K
}
Event: 3.114 GC heap before
{Heap before GC invocations=4 (full 0):
 garbage-first heap   total reserved 4014080K, committed 55296K, used 35896K [0x000000070b000000, 0x0000000800000000)
  region size 2048K, 15 young (30720K), 4 survivors (8192K)
 Metaspace       used 26903K, committed 27200K, reserved 1114112K
  class space    used 2739K, committed 2880K, reserved 1048576K
}
Event: 3.127 GC heap after
{Heap after GC invocations=5 (full 0):
 garbage-first heap   total reserved 4014080K, committed 55296K, used 15534K [0x000000070b000000, 0x0000000800000000)
  region size 2048K, 2 young (4096K), 2 survivors (4096K)
 Metaspace       used 26903K, committed 27200K, reserved 1114112K
  class space    used 2739K, committed 2880K, reserved 1048576K
}
Event: 3.698 GC heap before
{Heap before GC invocations=5 (full 0):
 garbage-first heap   total reserved 4014080K, committed 55296K, used 38062K [0x000000070b000000, 0x0000000800000000)
  region size 2048K, 13 young (26624K), 2 survivors (4096K)
 Metaspace       used 30292K, committed 30720K, reserved 1114112K
  class space    used 3147K, committed 3328K, reserved 1048576K
}
Event: 3.704 GC heap after
{Heap after GC invocations=6 (full 0):
 garbage-first heap   total reserved 4014080K, committed 55296K, used 17161K [0x000000070b000000, 0x0000000800000000)
  region size 2048K, 2 young (4096K), 2 survivors (4096K)
 Metaspace       used 30292K, committed 30720K, reserved 1114112K
  class space    used 3147K, committed 3328K, reserved 1048576K
}
Event: 4.200 GC heap before
{Heap before GC invocations=6 (full 0):
 garbage-first heap   total reserved 4014080K, committed 55296K, used 41737K [0x000000070b000000, 0x0000000800000000)
  region size 2048K, 14 young (28672K), 2 survivors (4096K)
 Metaspace       used 32403K, committed 32896K, reserved 1114112K
  class space    used 3392K, committed 3584K, reserved 1048576K
}
Event: 4.206 GC heap after
{Heap after GC invocations=7 (full 0):
 garbage-first heap   total reserved 4014080K, committed 55296K, used 18894K [0x000000070b000000, 0x0000000800000000)
  region size 2048K, 2 young (4096K), 2 survivors (4096K)
 Metaspace       used 32403K, committed 32896K, reserved 1114112K
  class space    used 3392K, committed 3584K, reserved 1048576K
}
Event: 4.812 GC heap before
{Heap before GC invocations=7 (full 0):
 garbage-first heap   total reserved 4014080K, committed 55296K, used 41422K [0x000000070b000000, 0x0000000800000000)
  region size 2048K, 14 young (28672K), 2 survivors (4096K)
 Metaspace       used 35376K, committed 35904K, reserved 1114112K
  class space    used 3804K, committed 4032K, reserved 1048576K
}
Event: 4.817 GC heap after
{Heap after GC invocations=8 (full 0):
 garbage-first heap   total reserved 4014080K, committed 153600K, used 20561K [0x000000070b000000, 0x0000000800000000)
  region size 2048K, 2 young (4096K), 2 survivors (4096K)
 Metaspace       used 35376K, committed 35904K, reserved 1114112K
  class space    used 3804K, committed 4032K, reserved 1048576K
}
Event: 4.845 GC heap before
{Heap before GC invocations=8 (full 0):
 garbage-first heap   total reserved 4014080K, committed 153600K, used 20561K [0x000000070b000000, 0x0000000800000000)
  region size 2048K, 3 young (6144K), 2 survivors (4096K)
 Metaspace       used 35622K, committed 36096K, reserved 1114112K
  class space    used 3835K, committed 4032K, reserved 1048576K
}
Event: 4.849 GC heap after
{Heap after GC invocations=9 (full 0):
 garbage-first heap   total reserved 4014080K, committed 153600K, used 20634K [0x000000070b000000, 0x0000000800000000)
  region size 2048K, 2 young (4096K), 2 survivors (4096K)
 Metaspace       used 35622K, committed 36096K, reserved 1114112K
  class space    used 3835K, committed 4032K, reserved 1048576K
}
Event: 7.783 GC heap before
{Heap before GC invocations=10 (full 0):
 garbage-first heap   total reserved 4014080K, committed 75776K, used 59546K [0x000000070b000000, 0x0000000800000000)
  region size 2048K, 22 young (45056K), 2 survivors (4096K)
 Metaspace       used 37184K, committed 37760K, reserved 1114112K
  class space    used 4042K, committed 4288K, reserved 1048576K
}
Event: 7.789 GC heap after
{Heap after GC invocations=11 (full 0):
 garbage-first heap   total reserved 4014080K, committed 75776K, used 21347K [0x000000070b000000, 0x0000000800000000)
  region size 2048K, 2 young (4096K), 2 survivors (4096K)
 Metaspace       used 37184K, committed 37760K, reserved 1114112K
  class space    used 4042K, committed 4288K, reserved 1048576K
}
Event: 17.812 GC heap before
{Heap before GC invocations=11 (full 0):
 garbage-first heap   total reserved 4014080K, committed 75776K, used 62307K [0x000000070b000000, 0x0000000800000000)
  region size 2048K, 22 young (45056K), 2 survivors (4096K)
 Metaspace       used 37340K, committed 37952K, reserved 1114112K
  class space    used 4046K, committed 4288K, reserved 1048576K
}
Event: 17.816 GC heap after
{Heap after GC invocations=12 (full 0):
 garbage-first heap   total reserved 4014080K, committed 75776K, used 21171K [0x000000070b000000, 0x0000000800000000)
  region size 2048K, 2 young (4096K), 2 survivors (4096K)
 Metaspace       used 37340K, committed 37952K, reserved 1114112K
  class space    used 4046K, committed 4288K, reserved 1048576K
}
Event: 32.745 GC heap before
{Heap before GC invocations=12 (full 0):
 garbage-first heap   total reserved 4014080K, committed 75776K, used 62131K [0x000000070b000000, 0x0000000800000000)
  region size 2048K, 22 young (45056K), 2 survivors (4096K)
 Metaspace       used 37448K, committed 38016K, reserved 1114112K
  class space    used 4047K, committed 4288K, reserved 1048576K
}
Event: 32.749 GC heap after
{Heap after GC invocations=13 (full 0):
 garbage-first heap   total reserved 4014080K, committed 75776K, used 21226K [0x000000070b000000, 0x0000000800000000)
  region size 2048K, 2 young (4096K), 2 survivors (4096K)
 Metaspace       used 37448K, committed 38016K, reserved 1114112K
  class space    used 4047K, committed 4288K, reserved 1048576K
}
Event: 42.753 GC heap before
{Heap before GC invocations=13 (full 0):
 garbage-first heap   total reserved 4014080K, committed 75776K, used 62186K [0x000000070b000000, 0x0000000800000000)
  region size 2048K, 22 young (45056K), 2 survivors (4096K)
 Metaspace       used 37513K, committed 38080K, reserved 1114112K
  class space    used 4051K, committed 4288K, reserved 1048576K
}
Event: 42.757 GC heap after
{Heap after GC invocations=14 (full 0):
 garbage-first heap   total reserved 4014080K, committed 75776K, used 21338K [0x000000070b000000, 0x0000000800000000)
  region size 2048K, 2 young (4096K), 2 survivors (4096K)
 Metaspace       used 37513K, committed 38080K, reserved 1114112K
  class space    used 4051K, committed 4288K, reserved 1048576K
}

Dll operation events (14 events):
Event: 0.003 Loaded shared library /usr/lib/jvm/jdk-24.0.2-oracle-x64/lib/libjava.so
Event: 0.026 Loaded shared library /usr/lib/jvm/jdk-24.0.2-oracle-x64/lib/libsimdsort.so
Event: 0.026 Loaded shared library /usr/lib/jvm/jdk-24.0.2-oracle-x64/lib/libjsvml.so
Event: 0.183 Loaded shared library /usr/lib/jvm/jdk-24.0.2-oracle-x64/lib/libnio.so
Event: 0.184 Loaded shared library /usr/lib/jvm/jdk-24.0.2-oracle-x64/lib/libjimage.so
Event: 0.191 Loaded shared library /usr/lib/jvm/jdk-24.0.2-oracle-x64/lib/libzip.so
Event: 0.237 Loaded shared library /usr/lib/jvm/jdk-24.0.2-oracle-x64/lib/libmanagement.so
Event: 0.243 Loaded shared library /usr/lib/jvm/jdk-24.0.2-oracle-x64/lib/libmanagement_ext.so
Event: 0.280 Loaded shared library /usr/lib/jvm/jdk-24.0.2-oracle-x64/lib/libnet.so
Event: 0.539 Loaded shared library /usr/lib/jvm/jdk-24.0.2-oracle-x64/lib/libextnet.so
Event: 59.348 Loaded shared library /usr/lib/jvm/jdk-24.0.2-oracle-x64/lib/libawt.so
Event: 59.350 Loaded shared library /usr/lib/jvm/jdk-24.0.2-oracle-x64/lib/libawt_headless.so
Event: 59.396 Loaded shared library /usr/lib/jvm/jdk-24.0.2-oracle-x64/lib/libjavajpeg.so
Event: 59.416 Loaded shared library /home/spartanluck/.cache/JNA/temp/jna11784416255072476734.tmp

Deoptimization events (20 events):
Event: 59.565 Thread 0x00007ab8d4bdcf60 DEOPT PACKING pc=0x00007ab9a1060468 sp=0x00007ab98c7f0a20
Event: 59.565 Thread 0x00007ab8d4bdcf60 DEOPT UNPACKING pc=0x00007ab9a7b8c30f sp=0x00007ab98c7eff18 mode 0
Event: 59.565 Thread 0x00007ab8d4bdcf60 DEOPT PACKING pc=0x00007ab9a1060468 sp=0x00007ab98c7f0a20
Event: 59.565 Thread 0x00007ab8d4bdcf60 DEOPT UNPACKING pc=0x00007ab9a7b8c30f sp=0x00007ab98c7eff18 mode 0
Event: 59.565 Thread 0x00007ab8d4bdcf60 DEOPT PACKING pc=0x00007ab9a1060468 sp=0x00007ab98c7f0a20
Event: 59.565 Thread 0x00007ab8d4bdcf60 DEOPT UNPACKING pc=0x00007ab9a7b8c30f sp=0x00007ab98c7eff18 mode 0
Event: 59.566 Thread 0x00007ab8d4bdcf60 DEOPT PACKING pc=0x00007ab9a1060468 sp=0x00007ab98c7f0a20
Event: 59.566 Thread 0x00007ab8d4bdcf60 DEOPT UNPACKING pc=0x00007ab9a7b8c30f sp=0x00007ab98c7eff18 mode 0
Event: 59.566 Thread 0x00007ab8d4bdcf60 DEOPT PACKING pc=0x00007ab9a1060468 sp=0x00007ab98c7f0a20
Event: 59.566 Thread 0x00007ab8d4bdcf60 DEOPT UNPACKING pc=0x00007ab9a7b8c30f sp=0x00007ab98c7eff18 mode 0
Event: 59.566 Thread 0x00007ab8d4bdcf60 DEOPT PACKING pc=0x00007ab9a1060468 sp=0x00007ab98c7f0a20
Event: 59.566 Thread 0x00007ab8d4bdcf60 DEOPT UNPACKING pc=0x00007ab9a7b8c30f sp=0x00007ab98c7eff18 mode 0
Event: 59.566 Thread 0x00007ab8d4bdcf60 DEOPT PACKING pc=0x00007ab9a1060468 sp=0x00007ab98c7f0a20
Event: 59.566 Thread 0x00007ab8d4bdcf60 DEOPT UNPACKING pc=0x00007ab9a7b8c30f sp=0x00007ab98c7eff18 mode 0
Event: 59.566 Thread 0x00007ab8d4bdcf60 DEOPT PACKING pc=0x00007ab9a1060468 sp=0x00007ab98c7f0a20
Event: 59.566 Thread 0x00007ab8d4bdcf60 DEOPT UNPACKING pc=0x00007ab9a7b8c30f sp=0x00007ab98c7eff18 mode 0
Event: 59.567 Thread 0x00007ab8d4bdcf60 DEOPT PACKING pc=0x00007ab9a1060468 sp=0x00007ab98c7f0a20
Event: 59.567 Thread 0x00007ab8d4bdcf60 DEOPT UNPACKING pc=0x00007ab9a7b8c30f sp=0x00007ab98c7eff18 mode 0
Event: 59.567 Thread 0x00007ab8d4bdcf60 DEOPT PACKING pc=0x00007ab9a1060468 sp=0x00007ab98c7f0a20
Event: 59.567 Thread 0x00007ab8d4bdcf60 DEOPT UNPACKING pc=0x00007ab9a7b8c30f sp=0x00007ab98c7eff18 mode 0

Classes loaded (20 events):
Event: 59.604 Loading class com/sun/imageio/plugins/jpeg/DQTMarkerSegment$Qtable
Event: 59.604 Loading class com/sun/imageio/plugins/jpeg/DQTMarkerSegment$Qtable done
Event: 59.604 Loading class com/sun/imageio/plugins/jpeg/SOFMarkerSegment
Event: 59.604 Loading class com/sun/imageio/plugins/jpeg/SOFMarkerSegment done
Event: 59.604 Loading class com/sun/imageio/plugins/jpeg/SOFMarkerSegment$ComponentSpec
Event: 59.605 Loading class com/sun/imageio/plugins/jpeg/SOFMarkerSegment$ComponentSpec done
Event: 59.605 Loading class com/sun/imageio/plugins/jpeg/DHTMarkerSegment
Event: 59.605 Loading class com/sun/imageio/plugins/jpeg/DHTMarkerSegment done
Event: 59.605 Loading class com/sun/imageio/plugins/jpeg/DHTMarkerSegment$Htable
Event: 59.605 Loading class com/sun/imageio/plugins/jpeg/DHTMarkerSegment$Htable done
Event: 59.605 Loading class com/sun/imageio/plugins/jpeg/SOSMarkerSegment
Event: 59.605 Loading class com/sun/imageio/plugins/jpeg/SOSMarkerSegment done
Event: 59.605 Loading class com/sun/imageio/plugins/jpeg/SOSMarkerSegment$ScanComponentSpec
Event: 59.605 Loading class com/sun/imageio/plugins/jpeg/SOSMarkerSegment$ScanComponentSpec done
Event: 59.605 Loading class com/sun/imageio/plugins/jpeg/AdobeMarkerSegment
Event: 59.605 Loading class com/sun/imageio/plugins/jpeg/AdobeMarkerSegment done
Event: 59.605 Loading class javax/imageio/IIOImage
Event: 59.605 Loading class javax/imageio/IIOImage done
Event: 59.621 Loading class java/nio/DirectByteBuffer$Deallocator
Event: 59.621 Loading class java/nio/DirectByteBuffer$Deallocator done

Classes unloaded (0 events):
No events

Classes redefined (0 events):
No events

Internal exceptions (20 events):
Event: 42.822 Thread 0x00007ab8f4003550 Exception <a 'java/lang/ClassNotFoundException'{0x000000070e826270}: org/springframework/boot/actuate/endpoint/jmx/DataEndpointMBean> (0x000000070e826270) 
thrown [open/src/hotspot/share/classfile/systemDictionary.cpp, line 327]
Event: 42.822 Thread 0x00007ab8f4003550 Exception <a 'java/lang/ClassNotFoundException'{0x000000070e826640}: org/springframework/context/support/LiveBeansView> (0x000000070e826640) 
thrown [open/src/hotspot/share/classfile/systemDictionary.cpp, line 327]
Event: 42.822 Thread 0x00007ab8f4003550 Exception <a 'java/lang/ClassNotFoundException'{0x000000070e826a00}: org/springframework/boot/actuate/endpoint/jmx/EndpointMBean> (0x000000070e826a00) 
thrown [open/src/hotspot/share/classfile/systemDictionary.cpp, line 327]
Event: 42.822 Thread 0x00007ab8f4003550 Exception <a 'java/lang/ClassNotFoundException'{0x000000070e826dc0}: org/springframework/boot/actuate/endpoint/jmx/DataEndpointMBean> (0x000000070e826dc0) 
thrown [open/src/hotspot/share/classfile/systemDictionary.cpp, line 327]
Event: 42.822 Thread 0x00007ab8f4003550 Exception <a 'java/lang/ClassNotFoundException'{0x000000070e827178}: org/springframework/context/support/LiveBeansView> (0x000000070e827178) 
thrown [open/src/hotspot/share/classfile/systemDictionary.cpp, line 327]
Event: 42.822 Thread 0x00007ab8f4003550 Exception <a 'java/lang/ClassNotFoundException'{0x000000070e827538}: org/springframework/boot/actuate/endpoint/jmx/EndpointMBean> (0x000000070e827538) 
thrown [open/src/hotspot/share/classfile/systemDictionary.cpp, line 327]
Event: 42.822 Thread 0x00007ab8f4003550 Exception <a 'java/lang/ClassNotFoundException'{0x000000070e8278f8}: org/springframework/boot/actuate/endpoint/jmx/DataEndpointMBean> (0x000000070e8278f8) 
thrown [open/src/hotspot/share/classfile/systemDictionary.cpp, line 327]
Event: 42.822 Thread 0x00007ab8f4003550 Exception <a 'java/lang/ClassNotFoundException'{0x000000070e827cb0}: org/springframework/context/support/LiveBeansView> (0x000000070e827cb0) 
thrown [open/src/hotspot/share/classfile/systemDictionary.cpp, line 327]
Event: 59.230 Thread 0x00007ab8d4bef430 Exception <a 'java/lang/NoSuchMethodError'{0x000000070e8e1c30}: 'java.lang.Object java.lang.invoke.DirectMethodHandle$Holder.invokeStatic(java.lang.Object, java.lang.Object, java.lang.Object, int, int)'> (0x000000070e8e1c30) 
thrown [open/src/hotspot/share/interpreter/linkResolver.cpp, line 804]
Event: 59.230 Thread 0x00007ab8d4bef430 Exception <a 'java/lang/NoSuchMethodError'{0x000000070e8e9b80}: 'java.lang.Object java.lang.invoke.DirectMethodHandle$Holder.invokeStaticInit(java.lang.Object, java.lang.Object, java.lang.Object, int, int)'> (0x000000070e8e9b80) 
thrown [open/src/hotspot/share/interpreter/linkResolver.cpp, line 804]
Event: 59.258 Thread 0x00007ab8d4bdcf60 Exception <a 'java/lang/NoSuchMethodError'{0x000000070e602db8}: 'java.lang.Object java.lang.invoke.DirectMethodHandle$Holder.invokeSpecial(java.lang.Object, java.lang.Object, java.lang.Object, java.lang.Object, java.lang.Object, long)'> (0x000000070e602db8) 
thrown [open/src/hotspot/share/interpreter/linkResolver.cpp, line 804]
Event: 59.258 Thread 0x00007ab8d4bdcf60 Exception <a 'java/lang/NoSuchMethodError'{0x000000070e60b638}: 'java.lang.Object java.lang.invoke.DirectMethodHandle$Holder.invokeSpecial(java.lang.Object, java.lang.Object, java.lang.Object, java.lang.Object, java.lang.Object, java.lang.Object, long)'> (0x000000070e60b638) 
thrown [open/src/hotspot/share/interpreter/linkResolver.cpp, line 804]
Event: 59.258 Thread 0x00007ab8d4bdcf60 Exception <a 'java/lang/NoSuchMethodError'{0x000000070e6139a0}: 'java.lang.Object java.lang.invoke.DelegatingMethodHandle$Holder.reinvoke_L(java.lang.Object, java.lang.Object, java.lang.Object, java.lang.Object, java.lang.Object, long)'> (0x000000070e6139a0) 
thrown [open/src/hotspot/share/interpreter/linkResolver.cpp, line 804]
Event: 59.258 Thread 0x00007ab8d4bdcf60 Exception <a 'java/lang/NoSuchMethodError'{0x000000070e623f18}: 'java.lang.Object java.lang.invoke.Invokers$Holder.linkToTargetMethod(java.lang.Object, java.lang.Object, java.lang.Object, long, java.lang.Object)'> (0x000000070e623f18) 
thrown [open/src/hotspot/share/interpreter/linkResolver.cpp, line 804]
Event: 59.346 Thread 0x00007ab8d4bdcf60 Exception <a 'java/lang/ClassNotFoundException'{0x000000070e204a70}: sun/awt/resources/spi/awtProvider> (0x000000070e204a70) 
thrown [open/src/hotspot/share/classfile/systemDictionary.cpp, line 327]
Event: 59.351 Thread 0x00007ab8d4bdcf60 Exception <a 'java/io/FileNotFoundException'{0x000000070e2077c0}> (0x000000070e2077c0) 
thrown [open/src/hotspot/share/prims/jni.cpp, line 518]
Event: 59.351 Thread 0x00007ab8d4bdcf60 Exception <a 'java/io/FileNotFoundException'{0x000000070e208688}> (0x000000070e208688) 
thrown [open/src/hotspot/share/prims/jni.cpp, line 518]
Event: 59.441 Thread 0x00007ab8d4bdcf60 Implicit null exception at 0x00007ab9a8149a11 to 0x00007ab9a814a09c
Event: 59.442 Thread 0x00007ab8d4bdcf60 Exception <a 'java/lang/UnsatisfiedLinkError'{0x000000070e0513d8}: libtesseract.so: cannot open shared object file: No such file or directory> (0x000000070e0513d8) 
thrown [open/src/hotspot/share/prims/jni.cpp, line 536]
Event: 59.442 Thread 0x00007ab8d4bdcf60 Exception <a 'java/lang/UnsatisfiedLinkError'{0x000000070e052df0}: libtesseract.so: cannot open shared object file: No such file or directory> (0x000000070e052df0) 
thrown [open/src/hotspot/share/prims/jni.cpp, line 536]

VM Operations (20 events):
Event: 7.783 Executing VM operation: G1CollectForAllocation (G1 Evacuation Pause)
Event: 7.789 Executing VM operation: G1CollectForAllocation (G1 Evacuation Pause) done
Event: 17.812 Executing VM operation: G1CollectForAllocation (G1 Evacuation Pause)
Event: 17.816 Executing VM operation: G1CollectForAllocation (G1 Evacuation Pause) done
Event: 32.745 Executing VM operation: G1CollectForAllocation (G1 Evacuation Pause)
Event: 32.749 Executing VM operation: G1CollectForAllocation (G1 Evacuation Pause) done
Event: 42.753 Executing VM operation: G1CollectForAllocation (G1 Evacuation Pause)
Event: 42.757 Executing VM operation: G1CollectForAllocation (G1 Evacuation Pause) done
Event: 59.234 Executing VM operation: HandshakeAllThreads (Deoptimize)
Event: 59.234 Executing VM operation: HandshakeAllThreads (Deoptimize) done
Event: 59.269 Executing VM operation: HandshakeAllThreads (Deoptimize)
Event: 59.269 Executing VM operation: HandshakeAllThreads (Deoptimize) done
Event: 59.325 Executing VM operation: HandshakeAllThreads (Deoptimize)
Event: 59.325 Executing VM operation: HandshakeAllThreads (Deoptimize) done
Event: 59.343 Executing VM operation: HandshakeAllThreads (Deoptimize)
Event: 59.343 Executing VM operation: HandshakeAllThreads (Deoptimize) done
Event: 59.435 Executing VM operation: HandshakeAllThreads (Deoptimize)
Event: 59.435 Executing VM operation: HandshakeAllThreads (Deoptimize) done
Event: 59.436 Executing VM operation: HandshakeAllThreads (Deoptimize)
Event: 59.436 Executing VM operation: HandshakeAllThreads (Deoptimize) done

Memory protections (20 events):
Event: 4.804 Protecting memory [0x00007ab98c8f5000,0x00007ab98c8f9000] with protection modes 0
Event: 4.804 Protecting memory [0x00007ab98c6f5000,0x00007ab98c6f9000] with protection modes 0
Event: 4.804 Protecting memory [0x00007ab98c5f5000,0x00007ab98c5f9000] with protection modes 0
Event: 4.805 Protecting memory [0x00007ab98c4f5000,0x00007ab98c4f9000] with protection modes 0
Event: 4.805 Protecting memory [0x00007ab98c3f5000,0x00007ab98c3f9000] with protection modes 0
Event: 4.805 Protecting memory [0x00007ab98c2f5000,0x00007ab98c2f9000] with protection modes 0
Event: 4.805 Protecting memory [0x00007ab98c1f5000,0x00007ab98c1f9000] with protection modes 0
Event: 4.806 Protecting memory [0x00007ab98c0f5000,0x00007ab98c0f9000] with protection modes 0
Event: 4.806 Protecting memory [0x00007ab97ff00000,0x00007ab97ff04000] with protection modes 0
Event: 4.806 Protecting memory [0x00007ab97fe00000,0x00007ab97fe04000] with protection modes 0
Event: 4.812 Protecting memory [0x00007ab97fd00000,0x00007ab97fd04000] with protection modes 0
Event: 4.819 Protecting memory [0x00007ab97fc00000,0x00007ab97fc04000] with protection modes 0
Event: 4.894 Protecting memory [0x00007ab9c1300000,0x00007ab9c1304000] with protection modes 0
Event: 6.994 Protecting memory [0x00007ab99c3c0000,0x00007ab99c3c4000] with protection modes 0
Event: 7.224 Protecting memory [0x00007ab99c2c0000,0x00007ab99c2c4000] with protection modes 0
Event: 12.764 Protecting memory [0x00007ab99c3c0000,0x00007ab99c3c4000] with protection modes 0
Event: 17.802 Protecting memory [0x00007ab99c3c0000,0x00007ab99c3c4000] with protection modes 0
Event: 59.398 Protecting memory [0x00007ab99c3c0000,0x00007ab99c3c4000] with protection modes 0
Event: 59.438 Protecting memory [0x00007ab99c09e000,0x00007ab99c0a2000] with protection modes 0
Event: 59.460 Protecting memory [0x00007ab98da00000,0x00007ab98da04000] with protection modes 0

Nmethod flushes (20 events):
Event: 4.877 Thread 0x00007ab9b8167b80 flushing  nmethod 0x00007ab9a0733e88
Event: 4.877 Thread 0x00007ab9b8167b80 flushing  nmethod 0x00007ab9a079e608
Event: 4.877 Thread 0x00007ab9b8167b80 flushing  nmethod 0x00007ab9a079f288
Event: 4.877 Thread 0x00007ab9b8167b80 flushing  nmethod 0x00007ab9a0657b88
Event: 4.877 Thread 0x00007ab9b8167b80 flushing  nmethod 0x00007ab9a0658a08
Event: 4.877 Thread 0x00007ab9b8167b80 flushing  nmethod 0x00007ab9a065a908
Event: 4.877 Thread 0x00007ab9b8167b80 flushing  nmethod 0x00007ab9a065ad88
Event: 4.877 Thread 0x00007ab9b8167b80 flushing  nmethod 0x00007ab9a071f408
Event: 4.877 Thread 0x00007ab9b8167b80 flushing  nmethod 0x00007ab9a0720388
Event: 4.877 Thread 0x00007ab9b8167b80 flushing  nmethod 0x00007ab9a0721888
Event: 4.877 Thread 0x00007ab9b8167b80 flushing  nmethod 0x00007ab9a0721b88
Event: 4.877 Thread 0x00007ab9b8167b80 flushing  nmethod 0x00007ab9a0726208
Event: 4.877 Thread 0x00007ab9b8167b80 flushing  nmethod 0x00007ab9a0778f08
Event: 4.877 Thread 0x00007ab9b8167b80 flushing  nmethod 0x00007ab9a07c7588
Event: 4.877 Thread 0x00007ab9b8167b80 flushing  nmethod 0x00007ab9a0847c88
Event: 4.877 Thread 0x00007ab9b8167b80 flushing  nmethod 0x00007ab9a0850808
Event: 4.877 Thread 0x00007ab9b8167b80 flushing  nmethod 0x00007ab9a08dc308
Event: 4.877 Thread 0x00007ab9b8167b80 flushing  nmethod 0x00007ab9a08ddb08
Event: 4.877 Thread 0x00007ab9b8167b80 flushing  nmethod 0x00007ab9a08de088
Event: 4.877 Thread 0x00007ab9b8167b80 flushing  nmethod 0x00007ab9a09ad908

Events (20 events):
Event: 4.806 Thread 0x00007ab8e0002b60 Thread added: 0x00007ab8d4be50e0
Event: 4.806 Thread 0x00007ab8e0002b60 Thread added: 0x00007ab8d4be6860
Event: 4.812 Thread 0x00007ab8e0002b60 Thread added: 0x00007ab8d4be8f90
Event: 4.819 Thread 0x00007ab8e0002b60 Thread added: 0x00007ab8d4bef430
Event: 4.888 Thread 0x00007ab8e0002b60 Thread exited: 0x00007ab8e0002b60
Event: 4.893 Thread 0x00007ab9b8676360 Thread exited: 0x00007ab9b8676360
Event: 4.894 Thread 0x00007ab9b802dc40 Thread exited: 0x00007ab9b802dc40
Event: 4.894 Thread 0x00007ab9b802dc40 Thread added: 0x00007ab9b802dc40
Event: 5.293 Thread 0x00007ab914149e10 Thread exited: 0x00007ab914149e10
Event: 5.293 Thread 0x00007ab9140c5c90 Thread exited: 0x00007ab9140c5c90
Event: 6.994 Thread 0x00007ab9b8179830 Thread added: 0x00007ab914149d60
Event: 7.224 Thread 0x00007ab9b853f250 Thread added: 0x00007ab8f4003550
Event: 8.659 Thread 0x00007ab914149d60 Thread exited: 0x00007ab914149d60
Event: 12.764 Thread 0x00007ab9b8178050 Thread added: 0x00007ab9200ff130
Event: 13.667 Thread 0x00007ab9200ff130 Thread exited: 0x00007ab9200ff130
Event: 17.802 Thread 0x00007ab9b8179830 Thread added: 0x00007ab9144baac0
Event: 19.676 Thread 0x00007ab9144baac0 Thread exited: 0x00007ab9144baac0
Event: 59.398 Thread 0x00007ab8d4bdcf60 Thread added: 0x00007ab88c0eb180
Event: 59.437 Thread 0x00007ab8d4bdcf60 Thread added: 0x00007ab88c0fbbe0
Event: 59.460 Thread 0x00007ab8d4bdcf60 Thread added: 0x00007ab88c123be0


Dynamic libraries:
70b000000-70f000000 rw-p 00000000 00:00 0 
70f000000-716e00000 ---p 00000000 00:00 0 
716e00000-717000000 rw-p 00000000 00:00 0 
717000000-717600000 ---p 00000000 00:00 0 
717600000-717800000 rw-p 00000000 00:00 0 
717800000-71a400000 ---p 00000000 00:00 0 
71a400000-71a600000 rw-p 00000000 00:00 0 
71a600000-7ff800000 ---p 00000000 00:00 0 
7ff800000-7ffe00000 rw-p 00000000 00:00 0 
7ffe00000-7fff1a000 rw-p 00d4f000 08:05 3168443                          /usr/lib/jvm/jdk-24.0.2-oracle-x64/lib/server/classes.jsa
7fff1a000-800000000 rw-p 00000000 00:00 0 
599626456000-599626457000 r-xp 00000000 08:05 3167863                    /usr/lib/jvm/jdk-24.0.2-oracle-x64/bin/java
599626458000-599626459000 r--p 00001000 08:05 3167863                    /usr/lib/jvm/jdk-24.0.2-oracle-x64/bin/java
599626459000-59962645a000 rw-p 00002000 08:05 3167863                    /usr/lib/jvm/jdk-24.0.2-oracle-x64/bin/java
59963bc77000-59963bcbf000 rw-p 00000000 00:00 0                          [heap]
7ab864000000-7ab864021000 rw-p 00000000 00:00 0 
7ab864021000-7ab868000000 ---p 00000000 00:00 0 
7ab86a200000-7ab86a201000 r--p 00000000 08:05 3173111                    /usr/lib/x86_64-linux-gnu/libicudata.so.70.1
7ab86a201000-7ab86a202000 r-xp 00001000 08:05 3173111                    /usr/lib/x86_64-linux-gnu/libicudata.so.70.1
7ab86a202000-7ab86be1c000 r--p 00002000 08:05 3173111                    /usr/lib/x86_64-linux-gnu/libicudata.so.70.1
7ab86be1c000-7ab86be1d000 r--p 01c1b000 08:05 3173111                    /usr/lib/x86_64-linux-gnu/libicudata.so.70.1
7ab86be1d000-7ab86be1e000 rw-p 01c1c000 08:05 3173111                    /usr/lib/x86_64-linux-gnu/libicudata.so.70.1
7ab86c000000-7ab86c021000 rw-p 00000000 00:00 0 
7ab86c021000-7ab870000000 ---p 00000000 00:00 0 
7ab870000000-7ab870023000 rw-p 00000000 00:00 0 
7ab870023000-7ab874000000 ---p 00000000 00:00 0 
7ab874000000-7ab874021000 rw-p 00000000 00:00 0 
7ab874021000-7ab878000000 ---p 00000000 00:00 0 
7ab878000000-7ab878021000 rw-p 00000000 00:00 0 
7ab878021000-7ab87c000000 ---p 00000000 00:00 0 
7ab87c000000-7ab87c021000 rw-p 00000000 00:00 0 
7ab87c021000-7ab880000000 ---p 00000000 00:00 0 
7ab880000000-7ab880021000 rw-p 00000000 00:00 0 
7ab880021000-7ab884000000 ---p 00000000 00:00 0 
7ab884000000-7ab884021000 rw-p 00000000 00:00 0 
7ab884021000-7ab888000000 ---p 00000000 00:00 0 
7ab888000000-7ab888021000 rw-p 00000000 00:00 0 
7ab888021000-7ab88c000000 ---p 00000000 00:00 0 
7ab88c000000-7ab88ce05000 rw-p 00000000 00:00 0 
7ab88ce05000-7ab890000000 ---p 00000000 00:00 0 
7ab890000000-7ab890021000 rw-p 00000000 00:00 0 
7ab890021000-7ab894000000 ---p 00000000 00:00 0 
7ab894000000-7ab894025000 rw-p 00000000 00:00 0 
7ab894025000-7ab898000000 ---p 00000000 00:00 0 
7ab898000000-7ab898021000 rw-p 00000000 00:00 0 
7ab898021000-7ab89c000000 ---p 00000000 00:00 0 
7ab89c000000-7ab89c021000 rw-p 00000000 00:00 0 
7ab89c021000-7ab8a0000000 ---p 00000000 00:00 0 
7ab8a0000000-7ab8a0021000 rw-p 00000000 00:00 0 
7ab8a0021000-7ab8a4000000 ---p 00000000 00:00 0 
7ab8a4000000-7ab8a4021000 rw-p 00000000 00:00 0 
7ab8a4021000-7ab8a8000000 ---p 00000000 00:00 0 
7ab8a8000000-7ab8a8021000 rw-p 00000000 00:00 0 
7ab8a8021000-7ab8ac000000 ---p 00000000 00:00 0 
7ab8ac000000-7ab8ac146000 rw-p 00000000 00:00 0 
7ab8ac146000-7ab8b0000000 ---p 00000000 00:00 0 
7ab8b0000000-7ab8b0021000 rw-p 00000000 00:00 0 
7ab8b0021000-7ab8b4000000 ---p 00000000 00:00 0 
7ab8b4000000-7ab8b4021000 rw-p 00000000 00:00 0 
7ab8b4021000-7ab8b8000000 ---p 00000000 00:00 0 
7ab8b8000000-7ab8b82f1000 rw-p 00000000 00:00 0 
7ab8b82f1000-7ab8bc000000 ---p 00000000 00:00 0 
7ab8bc000000-7ab8bc021000 rw-p 00000000 00:00 0 
7ab8bc021000-7ab8c0000000 ---p 00000000 00:00 0 
7ab8c0000000-7ab8c0021000 rw-p 00000000 00:00 0 
7ab8c0021000-7ab8c4000000 ---p 00000000 00:00 0 
7ab8c4000000-7ab8c4021000 rw-p 00000000 00:00 0 
7ab8c4021000-7ab8c8000000 ---p 00000000 00:00 0 
7ab8c8000000-7ab8c8021000 rw-p 00000000 00:00 0 
7ab8c8021000-7ab8cc000000 ---p 00000000 00:00 0 
7ab8cc000000-7ab8cc021000 rw-p 00000000 00:00 0 
7ab8cc021000-7ab8d0000000 ---p 00000000 00:00 0 
7ab8d0000000-7ab8d0021000 rw-p 00000000 00:00 0 
7ab8d0021000-7ab8d4000000 ---p 00000000 00:00 0 
7ab8d4000000-7ab8d4bfd000 rw-p 00000000 00:00 0 
7ab8d4bfd000-7ab8d8000000 ---p 00000000 00:00 0 
7ab8d8000000-7ab8d8021000 rw-p 00000000 00:00 0 
7ab8d8021000-7ab8dc000000 ---p 00000000 00:00 0 
7ab8dc000000-7ab8dc021000 rw-p 00000000 00:00 0 
7ab8dc021000-7ab8e0000000 ---p 00000000 00:00 0 
7ab8e0000000-7ab8e0021000 rw-p 00000000 00:00 0 
7ab8e0021000-7ab8e4000000 ---p 00000000 00:00 0 
7ab8e4000000-7ab8e41c3000 rw-p 00000000 00:00 0 
7ab8e41c3000-7ab8e8000000 ---p 00000000 00:00 0 
7ab8e8000000-7ab8e8021000 rw-p 00000000 00:00 0 
7ab8e8021000-7ab8ec000000 ---p 00000000 00:00 0 
7ab8ec000000-7ab8ec021000 rw-p 00000000 00:00 0 
7ab8ec021000-7ab8f0000000 ---p 00000000 00:00 0 
7ab8f0000000-7ab8f0021000 rw-p 00000000 00:00 0 
7ab8f0021000-7ab8f4000000 ---p 00000000 00:00 0 
7ab8f4000000-7ab8f4021000 rw-p 00000000 00:00 0 
7ab8f4021000-7ab8f8000000 ---p 00000000 00:00 0 
7ab8f8000000-7ab8f8021000 rw-p 00000000 00:00 0 
7ab8f8021000-7ab8fc000000 ---p 00000000 00:00 0 
7ab8fc000000-7ab8fe485000 rw-p 00000000 00:00 0 
7ab8fe485000-7ab900000000 ---p 00000000 00:00 0 
7ab900000000-7ab9020a6000 rw-p 00000000 00:00 0 
7ab9020a6000-7ab904000000 ---p 00000000 00:00 0 
7ab904000000-7ab90402d000 rw-p 00000000 00:00 0 
7ab90402d000-7ab908000000 ---p 00000000 00:00 0 
7ab908000000-7ab908021000 rw-p 00000000 00:00 0 
7ab908021000-7ab90c000000 ---p 00000000 00:00 0 
7ab90c000000-7ab90c021000 rw-p 00000000 00:00 0 
7ab90c021000-7ab910000000 ---p 00000000 00:00 0 
7ab910000000-7ab910021000 rw-p 00000000 00:00 0 
7ab910021000-7ab914000000 ---p 00000000 00:00 0 
7ab914000000-7ab914e0a000 rw-p 00000000 00:00 0 
7ab914e0a000-7ab918000000 ---p 00000000 00:00 0 
7ab918000000-7ab918021000 rw-p 00000000 00:00 0 
7ab918021000-7ab91c000000 ---p 00000000 00:00 0 
7ab91c000000-7ab91c021000 rw-p 00000000 00:00 0 
7ab91c021000-7ab920000000 ---p 00000000 00:00 0 
7ab920000000-7ab922002000 rw-p 00000000 00:00 0 
7ab922002000-7ab924000000 ---p 00000000 00:00 0 
7ab924000000-7ab924021000 rw-p 00000000 00:00 0 
7ab924021000-7ab928000000 ---p 00000000 00:00 0 
7ab928000000-7ab928021000 rw-p 00000000 00:00 0 
7ab928021000-7ab92c000000 ---p 00000000 00:00 0 
7ab92c000000-7ab92c3f0000 rw-p 00000000 00:00 0 
7ab92c3f0000-7ab92c470000 rw-p 00000000 00:00 0 
7ab92c470000-7ab92c4f0000 rw-p 00000000 00:00 0 
7ab92c4f0000-7ab92c6f0000 rw-p 00000000 00:00 0 
7ab92c6f0000-7ab92c7f0000 rw-p 00000000 00:00 0 
7ab92c7f0000-7ab92c970000 rw-p 00000000 00:00 0 
7ab92c970000-7ab92c9f0000 rw-p 00000000 00:00 0 
7ab92c9f0000-7ab92cbb0000 rw-p 00000000 00:00 0 
7ab92cbb0000-7ab92cbf0000 rw-p 00000000 00:00 0 
7ab92cbf0000-7ab92cef0000 rw-p 00000000 00:00 0 
7ab92cef0000-7ab92cff0000 rw-p 00000000 00:00 0 
7ab92cff0000-7ab92d8f0000 rw-p 00000000 00:00 0 
7ab92d8f0000-7ab92d9f0000 rw-p 00000000 00:00 0 
7ab92d9f0000-7ab92def0000 rw-p 00000000 00:00 0 
7ab92def0000-7ab92dff0000 rw-p 00000000 00:00 0 
7ab92dff0000-7ab92e2f0000 rw-p 00000000 00:00 0 
7ab92e2f0000-7ab92e3f0000 rw-p 00000000 00:00 0 
7ab92e3f0000-7ab92e470000 rw-p 00000000 00:00 0 
7ab92e470000-7ab92e500000 ---p 00000000 00:00 0 
7ab92e500000-7ab92e530000 rw-p 00000000 00:00 0 
7ab92e530000-7ab930000000 ---p 00000000 00:00 0 
7ab930000000-7ab930021000 rw-p 00000000 00:00 0 
7ab930021000-7ab934000000 ---p 00000000 00:00 0 
7ab934000000-7ab934021000 rw-p 00000000 00:00 0 
7ab934021000-7ab938000000 ---p 00000000 00:00 0 
7ab938000000-7ab938025000 rw-p 00000000 00:00 0 
7ab938025000-7ab93c000000 ---p 00000000 00:00 0 
7ab93d605000-7ab93d66b000 r--p 00000000 08:05 3173121                    /usr/lib/x86_64-linux-gnu/libicuuc.so.70.1
7ab93d66b000-7ab93d75e000 r-xp 00066000 08:05 3173121                    /usr/lib/x86_64-linux-gnu/libicuuc.so.70.1
7ab93d75e000-7ab93d7ea000 r--p 00159000 08:05 3173121                    /usr/lib/x86_64-linux-gnu/libicuuc.so.70.1
7ab93d7ea000-7ab93d7fd000 r--p 001e4000 08:05 3173121                    /usr/lib/x86_64-linux-gnu/libicuuc.so.70.1
7ab93d7fd000-7ab93d7fe000 rw-p 001f7000 08:05 3173121                    /usr/lib/x86_64-linux-gnu/libicuuc.so.70.1
7ab93d7fe000-7ab93d800000 rw-p 00000000 00:00 0 
7ab93d800000-7ab93d89a000 r--p 00000000 08:05 3147881                    /usr/lib/x86_64-linux-gnu/libstdc++.so.6.0.30
7ab93d89a000-7ab93d9ab000 r-xp 0009a000 08:05 3147881                    /usr/lib/x86_64-linux-gnu/libstdc++.so.6.0.30
7ab93d9ab000-7ab93da1a000 r--p 001ab000 08:05 3147881                    /usr/lib/x86_64-linux-gnu/libstdc++.so.6.0.30
7ab93da1a000-7ab93da1b000 ---p 0021a000 08:05 3147881                    /usr/lib/x86_64-linux-gnu/libstdc++.so.6.0.30
7ab93da1b000-7ab93da26000 r--p 0021a000 08:05 3147881                    /usr/lib/x86_64-linux-gnu/libstdc++.so.6.0.30
7ab93da26000-7ab93da29000 rw-p 00225000 08:05 3147881                    /usr/lib/x86_64-linux-gnu/libstdc++.so.6.0.30
7ab93da29000-7ab93da2c000 rw-p 00000000 00:00 0 
7ab93dc00000-7ab93dc28000 r--p 00000000 08:05 3168679                    /usr/lib/x86_64-linux-gnu/liblept.so.5.0.4
7ab93dc28000-7ab93de06000 r-xp 00028000 08:05 3168679                    /usr/lib/x86_64-linux-gnu/liblept.so.5.0.4
7ab93de06000-7ab93dea4000 r--p 00206000 08:05 3168679                    /usr/lib/x86_64-linux-gnu/liblept.so.5.0.4
7ab93dea4000-7ab93dea5000 r--p 002a4000 08:05 3168679                    /usr/lib/x86_64-linux-gnu/liblept.so.5.0.4
7ab93dea5000-7ab93deab000 rw-p 002a5000 08:05 3168679                    /usr/lib/x86_64-linux-gnu/liblept.so.5.0.4
7ab93e000000-7ab93ed1c000 rw-p 00001000 08:05 3168443                    /usr/lib/jvm/jdk-24.0.2-oracle-x64/lib/server/classes.jsa
7ab93ed1c000-7ab93f000000 ---p 00000000 00:00 0 
7ab93f000000-7ab93f010000 rw-p 00000000 00:00 0 
7ab93f010000-7ab93f030000 rw-p 00000000 00:00 0 
7ab93f030000-7ab93f0b0000 rw-p 00000000 00:00 0 
7ab93f0b0000-7ab93f0f0000 rw-p 00000000 00:00 0 
7ab93f0f0000-7ab93f2f0000 rw-p 00000000 00:00 0 
7ab93f2f0000-7ab93f430000 rw-p 00000000 00:00 0 
7ab93f430000-7ab93f460000 rw-p 00000000 00:00 0 
7ab93f460000-7ab93f480000 ---p 00000000 00:00 0 
7ab93f480000-7ab93f4b0000 rw-p 00000000 00:00 0 
7ab93f4b0000-7ab97f000000 ---p 00000000 00:00 0 
7ab97f084000-7ab97f085000 r--p 00000000 08:05 3172702                    /usr/lib/x86_64-linux-gnu/libdeflate.so.0
7ab97f085000-7ab97f0a1000 r-xp 00001000 08:05 3172702                    /usr/lib/x86_64-linux-gnu/libdeflate.so.0
7ab97f0a1000-7ab97f0a5000 r--p 0001d000 08:05 3172702                    /usr/lib/x86_64-linux-gnu/libdeflate.so.0
7ab97f0a5000-7ab97f0a6000 ---p 00021000 08:05 3172702                    /usr/lib/x86_64-linux-gnu/libdeflate.so.0
7ab97f0a6000-7ab97f0a7000 r--p 00021000 08:05 3172702                    /usr/lib/x86_64-linux-gnu/libdeflate.so.0
7ab97f0a7000-7ab97f0a8000 rw-p 00022000 08:05 3172702                    /usr/lib/x86_64-linux-gnu/libdeflate.so.0
7ab97f0a8000-7ab97f0aa000 r--p 00000000 08:05 3173168                    /usr/lib/x86_64-linux-gnu/libjbig.so.0
7ab97f0aa000-7ab97f0b3000 r-xp 00002000 08:05 3173168                    /usr/lib/x86_64-linux-gnu/libjbig.so.0
7ab97f0b3000-7ab97f0b5000 r--p 0000b000 08:05 3173168                    /usr/lib/x86_64-linux-gnu/libjbig.so.0
7ab97f0b5000-7ab97f0b6000 r--p 0000c000 08:05 3173168                    /usr/lib/x86_64-linux-gnu/libjbig.so.0
7ab97f0b6000-7ab97f0b9000 rw-p 0000d000 08:05 3173168                    /usr/lib/x86_64-linux-gnu/libjbig.so.0
7ab97f0b9000-7ab97f0bc000 r--p 00000000 08:05 3172832                    /usr/lib/x86_64-linux-gnu/libopenjp2.so.2.4.0
7ab97f0bc000-7ab97f0ff000 r-xp 00003000 08:05 3172832                    /usr/lib/x86_64-linux-gnu/libopenjp2.so.2.4.0
7ab97f0ff000-7ab97f10e000 r--p 00046000 08:05 3172832                    /usr/lib/x86_64-linux-gnu/libopenjp2.so.2.4.0
7ab97f10e000-7ab97f10f000 ---p 00055000 08:05 3172832                    /usr/lib/x86_64-linux-gnu/libopenjp2.so.2.4.0
7ab97f10f000-7ab97f110000 r--p 00055000 08:05 3172832                    /usr/lib/x86_64-linux-gnu/libopenjp2.so.2.4.0
7ab97f110000-7ab97f111000 rw-p 00056000 08:05 3172832                    /usr/lib/x86_64-linux-gnu/libopenjp2.so.2.4.0
7ab97f111000-7ab97f113000 r--p 00000000 08:05 3172834                    /usr/lib/x86_64-linux-gnu/libwebp.so.7.1.3
7ab97f113000-7ab97f169000 r-xp 00002000 08:05 3172834                    /usr/lib/x86_64-linux-gnu/libwebp.so.7.1.3
7ab97f169000-7ab97f17a000 r--p 00058000 08:05 3172834                    /usr/lib/x86_64-linux-gnu/libwebp.so.7.1.3
7ab97f17a000-7ab97f17b000 r--p 00068000 08:05 3172834                    /usr/lib/x86_64-linux-gnu/libwebp.so.7.1.3
7ab97f17b000-7ab97f17c000 rw-p 00069000 08:05 3172834                    /usr/lib/x86_64-linux-gnu/libwebp.so.7.1.3
7ab97f17c000-7ab97f17e000 rw-p 00000000 00:00 0 
7ab97f17e000-7ab97f180000 r--p 00000000 08:05 3170141                    /usr/lib/x86_64-linux-gnu/libwebpmux.so.3.0.8
7ab97f180000-7ab97f187000 r-xp 00002000 08:05 3170141                    /usr/lib/x86_64-linux-gnu/libwebpmux.so.3.0.8
7ab97f187000-7ab97f189000 r--p 00009000 08:05 3170141                    /usr/lib/x86_64-linux-gnu/libwebpmux.so.3.0.8
7ab97f189000-7ab97f18a000 r--p 0000a000 08:05 3170141                    /usr/lib/x86_64-linux-gnu/libwebpmux.so.3.0.8
7ab97f18a000-7ab97f18b000 rw-p 0000b000 08:05 3170141                    /usr/lib/x86_64-linux-gnu/libwebpmux.so.3.0.8
7ab97f18b000-7ab97f194000 r--p 00000000 08:05 3173373                    /usr/lib/x86_64-linux-gnu/libtiff.so.5.7.0
7ab97f194000-7ab97f1dc000 r-xp 00009000 08:05 3173373                    /usr/lib/x86_64-linux-gnu/libtiff.so.5.7.0
7ab97f1dc000-7ab97f20d000 r--p 00051000 08:05 3173373                    /usr/lib/x86_64-linux-gnu/libtiff.so.5.7.0
7ab97f20d000-7ab97f212000 r--p 00081000 08:05 3173373                    /usr/lib/x86_64-linux-gnu/libtiff.so.5.7.0
7ab97f212000-7ab97f213000 rw-p 00086000 08:05 3173373                    /usr/lib/x86_64-linux-gnu/libtiff.so.5.7.0
7ab97f213000-7ab97f215000 r--p 00000000 08:05 3172657                    /usr/lib/x86_64-linux-gnu/libgif.so.7.1.0
7ab97f215000-7ab97f21a000 r-xp 00002000 08:05 3172657                    /usr/lib/x86_64-linux-gnu/libgif.so.7.1.0
7ab97f21a000-7ab97f21c000 r--p 00007000 08:05 3172657                    /usr/lib/x86_64-linux-gnu/libgif.so.7.1.0
7ab97f21c000-7ab97f21d000 r--p 00008000 08:05 3172657                    /usr/lib/x86_64-linux-gnu/libgif.so.7.1.0
7ab97f21d000-7ab97f21e000 rw-p 00009000 08:05 3172657                    /usr/lib/x86_64-linux-gnu/libgif.so.7.1.0
7ab97f21e000-7ab97f24d000 r--p 00000000 08:05 3173325                    /usr/lib/x86_64-linux-gnu/libxml2.so.2.9.13
7ab97f24d000-7ab97f3a0000 r-xp 0002f000 08:05 3173325                    /usr/lib/x86_64-linux-gnu/libxml2.so.2.9.13
7ab97f3a0000-7ab97f3f4000 r--p 00182000 08:05 3173325                    /usr/lib/x86_64-linux-gnu/libxml2.so.2.9.13
7ab97f3f4000-7ab97f3f5000 ---p 001d6000 08:05 3173325                    /usr/lib/x86_64-linux-gnu/libxml2.so.2.9.13
7ab97f3f5000-7ab97f3fe000 r--p 001d6000 08:05 3173325                    /usr/lib/x86_64-linux-gnu/libxml2.so.2.9.13
7ab97f3fe000-7ab97f3ff000 rw-p 001df000 08:05 3173325                    /usr/lib/x86_64-linux-gnu/libxml2.so.2.9.13
7ab97f3ff000-7ab97f400000 rw-p 00000000 00:00 0 
7ab97f400000-7ab97f465000 r--p 00000000 08:05 3168684                    /usr/lib/x86_64-linux-gnu/libtesseract.so.4.0.1
7ab97f465000-7ab97f64e000 r-xp 00065000 08:05 3168684                    /usr/lib/x86_64-linux-gnu/libtesseract.so.4.0.1
7ab97f64e000-7ab97f701000 r--p 0024e000 08:05 3168684                    /usr/lib/x86_64-linux-gnu/libtesseract.so.4.0.1
7ab97f701000-7ab97f706000 r--p 00300000 08:05 3168684                    /usr/lib/x86_64-linux-gnu/libtesseract.so.4.0.1
7ab97f706000-7ab97f707000 rw-p 00305000 08:05 3168684                    /usr/lib/x86_64-linux-gnu/libtesseract.so.4.0.1
7ab97f707000-7ab97f70a000 rw-p 00000000 00:00 0 
7ab97f711000-7ab97f715000 r--p 00000000 08:05 3173174                    /usr/lib/x86_64-linux-gnu/libjpeg.so.8.2.2
7ab97f715000-7ab97f75e000 r-xp 00004000 08:05 3173174                    /usr/lib/x86_64-linux-gnu/libjpeg.so.8.2.2
7ab97f75e000-7ab97f790000 r--p 0004d000 08:05 3173174                    /usr/lib/x86_64-linux-gnu/libjpeg.so.8.2.2
7ab97f790000-7ab97f791000 r--p 0007e000 08:05 3173174                    /usr/lib/x86_64-linux-gnu/libjpeg.so.8.2.2
7ab97f791000-7ab97f792000 rw-p 0007f000 08:05 3173174                    /usr/lib/x86_64-linux-gnu/libjpeg.so.8.2.2
7ab97f792000-7ab97f797000 r--p 00000000 08:05 3173470                    /usr/lib/x86_64-linux-gnu/libpng16.so.16.37.0
7ab97f797000-7ab97f7c0000 r-xp 00005000 08:05 3173470                    /usr/lib/x86_64-linux-gnu/libpng16.so.16.37.0
7ab97f7c0000-7ab97f7cb000 r--p 0002e000 08:05 3173470                    /usr/lib/x86_64-linux-gnu/libpng16.so.16.37.0
7ab97f7cb000-7ab97f7cc000 r--p 00038000 08:05 3173470                    /usr/lib/x86_64-linux-gnu/libpng16.so.16.37.0
7ab97f7cc000-7ab97f7cd000 rw-p 00039000 08:05 3173470                    /usr/lib/x86_64-linux-gnu/libpng16.so.16.37.0
7ab97f7cd000-7ab97f7cf000 r--p 00000000 08:05 3172572                    /usr/lib/x86_64-linux-gnu/libbz2.so.1.0.4
7ab97f7cf000-7ab97f7dc000 r-xp 00002000 08:05 3172572                    /usr/lib/x86_64-linux-gnu/libbz2.so.1.0.4
7ab97f7dc000-7ab97f7de000 r--p 0000f000 08:05 3172572                    /usr/lib/x86_64-linux-gnu/libbz2.so.1.0.4
7ab97f7de000-7ab97f7df000 r--p 00010000 08:05 3172572                    /usr/lib/x86_64-linux-gnu/libbz2.so.1.0.4
7ab97f7df000-7ab97f7e0000 rw-p 00011000 08:05 3172572                    /usr/lib/x86_64-linux-gnu/libbz2.so.1.0.4
7ab97f7e0000-7ab97f7e2000 r--p 00000000 08:05 3173219                    /usr/lib/x86_64-linux-gnu/liblz4.so.1.9.3
7ab97f7e2000-7ab97f7fb000 r-xp 00002000 08:05 3173219                    /usr/lib/x86_64-linux-gnu/liblz4.so.1.9.3
7ab97f7fb000-7ab97f7fd000 r--p 0001b000 08:05 3173219                    /usr/lib/x86_64-linux-gnu/liblz4.so.1.9.3
7ab97f7fd000-7ab97f7fe000 ---p 0001d000 08:05 3173219                    /usr/lib/x86_64-linux-gnu/liblz4.so.1.9.3
7ab97f7fe000-7ab97f7ff000 r--p 0001d000 08:05 3173219                    /usr/lib/x86_64-linux-gnu/liblz4.so.1.9.3
7ab97f7ff000-7ab97f800000 rw-p 0001e000 08:05 3173219                    /usr/lib/x86_64-linux-gnu/liblz4.so.1.9.3
7ab97f800000-7ab97f81e000 r-xp 00000000 08:05 8653189                    /home/spartanluck/.cache/JNA/temp/jna11784416255072476734.tmp (deleted)
7ab97f81e000-7ab97fa1d000 ---p 0001e000 08:05 8653189                    /home/spartanluck/.cache/JNA/temp/jna11784416255072476734.tmp (deleted)
7ab97fa1d000-7ab97fa1e000 rw-p 0001d000 08:05 8653189                    /home/spartanluck/.cache/JNA/temp/jna11784416255072476734.tmp (deleted)
7ab97fa1e000-7ab97fa1f000 rw-p 00000000 00:00 0 
7ab97fa21000-7ab97fa2b000 r--p 00000000 08:05 3173935                    /usr/lib/x86_64-linux-gnu/libzstd.so.1.4.8
7ab97fa2b000-7ab97fadd000 r-xp 0000a000 08:05 3173935                    /usr/lib/x86_64-linux-gnu/libzstd.so.1.4.8
7ab97fadd000-7ab97faee000 r--p 000bc000 08:05 3173935                    /usr/lib/x86_64-linux-gnu/libzstd.so.1.4.8
7ab97faee000-7ab97faef000 r--p 000cc000 08:05 3173935                    /usr/lib/x86_64-linux-gnu/libzstd.so.1.4.8
7ab97faef000-7ab97faf0000 rw-p 000cd000 08:05 3173935                    /usr/lib/x86_64-linux-gnu/libzstd.so.1.4.8
7ab97faf0000-7ab97fafa000 r--p 00000000 08:05 3173312                    /usr/lib/x86_64-linux-gnu/libnettle.so.8.4
7ab97fafa000-7ab97fb1d000 r-xp 0000a000 08:05 3173312                    /usr/lib/x86_64-linux-gnu/libnettle.so.8.4
7ab97fb1d000-7ab97fb33000 r--p 0002d000 08:05 3173312                    /usr/lib/x86_64-linux-gnu/libnettle.so.8.4
7ab97fb33000-7ab97fb35000 r--p 00042000 08:05 3173312                    /usr/lib/x86_64-linux-gnu/libnettle.so.8.4
7ab97fb35000-7ab97fb36000 rw-p 00044000 08:05 3173312                    /usr/lib/x86_64-linux-gnu/libnettle.so.8.4
7ab97fb36000-7ab97fb48000 r--p 00000000 08:05 3174199                    /usr/lib/x86_64-linux-gnu/libarchive.so.13.6.0
7ab97fb48000-7ab97fbd2000 r-xp 00012000 08:05 3174199                    /usr/lib/x86_64-linux-gnu/libarchive.so.13.6.0
7ab97fbd2000-7ab97fbfb000 r--p 0009c000 08:05 3174199                    /usr/lib/x86_64-linux-gnu/libarchive.so.13.6.0
7ab97fbfb000-7ab97fbff000 r--p 000c4000 08:05 3174199                    /usr/lib/x86_64-linux-gnu/libarchive.so.13.6.0
7ab97fbff000-7ab97fc00000 rw-p 000c8000 08:05 3174199                    /usr/lib/x86_64-linux-gnu/libarchive.so.13.6.0
7ab97fc00000-7ab97fc04000 ---p 00000000 00:00 0 
7ab97fc04000-7ab97fd00000 rw-p 00000000 00:00 0 
7ab97fd00000-7ab97fd04000 ---p 00000000 00:00 0 
7ab97fd04000-7ab97fe00000 rw-p 00000000 00:00 0 
7ab97fe00000-7ab97fe04000 ---p 00000000 00:00 0 
7ab97fe04000-7ab97ff00000 rw-p 00000000 00:00 0 
7ab97ff00000-7ab97ff04000 ---p 00000000 00:00 0 
7ab97ff04000-7ab980000000 rw-p 00000000 00:00 0 
7ab980000000-7ab980021000 rw-p 00000000 00:00 0 
7ab980021000-7ab984000000 ---p 00000000 00:00 0 
7ab984000000-7ab984021000 rw-p 00000000 00:00 0 
7ab984021000-7ab988000000 ---p 00000000 00:00 0 
7ab988000000-7ab988021000 rw-p 00000000 00:00 0 
7ab988021000-7ab98c000000 ---p 00000000 00:00 0 
7ab98c002000-7ab98c0c3000 r-xp 00000000 08:05 3168398                    /usr/lib/jvm/jdk-24.0.2-oracle-x64/lib/libawt.so
7ab98c0c3000-7ab98c0c4000 ---p 000c1000 08:05 3168398                    /usr/lib/jvm/jdk-24.0.2-oracle-x64/lib/libawt.so
7ab98c0c4000-7ab98c0c5000 r--p 000c1000 08:05 3168398                    /usr/lib/jvm/jdk-24.0.2-oracle-x64/lib/libawt.so
7ab98c0c5000-7ab98c0d0000 rw-p 000c2000 08:05 3168398                    /usr/lib/jvm/jdk-24.0.2-oracle-x64/lib/libawt.so
7ab98c0d0000-7ab98c0f5000 rw-p 00000000 00:00 0 
7ab98c0f5000-7ab98c0f9000 ---p 00000000 00:00 0 
7ab98c0f9000-7ab98c1f5000 rw-p 00000000 00:00 0 
7ab98c1f5000-7ab98c1f9000 ---p 00000000 00:00 0 
7ab98c1f9000-7ab98c2f5000 rw-p 00000000 00:00 0 
7ab98c2f5000-7ab98c2f9000 ---p 00000000 00:00 0 
7ab98c2f9000-7ab98c3f5000 rw-p 00000000 00:00 0 
7ab98c3f5000-7ab98c3f9000 ---p 00000000 00:00 0 
7ab98c3f9000-7ab98c4f5000 rw-p 00000000 00:00 0 
7ab98c4f5000-7ab98c4f9000 ---p 00000000 00:00 0 
7ab98c4f9000-7ab98c5f5000 rw-p 00000000 00:00 0 
7ab98c5f5000-7ab98c5f9000 ---p 00000000 00:00 0 
7ab98c5f9000-7ab98c6f5000 rw-p 00000000 00:00 0 
7ab98c6f5000-7ab98c6f9000 ---p 00000000 00:00 0 
7ab98c6f9000-7ab98c7f5000 rw-p 00000000 00:00 0 
7ab98c7f5000-7ab98c7f9000 ---p 00000000 00:00 0 
7ab98c7f9000-7ab98c8f5000 rw-p 00000000 00:00 0 
7ab98c8f5000-7ab98c8f9000 ---p 00000000 00:00 0 
7ab98c8f9000-7ab98c9f5000 rw-p 00000000 00:00 0 
7ab98c9f5000-7ab98c9f9000 ---p 00000000 00:00 0 
7ab98c9f9000-7ab98caf5000 rw-p 00000000 00:00 0 
7ab98caf5000-7ab98caf9000 ---p 00000000 00:00 0 
7ab98caf9000-7ab98cbf5000 rw-p 00000000 00:00 0 
7ab98cbf5000-7ab98cbf6000 ---p 00000000 00:00 0 
7ab98cbf6000-7ab98ccf6000 rw-p 00000000 00:00 0 
7ab98ccf6000-7ab98ccf7000 ---p 00000000 00:00 0 
7ab98ccf7000-7ab98cdf7000 rw-p 00000000 00:00 0 
7ab98cdf7000-7ab98cdf8000 ---p 00000000 00:00 0 
7ab98cdf8000-7ab98cef8000 rw-p 00000000 00:00 0 
7ab98cef8000-7ab98cefc000 ---p 00000000 00:00 0 
7ab98cefc000-7ab98cff8000 rw-p 00000000 00:00 0 
7ab98cff8000-7ab98cffc000 ---p 00000000 00:00 0 
7ab98cffc000-7ab98d0f8000 rw-p 00000000 00:00 0 
7ab98d0f8000-7ab98d0f9000 ---p 00000000 00:00 0 
7ab98d0f9000-7ab98d1f9000 rw-p 00000000 00:00 0 
7ab98d1f9000-7ab98d1fa000 ---p 00000000 00:00 0 
7ab98d1fa000-7ab98d2fa000 rw-p 00000000 00:00 0 
7ab98d2fa000-7ab98d2fb000 ---p 00000000 00:00 0 
7ab98d2fb000-7ab98d3fb000 rw-p 00000000 00:00 0 
7ab98d3fb000-7ab98d3fc000 ---p 00000000 00:00 0 
7ab98d3fc000-7ab98d4fc000 rw-p 00000000 00:00 0 
7ab98d4fc000-7ab98d4fd000 ---p 00000000 00:00 0 
7ab98d4fd000-7ab98d5fd000 rw-p 00000000 00:00 0 
7ab98d5fd000-7ab98d5fe000 ---p 00000000 00:00 0 
7ab98d5fe000-7ab98d6fe000 rw-p 00000000 00:00 0 
7ab98d6fe000-7ab98d6ff000 ---p 00000000 00:00 0 
7ab98d6ff000-7ab98d7ff000 rw-p 00000000 00:00 0 
7ab98d7ff000-7ab98d800000 ---p 00000000 00:00 0 
7ab98d800000-7ab98d900000 rw-p 00000000 00:00 0 
7ab98d900000-7ab98d904000 ---p 00000000 00:00 0 
7ab98d904000-7ab98da00000 rw-p 00000000 00:00 0 
7ab98da00000-7ab98da04000 ---p 00000000 00:00 0 
7ab98da04000-7ab98db00000 rw-p 00000000 00:00 0 
7ab98db00000-7ab98db04000 ---p 00000000 00:00 0 
7ab98db04000-7ab98dc00000 rw-p 00000000 00:00 0 
7ab98dc00000-7ab98dc04000 ---p 00000000 00:00 0 
7ab98dc04000-7ab98dd00000 rw-p 00000000 00:00 0 
7ab98dd00000-7ab98dd04000 ---p 00000000 00:00 0 
7ab98dd04000-7ab98de00000 rw-p 00000000 00:00 0 
7ab98de00000-7ab98de04000 ---p 00000000 00:00 0 
7ab98de04000-7ab98df00000 rw-p 00000000 00:00 0 
7ab98df00000-7ab98df04000 ---p 00000000 00:00 0 
7ab98df04000-7ab98e000000 rw-p 00000000 00:00 0 
7ab98e000000-7ab990000000 rw-p 00000000 00:00 0 
7ab990000000-7ab990021000 rw-p 00000000 00:00 0 
7ab990021000-7ab994000000 ---p 00000000 00:00 0 
7ab994000000-7ab994021000 rw-p 00000000 00:00 0 
7ab994021000-7ab998000000 ---p 00000000 00:00 0 
7ab998000000-7ab998021000 rw-p 00000000 00:00 0 
7ab998021000-7ab99c000000 ---p 00000000 00:00 0 
7ab99c009000-7ab99c00c000 r--p 00000000 08:05 3173221                    /usr/lib/x86_64-linux-gnu/liblzma.so.5.2.5
7ab99c00c000-7ab99c027000 r-xp 00003000 08:05 3173221                    /usr/lib/x86_64-linux-gnu/liblzma.so.5.2.5
7ab99c027000-7ab99c032000 r--p 0001e000 08:05 3173221                    /usr/lib/x86_64-linux-gnu/liblzma.so.5.2.5
7ab99c032000-7ab99c033000 r--p 00028000 08:05 3173221                    /usr/lib/x86_64-linux-gnu/liblzma.so.5.2.5
7ab99c033000-7ab99c034000 rw-p 00029000 08:05 3173221                    /usr/lib/x86_64-linux-gnu/liblzma.so.5.2.5
7ab99c034000-7ab99c03e000 r--p 00000000 08:05 3147876                    /usr/lib/x86_64-linux-gnu/libgomp.so.1.0.0
7ab99c03e000-7ab99c06f000 r-xp 0000a000 08:05 3147876                    /usr/lib/x86_64-linux-gnu/libgomp.so.1.0.0
7ab99c06f000-7ab99c07c000 r--p 0003b000 08:05 3147876                    /usr/lib/x86_64-linux-gnu/libgomp.so.1.0.0
7ab99c07c000-7ab99c07d000 r--p 00047000 08:05 3147876                    /usr/lib/x86_64-linux-gnu/libgomp.so.1.0.0
7ab99c07d000-7ab99c07e000 rw-p 00048000 08:05 3147876                    /usr/lib/x86_64-linux-gnu/libgomp.so.1.0.0
7ab99c07e000-7ab99c081000 r--p 00000000 08:05 3147880                    /usr/lib/x86_64-linux-gnu/libgcc_s.so.1
7ab99c081000-7ab99c098000 r-xp 00003000 08:05 3147880                    /usr/lib/x86_64-linux-gnu/libgcc_s.so.1
7ab99c098000-7ab99c09c000 r--p 0001a000 08:05 3147880                    /usr/lib/x86_64-linux-gnu/libgcc_s.so.1
7ab99c09c000-7ab99c09d000 r--p 0001d000 08:05 3147880                    /usr/lib/x86_64-linux-gnu/libgcc_s.so.1
7ab99c09d000-7ab99c09e000 rw-p 0001e000 08:05 3147880                    /usr/lib/x86_64-linux-gnu/libgcc_s.so.1
7ab99c09e000-7ab99c0a2000 ---p 00000000 00:00 0 
7ab99c0a2000-7ab99c0c0000 rw-p 00000000 00:00 0 
7ab99c0c0000-7ab99c0c4000 ---p 00000000 00:00 0 
7ab99c0c4000-7ab99c1c0000 rw-p 00000000 00:00 0 
7ab99c1c0000-7ab99c1c4000 ---p 00000000 00:00 0 
7ab99c1c4000-7ab99c2c0000 rw-p 00000000 00:00 0 
7ab99c2c0000-7ab99c2c4000 ---p 00000000 00:00 0 
7ab99c2c4000-7ab99c3c0000 rw-p 00000000 00:00 0 
7ab99c3c0000-7ab99c3c4000 ---p 00000000 00:00 0 
7ab99c3c4000-7ab99c4c0000 rw-p 00000000 00:00 0 
7ab99c4c0000-7ab99c4c4000 ---p 00000000 00:00 0 
7ab99c4c4000-7ab99c5c0000 rw-p 00000000 00:00 0 
7ab99c5c0000-7ab99c5c4000 ---p 00000000 00:00 0 
7ab99c5c4000-7ab99c6c0000 rw-p 00000000 00:00 0 
7ab99c6c0000-7ab99c6c4000 ---p 00000000 00:00 0 
7ab99c6c4000-7ab99c7c0000 rw-p 00000000 00:00 0 
7ab99c7c0000-7ab99c7c4000 ---p 00000000 00:00 0 
7ab99c7c4000-7ab99c8c0000 rw-p 00000000 00:00 0 
7ab99c8c0000-7ab99c9c0000 rw-p 00000000 00:00 0 
7ab99c9c0000-7ab99cbb8000 ---p 00000000 00:00 0 
7ab99cbb8000-7ab99cbc0000 rw-p 00000000 00:00 0 
7ab99cbc0000-7ab99cbd8000 ---p 00000000 00:00 0 
7ab99cbd8000-7ab99cbe0000 rw-p 00000000 00:00 0 
7ab99cbe0000-7ab99cc90000 ---p 00000000 00:00 0 
7ab99cc90000-7ab99cc98000 rw-p 00000000 00:00 0 
7ab99cc98000-7ab9a05e0000 ---p 00000000 00:00 0 
7ab9a05e0000-7ab9a0600000 rw-p 00000000 00:00 0 
7ab9a0600000-7ab9a1070000 rwxp 00000000 00:00 0 
7ab9a1070000-7ab9a7b37000 ---p 00000000 00:00 0 
7ab9a7b37000-7ab9a7da7000 rwxp 00000000 00:00 0 
7ab9a7da7000-7ab9a80c8000 ---p 00000000 00:00 0 
7ab9a80c8000-7ab9a83f8000 rwxp 00000000 00:00 0 
7ab9a83f8000-7ab9af600000 ---p 00000000 00:00 0 
7ab9af600000-7ab9b7eb7000 r--s 00000000 08:05 3168435                    /usr/lib/jvm/jdk-24.0.2-oracle-x64/lib/modules
7ab9b7ec9000-7ab9b7efe000 r-xp 00000000 08:05 3168410                    /usr/lib/jvm/jdk-24.0.2-oracle-x64/lib/libjavajpeg.so
7ab9b7efe000-7ab9b7eff000 r--p 00034000 08:05 3168410                    /usr/lib/jvm/jdk-24.0.2-oracle-x64/lib/libjavajpeg.so
7ab9b7eff000-7ab9b7f00000 rw-p 00035000 08:05 3168410                    /usr/lib/jvm/jdk-24.0.2-oracle-x64/lib/libjavajpeg.so
7ab9b7f00000-7ab9b7f04000 ---p 00000000 00:00 0 
7ab9b7f04000-7ab9b8000000 rw-p 00000000 00:00 0 
7ab9b8000000-7ab9b867f000 rw-p 00000000 00:00 0 
7ab9b867f000-7ab9bc000000 ---p 00000000 00:00 0 
7ab9bc004000-7ab9bc006000 r--p 00000000 08:05 3172453                    /usr/lib/x86_64-linux-gnu/libacl.so.1.1.2301
7ab9bc006000-7ab9bc00a000 r-xp 00002000 08:05 3172453                    /usr/lib/x86_64-linux-gnu/libacl.so.1.1.2301
7ab9bc00a000-7ab9bc00b000 r--p 00006000 08:05 3172453                    /usr/lib/x86_64-linux-gnu/libacl.so.1.1.2301
7ab9bc00b000-7ab9bc00c000 ---p 00007000 08:05 3172453                    /usr/lib/x86_64-linux-gnu/libacl.so.1.1.2301
7ab9bc00c000-7ab9bc00d000 r--p 00007000 08:05 3172453                    /usr/lib/x86_64-linux-gnu/libacl.so.1.1.2301
7ab9bc00d000-7ab9bc00e000 rw-p 00008000 08:05 3172453                    /usr/lib/x86_64-linux-gnu/libacl.so.1.1.2301
7ab9bc00e000-7ab9bc016000 r-xp 00000000 08:05 3168399                    /usr/lib/jvm/jdk-24.0.2-oracle-x64/lib/libawt_headless.so
7ab9bc016000-7ab9bc017000 r--p 00007000 08:05 3168399                    /usr/lib/jvm/jdk-24.0.2-oracle-x64/lib/libawt_headless.so
7ab9bc017000-7ab9bc018000 rw-p 00008000 08:05 3168399                    /usr/lib/jvm/jdk-24.0.2-oracle-x64/lib/libawt_headless.so
7ab9bc018000-7ab9bc01d000 r-xp 00000000 08:05 3168422                    /usr/lib/jvm/jdk-24.0.2-oracle-x64/lib/libmanagement_ext.so
7ab9bc01d000-7ab9bc01e000 ---p 00005000 08:05 3168422                    /usr/lib/jvm/jdk-24.0.2-oracle-x64/lib/libmanagement_ext.so
7ab9bc01e000-7ab9bc01f000 r--p 00005000 08:05 3168422                    /usr/lib/jvm/jdk-24.0.2-oracle-x64/lib/libmanagement_ext.so
7ab9bc01f000-7ab9bc020000 rw-p 00006000 08:05 3168422                    /usr/lib/jvm/jdk-24.0.2-oracle-x64/lib/libmanagement_ext.so
7ab9bc020000-7ab9bc024000 r-xp 00000000 08:05 3168420                    /usr/lib/jvm/jdk-24.0.2-oracle-x64/lib/libmanagement.so
7ab9bc024000-7ab9bc025000 r--p 00003000 08:05 3168420                    /usr/lib/jvm/jdk-24.0.2-oracle-x64/lib/libmanagement.so
7ab9bc025000-7ab9bc026000 rw-p 00004000 08:05 3168420                    /usr/lib/jvm/jdk-24.0.2-oracle-x64/lib/libmanagement.so
7ab9bc026000-7ab9bc02d000 r-xp 00000000 08:05 3168434                    /usr/lib/jvm/jdk-24.0.2-oracle-x64/lib/libzip.so
7ab9bc02d000-7ab9bc02e000 ---p 00007000 08:05 3168434                    /usr/lib/jvm/jdk-24.0.2-oracle-x64/lib/libzip.so
7ab9bc02e000-7ab9bc02f000 r--p 00007000 08:05 3168434                    /usr/lib/jvm/jdk-24.0.2-oracle-x64/lib/libzip.so
7ab9bc02f000-7ab9bc030000 rw-p 00008000 08:05 3168434                    /usr/lib/jvm/jdk-24.0.2-oracle-x64/lib/libzip.so
7ab9bc030000-7ab9bc0fe000 r-xp 00000000 08:05 3168417                    /usr/lib/jvm/jdk-24.0.2-oracle-x64/lib/libjsvml.so
7ab9bc0fe000-7ab9bc0ff000 r--p 000cd000 08:05 3168417                    /usr/lib/jvm/jdk-24.0.2-oracle-x64/lib/libjsvml.so
7ab9bc0ff000-7ab9bc100000 rw-p 000ce000 08:05 3168417                    /usr/lib/jvm/jdk-24.0.2-oracle-x64/lib/libjsvml.so
7ab9bc100000-7ab9bc104000 ---p 00000000 00:00 0 
7ab9bc104000-7ab9bc200000 rw-p 00000000 00:00 0 
7ab9bc200000-7ab9bc204000 ---p 00000000 00:00 0 
7ab9bc204000-7ab9bc300000 rw-p 00000000 00:00 0 
7ab9bc300000-7ab9bc304000 ---p 00000000 00:00 0 
7ab9bc304000-7ab9bc400000 rw-p 00000000 00:00 0 
7ab9bc400000-7ab9bc404000 ---p 00000000 00:00 0 
7ab9bc404000-7ab9bc500000 rw-p 00000000 00:00 0 
7ab9bc500000-7ab9bc504000 ---p 00000000 00:00 0 
7ab9bc504000-7ab9bc600000 rw-p 00000000 00:00 0 
7ab9bc600000-7ab9bcdec000 r--p 00000000 08:05 3182903                    /usr/lib/locale/locale-archive
7ab9bcdf0000-7ab9bcdfb000 r-xp 00000000 08:05 3168424                    /usr/lib/jvm/jdk-24.0.2-oracle-x64/lib/libnet.so
7ab9bcdfb000-7ab9bcdfc000 ---p 0000b000 08:05 3168424                    /usr/lib/jvm/jdk-24.0.2-oracle-x64/lib/libnet.so
7ab9bcdfc000-7ab9bcdfd000 r--p 0000b000 08:05 3168424                    /usr/lib/jvm/jdk-24.0.2-oracle-x64/lib/libnet.so
7ab9bcdfd000-7ab9bcdfe000 rw-p 0000c000 08:05 3168424                    /usr/lib/jvm/jdk-24.0.2-oracle-x64/lib/libnet.so
7ab9bcdfe000-7ab9bce11000 r-xp 00000000 08:05 3168425                    /usr/lib/jvm/jdk-24.0.2-oracle-x64/lib/libnio.so
7ab9bce11000-7ab9bce12000 ---p 00013000 08:05 3168425                    /usr/lib/jvm/jdk-24.0.2-oracle-x64/lib/libnio.so
7ab9bce12000-7ab9bce13000 r--p 00013000 08:05 3168425                    /usr/lib/jvm/jdk-24.0.2-oracle-x64/lib/libnio.so
7ab9bce13000-7ab9bce14000 rw-p 00014000 08:05 3168425                    /usr/lib/jvm/jdk-24.0.2-oracle-x64/lib/libnio.so
7ab9bce14000-7ab9bce19000 r-xp 00000000 08:05 3168401                    /usr/lib/jvm/jdk-24.0.2-oracle-x64/lib/libdt_socket.so
7ab9bce19000-7ab9bce1a000 r--p 00004000 08:05 3168401                    /usr/lib/jvm/jdk-24.0.2-oracle-x64/lib/libdt_socket.so
7ab9bce1a000-7ab9bce1b000 rw-p 00005000 08:05 3168401                    /usr/lib/jvm/jdk-24.0.2-oracle-x64/lib/libdt_socket.so
7ab9bce1b000-7ab9bce22000 r--s 00000000 08:05 3148254                    /usr/lib/x86_64-linux-gnu/gconv/gconv-modules.cache
7ab9bce22000-7ab9bce60000 r-xp 00000000 08:05 3168430                    /usr/lib/jvm/jdk-24.0.2-oracle-x64/lib/libsimdsort.so
7ab9bce60000-7ab9bce61000 ---p 0003e000 08:05 3168430                    /usr/lib/jvm/jdk-24.0.2-oracle-x64/lib/libsimdsort.so
7ab9bce61000-7ab9bce62000 r--p 0003e000 08:05 3168430                    /usr/lib/jvm/jdk-24.0.2-oracle-x64/lib/libsimdsort.so
7ab9bce62000-7ab9bce63000 rw-p 0003f000 08:05 3168430                    /usr/lib/jvm/jdk-24.0.2-oracle-x64/lib/libsimdsort.so
7ab9bce63000-7ab9bce67000 ---p 00000000 00:00 0 
7ab9bce67000-7ab9bcf63000 rw-p 00000000 00:00 0 
7ab9bcf63000-7ab9bd03f000 rw-p 00000000 00:00 0 
7ab9bd03f000-7ab9bd040000 ---p 00000000 00:00 0 
7ab9bd040000-7ab9bd044000 ---p 00000000 00:00 0 
7ab9bd044000-7ab9bd140000 rw-p 00000000 00:00 0 
7ab9bd140000-7ab9bd141000 ---p 00000000 00:00 0 
7ab9bd141000-7ab9bd241000 rw-p 00000000 00:00 0 
7ab9bd241000-7ab9bd242000 ---p 00000000 00:00 0 
7ab9bd242000-7ab9bd342000 rw-p 00000000 00:00 0 
7ab9bd342000-7ab9bd343000 ---p 00000000 00:00 0 
7ab9bd343000-7ab9bd443000 rw-p 00000000 00:00 0 
7ab9bd443000-7ab9bd444000 ---p 00000000 00:00 0 
7ab9bd444000-7ab9bd544000 rw-p 00000000 00:00 0 
7ab9bd544000-7ab9bdf4e000 rw-p 00000000 00:00 0 
7ab9bdf4e000-7ab9bdf4f000 ---p 00000000 00:00 0 
7ab9bdf4f000-7ab9be04f000 rw-p 00000000 00:00 0 
7ab9be04f000-7ab9be050000 ---p 00000000 00:00 0 
7ab9be050000-7ab9be150000 rw-p 00000000 00:00 0 
7ab9be150000-7ab9be151000 ---p 00000000 00:00 0 
7ab9be151000-7ab9be251000 rw-p 00000000 00:00 0 
7ab9be251000-7ab9be2f0000 rw-p 00000000 00:00 0 
7ab9be2f0000-7ab9be32f000 ---p 00000000 00:00 0 
7ab9be32f000-7ab9be330000 rw-p 00000000 00:00 0 
7ab9be330000-7ab9be333000 ---p 00000000 00:00 0 
7ab9be333000-7ab9be334000 rw-p 00000000 00:00 0 
7ab9be334000-7ab9be34a000 ---p 00000000 00:00 0 
7ab9be34a000-7ab9be34b000 rw-p 00000000 00:00 0 
7ab9be34b000-7ab9bea74000 ---p 00000000 00:00 0 
7ab9bea74000-7ab9bea98000 rw-p 00000000 00:00 0 
7ab9bea98000-7ab9bead7000 ---p 00000000 00:00 0 
7ab9bead7000-7ab9bead8000 rw-p 00000000 00:00 0 
7ab9bead8000-7ab9beadb000 ---p 00000000 00:00 0 
7ab9beadb000-7ab9beadc000 rw-p 00000000 00:00 0 
7ab9beadc000-7ab9beaf2000 ---p 00000000 00:00 0 
7ab9beaf2000-7ab9beaf3000 rw-p 00000000 00:00 0 
7ab9beaf3000-7ab9bf21c000 ---p 00000000 00:00 0 
7ab9bf21c000-7ab9bfc31000 rw-p 00000000 00:00 0 
7ab9bfc31000-7ab9bfd15000 ---p 00000000 00:00 0 
7ab9bfd15000-7ab9bfd2a000 rw-p 00000000 00:00 0 
7ab9bfd2a000-7ab9bfe00000 ---p 00000000 00:00 0 
7ab9bfe00000-7ab9c1180000 r-xp 00000000 08:05 3168446                    /usr/lib/jvm/jdk-24.0.2-oracle-x64/lib/server/libjvm.so
7ab9c1180000-7ab9c1181000 ---p 01380000 08:05 3168446                    /usr/lib/jvm/jdk-24.0.2-oracle-x64/lib/server/libjvm.so
7ab9c1181000-7ab9c1255000 r--p 01380000 08:05 3168446                    /usr/lib/jvm/jdk-24.0.2-oracle-x64/lib/server/libjvm.so
7ab9c1255000-7ab9c1283000 rw-p 01454000 08:05 3168446                    /usr/lib/jvm/jdk-24.0.2-oracle-x64/lib/server/libjvm.so
7ab9c1283000-7ab9c12fc000 rw-p 00000000 00:00 0 
7ab9c1300000-7ab9c1304000 ---p 00000000 00:00 0 
7ab9c1304000-7ab9c1400000 rw-p 00000000 00:00 0 
7ab9c1400000-7ab9c1428000 r--p 00000000 08:05 3147890                    /usr/lib/x86_64-linux-gnu/libc.so.6
7ab9c1428000-7ab9c15bd000 r-xp 00028000 08:05 3147890                    /usr/lib/x86_64-linux-gnu/libc.so.6
7ab9c15bd000-7ab9c1615000 r--p 001bd000 08:05 3147890                    /usr/lib/x86_64-linux-gnu/libc.so.6
7ab9c1615000-7ab9c1616000 ---p 00215000 08:05 3147890                    /usr/lib/x86_64-linux-gnu/libc.so.6
7ab9c1616000-7ab9c161a000 r--p 00215000 08:05 3147890                    /usr/lib/x86_64-linux-gnu/libc.so.6
7ab9c161a000-7ab9c161c000 rw-p 00219000 08:05 3147890                    /usr/lib/x86_64-linux-gnu/libc.so.6
7ab9c161c000-7ab9c1629000 rw-p 00000000 00:00 0 
7ab9c162d000-7ab9c1673000 rw-p 00000000 00:00 0 
7ab9c1673000-7ab9c167a000 ---p 00000000 00:00 0 
7ab9c167a000-7ab9c1699000 r-xp 00000000 08:05 3168409                    /usr/lib/jvm/jdk-24.0.2-oracle-x64/lib/libjava.so
7ab9c1699000-7ab9c169a000 ---p 0001f000 08:05 3168409                    /usr/lib/jvm/jdk-24.0.2-oracle-x64/lib/libjava.so
7ab9c169a000-7ab9c169b000 r--p 0001f000 08:05 3168409                    /usr/lib/jvm/jdk-24.0.2-oracle-x64/lib/libjava.so
7ab9c169b000-7ab9c169c000 rw-p 00020000 08:05 3168409                    /usr/lib/jvm/jdk-24.0.2-oracle-x64/lib/libjava.so
7ab9c169c000-7ab9c169d000 rw-p 00000000 00:00 0 
7ab9c169d000-7ab9c16de000 r-xp 00000000 08:05 3168412                    /usr/lib/jvm/jdk-24.0.2-oracle-x64/lib/libjdwp.so
7ab9c16de000-7ab9c16df000 ---p 00041000 08:05 3168412                    /usr/lib/jvm/jdk-24.0.2-oracle-x64/lib/libjdwp.so
7ab9c16df000-7ab9c16e0000 r--p 00041000 08:05 3168412                    /usr/lib/jvm/jdk-24.0.2-oracle-x64/lib/libjdwp.so
7ab9c16e0000-7ab9c16e1000 rw-p 00042000 08:05 3168412                    /usr/lib/jvm/jdk-24.0.2-oracle-x64/lib/libjdwp.so
7ab9c16e1000-7ab9c16e2000 rw-p 00000000 00:00 0 
7ab9c16e2000-7ab9c1700000 r-xp 00000000 08:05 3168413                    /usr/lib/jvm/jdk-24.0.2-oracle-x64/lib/libjimage.so
7ab9c1700000-7ab9c1702000 r--p 0001d000 08:05 3168413                    /usr/lib/jvm/jdk-24.0.2-oracle-x64/lib/libjimage.so
7ab9c1702000-7ab9c1703000 rw-p 0001f000 08:05 3168413                    /usr/lib/jvm/jdk-24.0.2-oracle-x64/lib/libjimage.so
7ab9c1703000-7ab9c1711000 r--p 00000000 08:05 3147896                    /usr/lib/x86_64-linux-gnu/libm.so.6
7ab9c1711000-7ab9c178d000 r-xp 0000e000 08:05 3147896                    /usr/lib/x86_64-linux-gnu/libm.so.6
7ab9c178d000-7ab9c17e8000 r--p 0008a000 08:05 3147896                    /usr/lib/x86_64-linux-gnu/libm.so.6
7ab9c17e8000-7ab9c17e9000 r--p 000e4000 08:05 3147896                    /usr/lib/x86_64-linux-gnu/libm.so.6
7ab9c17e9000-7ab9c17ea000 rw-p 000e5000 08:05 3147896                    /usr/lib/x86_64-linux-gnu/libm.so.6
7ab9c17ea000-7ab9c17eb000 r--p 00000000 08:05 3147934                    /usr/lib/x86_64-linux-gnu/librt.so.1
7ab9c17eb000-7ab9c17ec000 r-xp 00001000 08:05 3147934                    /usr/lib/x86_64-linux-gnu/librt.so.1
7ab9c17ec000-7ab9c17ed000 r--p 00002000 08:05 3147934                    /usr/lib/x86_64-linux-gnu/librt.so.1
7ab9c17ed000-7ab9c17ee000 r--p 00002000 08:05 3147934                    /usr/lib/x86_64-linux-gnu/librt.so.1
7ab9c17ee000-7ab9c17ef000 rw-p 00003000 08:05 3147934                    /usr/lib/x86_64-linux-gnu/librt.so.1
7ab9c17ef000-7ab9c17f3000 rw-p 00000000 00:00 0 
7ab9c17f3000-7ab9c17f4000 r--p 00000000 08:05 3147919                    /usr/lib/x86_64-linux-gnu/libpthread.so.0
7ab9c17f4000-7ab9c17f5000 r-xp 00001000 08:05 3147919                    /usr/lib/x86_64-linux-gnu/libpthread.so.0
7ab9c17f5000-7ab9c17f6000 r--p 00002000 08:05 3147919                    /usr/lib/x86_64-linux-gnu/libpthread.so.0
7ab9c17f6000-7ab9c17f7000 r--p 00002000 08:05 3147919                    /usr/lib/x86_64-linux-gnu/libpthread.so.0
7ab9c17f7000-7ab9c17f8000 rw-p 00003000 08:05 3147919                    /usr/lib/x86_64-linux-gnu/libpthread.so.0
7ab9c17f8000-7ab9c17f9000 r--p 00000000 08:05 3147893                    /usr/lib/x86_64-linux-gnu/libdl.so.2
7ab9c17f9000-7ab9c17fa000 r-xp 00001000 08:05 3147893                    /usr/lib/x86_64-linux-gnu/libdl.so.2
7ab9c17fa000-7ab9c17fb000 r--p 00002000 08:05 3147893                    /usr/lib/x86_64-linux-gnu/libdl.so.2
7ab9c17fb000-7ab9c17fc000 r--p 00002000 08:05 3147893                    /usr/lib/x86_64-linux-gnu/libdl.so.2
7ab9c17fc000-7ab9c17fd000 rw-p 00003000 08:05 3147893                    /usr/lib/x86_64-linux-gnu/libdl.so.2
7ab9c17fd000-7ab9c17ff000 r--p 00000000 08:05 3173927                    /usr/lib/x86_64-linux-gnu/libz.so.1.2.11
7ab9c17ff000-7ab9c1810000 r-xp 00002000 08:05 3173927                    /usr/lib/x86_64-linux-gnu/libz.so.1.2.11
7ab9c1810000-7ab9c1816000 r--p 00013000 08:05 3173927                    /usr/lib/x86_64-linux-gnu/libz.so.1.2.11
7ab9c1816000-7ab9c1817000 ---p 00019000 08:05 3173927                    /usr/lib/x86_64-linux-gnu/libz.so.1.2.11
7ab9c1817000-7ab9c1818000 r--p 00019000 08:05 3173927                    /usr/lib/x86_64-linux-gnu/libz.so.1.2.11
7ab9c1818000-7ab9c1819000 rw-p 0001a000 08:05 3173927                    /usr/lib/x86_64-linux-gnu/libz.so.1.2.11
7ab9c181a000-7ab9c181c000 r-xp 00000000 08:05 3168402                    /usr/lib/jvm/jdk-24.0.2-oracle-x64/lib/libextnet.so
7ab9c181c000-7ab9c181d000 r--p 00001000 08:05 3168402                    /usr/lib/jvm/jdk-24.0.2-oracle-x64/lib/libextnet.so
7ab9c181d000-7ab9c181e000 rw-p 00002000 08:05 3168402                    /usr/lib/jvm/jdk-24.0.2-oracle-x64/lib/libextnet.so
7ab9c181e000-7ab9c1826000 rw-s 00000000 08:05 11274066                   /tmp/hsperfdata_spartanluck/99293
7ab9c1826000-7ab9c1827000 ---p 00000000 00:00 0 
7ab9c1827000-7ab9c1828000 r--p 00000000 00:00 0 
7ab9c1828000-7ab9c1836000 r-xp 00000000 08:05 3168414                    /usr/lib/jvm/jdk-24.0.2-oracle-x64/lib/libjli.so
7ab9c1836000-7ab9c1837000 ---p 0000e000 08:05 3168414                    /usr/lib/jvm/jdk-24.0.2-oracle-x64/lib/libjli.so
7ab9c1837000-7ab9c1838000 r--p 0000e000 08:05 3168414                    /usr/lib/jvm/jdk-24.0.2-oracle-x64/lib/libjli.so
7ab9c1838000-7ab9c1839000 rw-p 0000f000 08:05 3168414                    /usr/lib/jvm/jdk-24.0.2-oracle-x64/lib/libjli.so
7ab9c1839000-7ab9c183b000 rw-p 00000000 00:00 0 
7ab9c183b000-7ab9c183d000 r--p 00000000 08:05 3147883                    /usr/lib/x86_64-linux-gnu/ld-linux-x86-64.so.2
7ab9c183d000-7ab9c1867000 r-xp 00002000 08:05 3147883                    /usr/lib/x86_64-linux-gnu/ld-linux-x86-64.so.2
7ab9c1867000-7ab9c1872000 r--p 0002c000 08:05 3147883                    /usr/lib/x86_64-linux-gnu/ld-linux-x86-64.so.2
7ab9c1872000-7ab9c1873000 ---p 00000000 00:00 0 
7ab9c1873000-7ab9c1875000 r--p 00037000 08:05 3147883                    /usr/lib/x86_64-linux-gnu/ld-linux-x86-64.so.2
7ab9c1875000-7ab9c1877000 rw-p 00039000 08:05 3147883                    /usr/lib/x86_64-linux-gnu/ld-linux-x86-64.so.2
7ffdfaa04000-7ffdfaa26000 rw-p 00000000 00:00 0                          [stack]
7ffdfabd3000-7ffdfabd7000 r--p 00000000 00:00 0                          [vvar]
7ffdfabd7000-7ffdfabd9000 r-xp 00000000 00:00 0                          [vdso]
ffffffffff600000-ffffffffff601000 --xp 00000000 00:00 0                  [vsyscall]
Total number of mappings: 578

JVMTI agents:
jdwp path:none, loaded, initialized, options:transport=dt_socket,server=n,suspend=y,address=localhost:42855


VM Arguments:
jvm_args: -agentlib:jdwp=transport=dt_socket,server=n,suspend=y,address=localhost:42855 -XX:+ShowCodeDetailsInExceptionMessages -Dspring.jmx.enabled=true -Dmanagement.endpoints.jmx.exposure.include=* -Dspring.application.admin.enabled=true -Dspring.boot.project.name=rovirosa_spring -Djava.rmi.server.hostname=localhost -Dcom.sun.management.jmxremote.port=45556 -Dcom.sun.management.jmxremote.authenticate=false -Dcom.sun.management.jmxremote.ssl=false 
java_command: com.rovirosa.rovirosa_spring.RovirosaSpringApplication
java_class_path (initial): /home/spartanluck/Documents/rovirosa_spring/target/classes:/home/spartanluck/.m2/repository/org/springframework/boot/spring-boot-starter/3.5.5/spring-boot-starter-3.5.5.jar:/home/spartanluck/.m2/repository/org/springframework/boot/spring-boot/3.5.5/spring-boot-3.5.5.jar:/home/spartanluck/.m2/repository/org/springframework/spring-context/6.2.10/spring-context-6.2.10.jar:/home/spartanluck/.m2/repository/org/springframework/boot/spring-boot-autoconfigure/3.5.5/spring-boot-autoconfigure-3.5.5.jar:/home/spartanluck/.m2/repository/org/springframework/boot/spring-boot-starter-logging/3.5.5/spring-boot-starter-logging-3.5.5.jar:/home/spartanluck/.m2/repository/ch/qos/logback/logback-classic/1.5.18/logback-classic-1.5.18.jar:/home/spartanluck/.m2/repository/ch/qos/logback/logback-core/1.5.18/logback-core-1.5.18.jar:/home/spartanluck/.m2/repository/org/apache/logging/log4j/log4j-to-slf4j/2.24.3/log4j-to-slf4j-2.24.3.jar:/home/spartanluck/.m2/repository/org/apache/logging/log4j/log4j-api/2.24.3/log4j-api-2.24.3.jar:/home/spartanluck/.m2/repository/org/slf4j/jul-to-slf4j/2.0.17/jul-to-slf4j-2.0.17.jar:/home/spartanluck/.m2/repository/jakarta/annotation/jakarta.annotation-api/2.1.1/jakarta.annotation-api-2.1.1.jar:/home/spartanluck/.m2/repository/org/springframework/spring-core/6.2.10/spring-core-6.2.10.jar:/home/spartanluck/.m2/repository/org/springframework/spring-jcl/6.2.10/spring-jcl-6.2.10.jar:/home/spartanluck/.m2/repository/org/yaml/snakeyaml/2.4/snakeyaml-2.4.jar:/home/spartanluck/.m2/repository/org/springframework/boot/spring-boot-starter-actuator/3.5.5/spring-boot-starter-actuator-3.5.5.jar:/home/spartanluck/.m2/repository/org/springframework/boot/spring-boot-actuator-autoconfigure/3.5.5/spring-boot-actuator-autoconfigure-3.5.5.jar:/home/spartanluck/.m2/repository/org/springframework/boot/spring-boot-actuator/3.5.5/spring-boot-actuator-3.5.5.jar:/home/spartanluck/.m2/repository/com/fasterxml/jackson/core/jackson-databind/2.19.2/jackson-databind-2.19.2.jar:/home/spartanluck/.m2/repository/com/fasterxml/jackson/core/jackson-annotations/2.19.2/jackson-annotations-2.19.2.jar:/home/spartanluck/.m2/repository/com/fasterxml/jackson/core/jackson-core/2.19.2/jackson-core-2.19.2.jar:/home/spartanluck/.m2/repository/com/fasterxml/jackson/datatype/jackson-datatype-jsr310/2.19.2/jackson-datatype-jsr310-2.19.2.jar:/home/spartanluck/.m2/repository/io/micrometer/micrometer-observation/1.15.3/micrometer-observation-1.15.3.jar:/home/spartanluck/.m2/repository/io/micrometer/micrometer-commons/1.15.3/micrometer-commons-1.15.3.jar:/home/spartanluck/.m2/repository/io/micrometer/micrometer-jakarta9/1.15.3/micrometer-jakarta9-1.15.3.jar:/home/spartanluck/.m2/repository/io/micrometer/micrometer-core/1.15.3/micrometer-core-1.15.3.jar:/home/spartanluck/.m2/repository/org/hdrhistogram/HdrHistogram/2.2.2/HdrHistogram-2.2.2.jar:/home/spartanluck/.m2/repository/org/latencyutils/LatencyUtils/2.0.3/LatencyUtils-2.0.3.jar:/home/spartanluck/.m2/repository/org/springframework/boot/spring-boot-starter-web/3.5.5/spring-boot-starter-web-3.5.5.jar:/home/spartanluck/.m2/repository/org/springframework/boot/spring-boot-starter-json/3.5.5/spring-boot-starter-json-3.5.5.jar:/home/spartanluck/.m2/repository/com/fasterxml/jackson/datatype/jackson-datatype-jdk8/2.19.2/jackson-datatype-jdk8-2.19.2.jar:/home/spartanluck/.m2/repository/com/fasterxml/jackson/module/jackson-module-parameter-names/2.19.2/jackson-module-parameter-names-2.19.2.jar:/home/spartanluck/.m2/repository/org/springframework/boot/spring-boot-starter-tomcat/3.5.5/spring-boot-starter-tomcat-3.5.5.jar:/home/spartanluck/.m2/repository/org/apache/tomcat/embed/tomcat-embed-core/10.1.44/tomcat-embed-core-10.1.44.jar:/home/spartanluck/.m2/repository/org/apache/tomcat/embed/tomcat-embed-el/10.1.44/tomcat-embed-el-10.1.44.jar:/home/spartanluck/.m2/repository/org/apache/tomcat/embed/tomcat-embed-websocket/10.1.44/tomcat-embed-websocket-10.1.44.jar:/home/spartanluck/.m2/repository/org/springframework/spring-web/6.2.10/spring-web-6.2.10.jar:/home/spartanluck/.m2/repository/org/springframework/spring-beans/6.2.10/spring-beans-6.2.10.jar:/home/spartanluck/.m2/repository/org/springframework/spring-webmvc/6.2.10/spring-webmvc-6.2.10.jar:/home/spartanluck/.m2/repository/org/springframework/spring-aop/6.2.10/spring-aop-6.2.10.jar:/home/spartanluck/.m2/repository/org/springframework/spring-expression/6.2.10/spring-expression-6.2.10.jar:/home/spartanluck/.m2/repository/net/sourceforge/tess4j/tess4j/5.4.0/tess4j-5.4.0.jar:/home/spartanluck/.m2/repository/net/java/dev/jna/jna/5.12.1/jna-5.12.1.jar:/home/spartanluck/.m2/repository/com/github/jai-imageio/jai-imageio-core/1.4.0/jai-imageio-core-1.4.0.jar:/home/spartanluck/.m2/repository/org/apache/pdfbox/pdfbox/2.0.26/pdfbox-2.0.26.jar:/home/spartanluck/.m2/repository/org/apache/pdfbox/fontbox/2.0.26/fontbox-2.0.26.jar:/home/spartanluck/.m2/repository/commons-logging/commons-logging/1.2/commons-logging-1.2.jar:/home/spartanluck/.m2/repository/org/apache/pdfbox/pdfbox-tools/2.0.26/pdfbox-tools-2.0.26.jar:/home/spartanluck/.m2/repository/org/apache/pdfbox/pdfbox-debugger/2.0.26/pdfbox-debugger-2.0.26.jar:/home/spartanluck/.m2/repository/org/apache/pdfbox/jbig2-imageio/3.0.4/jbig2-imageio-3.0.4.jar:/home/spartanluck/.m2/repository/commons-io/commons-io/2.11.0/commons-io-2.11.0.jar:/home/spartanluck/.m2/repository/net/sourceforge/lept4j/lept4j/1.16.2/lept4j-1.16.2.jar:/home/spartanluck/.m2/repository/org/jboss/jboss-vfs/3.2.17.Final/jboss-vfs-3.2.17.Final.jar:/home/spartanluck/.m2/repository/org/jboss/logging/jboss-logging/3.6.1.Final/jboss-logging-3.6.1.Final.jar:/home/spartanluck/.m2/repository/org/slf4j/slf4j-api/2.0.17/slf4j-api-2.0.17.jar:/home/spartanluck/.m2/repository/org/springframework/boot/spring-boot-devtools/3.5.5/spring-boot-devtools-3.5.5.jar:/home/spartanluck/.m2/repository/com/mysql/mysql-connector-j/9.4.0/mysql-connector-j-9.4.0.jar:/home/spartanluck/.m2/repository/org/projectlombok/lombok/1.18.38/lombok-1.18.38.jar
Launcher Type: SUN_STANDARD

[Global flags]
     intx CICompilerCount                          = 4                                         {product} {ergonomic}
     uint ConcGCThreads                            = 3                                         {product} {ergonomic}
     uint G1ConcRefinementThreads                  = 10                                        {product} {ergonomic}
   size_t G1HeapRegionSize                         = 2097152                                   {product} {ergonomic}
   size_t InitialHeapSize                          = 257949696                                 {product} {ergonomic}
     bool ManagementServer                         = true                                      {product} {command line}
   size_t MarkStackSize                            = 4194304                                   {product} {ergonomic}
   size_t MarkStackSizeMax                         = 536870912                                 {product} {ergonomic}
   size_t MaxHeapSize                              = 4110417920                                {product} {ergonomic}
   size_t MaxNewSize                               = 2466250752                                {product} {ergonomic}
   size_t MinHeapDeltaBytes                        = 2097152                                   {product} {ergonomic}
   size_t MinHeapSize                              = 8388608                                   {product} {ergonomic}
    uintx NonNMethodCodeHeapSize                   = 5836800                                {pd product} {ergonomic}
    uintx NonProfiledCodeHeapSize                  = 122912768                              {pd product} {ergonomic}
    uintx ProfiledCodeHeapSize                     = 122908672                              {pd product} {ergonomic}
    uintx ReservedCodeCacheSize                    = 251658240                              {pd product} {ergonomic}
     bool SegmentedCodeCache                       = true                                      {product} {ergonomic}
     bool ShowCodeDetailsInExceptionMessages       = true                                   {manageable} {command line}
   size_t SoftMaxHeapSize                          = 4110417920                             {manageable} {ergonomic}
     bool UseCompressedOops                        = true                           {product lp64_product} {ergonomic}
     bool UseG1GC                                  = true                                      {product} {ergonomic}

Logging:
Log output configuration:
 #0: stdout all=warning uptime,level,tags foldmultilines=false
 #1: stderr all=off uptime,level,tags foldmultilines=false

Environment Variables:
PATH=/home/spartanluck/.bun/bin:/home/spartanluck/.nvm/versions/node/v22.19.0/bin:/usr/local/sbin:/usr/local/bin:/usr/sbin:/usr/bin:/sbin:/bin:/usr/games:/usr/local/games:/snap/bin:/snap/bin:/home/spartanluck/.config/Code/User/globalStorage/github.copilot-chat/debugCommand
USERNAME=spartanluck
SHELL=/usr/bin/zsh
DISPLAY=:0
LANG=en_US.UTF-8
LC_NUMERIC=es_MX.UTF-8
LC_TIME=es_MX.UTF-8
TERM=xterm-256color

Active Locale:
LC_ALL=LC_CTYPE=en_US.UTF-8;LC_NUMERIC=es_MX.UTF-8;LC_TIME=es_MX.UTF-8;LC_COLLATE=en_US.UTF-8;LC_MONETARY=es_MX.UTF-8;LC_MESSAGES=en_US.UTF-8;LC_PAPER=es_MX.UTF-8;LC_NAME=es_MX.UTF-8;LC_ADDRESS=es_MX.UTF-8;LC_TELEPHONE=es_MX.UTF-8;LC_MEASUREMENT=es_MX.UTF-8;LC_IDENTIFICATION=es_MX.UTF-8
LC_COLLATE=en_US.UTF-8
LC_CTYPE=en_US.UTF-8
LC_MESSAGES=en_US.UTF-8
LC_MONETARY=es_MX.UTF-8
LC_NUMERIC=es_MX.UTF-8
LC_TIME=es_MX.UTF-8

Signal Handlers:
   SIGSEGV: crash_handler in libjvm.so, mask=11100100010111111101111111111110, flags=SA_RESTART|SA_SIGINFO, unblocked
    SIGBUS: crash_handler in libjvm.so, mask=11100100010111111101111111111110, flags=SA_RESTART|SA_SIGINFO, unblocked
    SIGFPE: crash_handler in libjvm.so, mask=11100100010111111101111111111110, flags=SA_RESTART|SA_SIGINFO, unblocked
   SIGPIPE: javaSignalHandler in libjvm.so, mask=11100100010111111101111111111110, flags=SA_RESTART|SA_SIGINFO, blocked
   SIGXFSZ: javaSignalHandler in libjvm.so, mask=11100100010111111101111111111110, flags=SA_RESTART|SA_SIGINFO, blocked
    SIGILL: crash_handler in libjvm.so, mask=11100100010111111101111111111110, flags=SA_RESTART|SA_SIGINFO, unblocked
   SIGUSR2: SR_handler in libjvm.so, mask=00000000000000000000000000000000, flags=SA_RESTART|SA_SIGINFO, blocked
    SIGHUP: UserHandler in libjvm.so, mask=11100100010111111101111111111110, flags=SA_RESTART|SA_SIGINFO, blocked
    SIGINT: UserHandler in libjvm.so, mask=11100100010111111101111111111110, flags=SA_RESTART|SA_SIGINFO, blocked
   SIGTERM: UserHandler in libjvm.so, mask=11100100010111111101111111111110, flags=SA_RESTART|SA_SIGINFO, blocked
   SIGQUIT: UserHandler in libjvm.so, mask=11100100010111111101111111111110, flags=SA_RESTART|SA_SIGINFO, blocked
   SIGTRAP: crash_handler in libjvm.so, mask=11100100010111111101111111111110, flags=SA_RESTART|SA_SIGINFO, unblocked


Periodic native trim disabled

---------------  S Y S T E M  ---------------

OS:
DISTRIB_ID=Ubuntu
DISTRIB_RELEASE=22.04
DISTRIB_CODENAME=jammy
DISTRIB_DESCRIPTION="Ubuntu 22.04.5 LTS"
uname: Linux 6.8.0-79-generic #79~22.04.1-Ubuntu SMP PREEMPT_DYNAMIC Fri Aug 15 16:54:53 UTC 2 x86_64
OS uptime: 0 days 1:18 hours
libc: glibc 2.35 NPTL 2.35 
rlimit (soft/hard): STACK 8192k/infinity , CORE 0k/infinity , NPROC 62388/62388 , NOFILE 1048576/1048576 , AS infinity/infinity , CPU infinity/infinity , DATA infinity/infinity , FSIZE infinity/infinity , MEMLOCK 2006796k/2006796k
load average: 3.31 3.97 2.99

/proc/meminfo:
MemTotal:       16054392 kB
MemFree:          339452 kB
MemAvailable:    4295552 kB
Buffers:          143920 kB
Cached:          4762352 kB
SwapCached:            0 kB
Active:          9081340 kB
Inactive:        4610224 kB
Active(anon):    7727040 kB
Inactive(anon):  2151908 kB
Active(file):    1354300 kB
Inactive(file):  2458316 kB
Unevictable:      880544 kB
Mlocked:              16 kB
SwapTotal:             0 kB
SwapFree:              0 kB
Zswap:                 0 kB
Zswapped:              0 kB
Dirty:               648 kB
Writeback:             0 kB
AnonPages:       9666192 kB
Mapped:          1202048 kB
Shmem:           1093652 kB
KReclaimable:     486312 kB
Slab:             792940 kB
SReclaimable:     486312 kB
SUnreclaim:       306628 kB
KernelStack:       25984 kB
PageTables:       102572 kB
SecPageTables:         0 kB
NFS_Unstable:          0 kB
Bounce:                0 kB
WritebackTmp:          0 kB
CommitLimit:     8027196 kB
Committed_AS:   40606580 kB
VmallocTotal:   34359738367 kB
VmallocUsed:       58436 kB
VmallocChunk:          0 kB
Percpu:            12144 kB
HardwareCorrupted:     0 kB
AnonHugePages:      2048 kB
ShmemHugePages:   751616 kB
ShmemPmdMapped:        0 kB
FileHugePages:         0 kB
FilePmdMapped:         0 kB
Unaccepted:            0 kB
HugePages_Total:       0
HugePages_Free:        0
HugePages_Rsvd:        0
HugePages_Surp:        0
Hugepagesize:       2048 kB
Hugetlb:               0 kB
DirectMap4k:      285820 kB
DirectMap2M:     9877504 kB
DirectMap1G:     7340032 kB

/sys/kernel/mm/transparent_hugepage/enabled: always [madvise] never
/sys/kernel/mm/transparent_hugepage/hpage_pmd_size: 2097152
/sys/kernel/mm/transparent_hugepage/shmem_enabled: always within_size advise [never] deny force
/sys/kernel/mm/transparent_hugepage/defrag (defrag/compaction efforts parameter): always defer defer+madvise [madvise] never

Process Memory:
Virtual Size: 9677948K (peak: 9693980K)
Resident Set Size: 318280K (peak: 318280K) (anon: 282488K, file: 35792K, shmem: 0K)
Swapped out: 0K
C-Heap outstanding allocations: 66664K, retained: 119263K
glibc malloc tunables: (default)

/proc/sys/kernel/threads-max (system-wide limit on the number of threads): 124777
/proc/sys/vm/max_map_count (maximum number of memory map areas a process may have): 65530
/proc/sys/vm/swappiness (control to define how aggressively the kernel swaps out anonymous memory): 60
/proc/sys/kernel/pid_max (system-wide limit on number of process identifiers): 4194304

container information not found.
Steal ticks since vm start: 0
Steal ticks percentage since vm start:  0.000

CPU: total 12 (initial active 12) (6 cores per cpu, 2 threads per core) family 6 model 154 stepping 4 microcode 0x437, cx8, cmov, fxsr, ht, mmx, 3dnowpref, sse, sse2, sse3, ssse3, sse4.1, sse4.2, popcnt, lzcnt, tsc, tscinvbit, avx, avx2, aes, erms, clmul, bmi1, bmi2, adx, sha, fma, vzeroupper, clflush, clflushopt, clwb, serialize, rdtscp, rdpid, fsrm, gfni, f16c, pku, ospke, cet_ibt, cet_ss
CPU Model and flags from /proc/cpuinfo:
model name	: 12th Gen Intel(R) Core(TM) i5-1235U
flags		: fpu vme de pse tsc msr pae mce cx8 apic sep mtrr pge mca cmov pat pse36 clflush dts acpi mmx fxsr sse sse2 ss ht tm pbe syscall nx pdpe1gb rdtscp lm constant_tsc art arch_perfmon pebs bts rep_good nopl xtopology nonstop_tsc cpuid aperfmperf tsc_known_freq pni pclmulqdq dtes64 monitor ds_cpl vmx smx est tm2 ssse3 sdbg fma cx16 xtpr pdcm sse4_1 sse4_2 x2apic movbe popcnt tsc_deadline_timer aes xsave avx f16c rdrand lahf_lm abm 3dnowprefetch cpuid_fault epb ssbd ibrs ibpb stibp ibrs_enhanced tpr_shadow flexpriority ept vpid ept_ad fsgsbase tsc_adjust bmi1 avx2 smep bmi2 erms invpcid rdseed adx smap clflushopt clwb intel_pt sha_ni xsaveopt xsavec xgetbv1 xsaves split_lock_detect user_shstk avx_vnni dtherm ida arat pln pts hwp hwp_notify hwp_act_window hwp_epp hwp_pkg_req hfi vnmi umip pku ospke waitpkg gfni vaes vpclmulqdq rdpid movdiri movdir64b fsrm md_clear serialize arch_lbr ibt flush_l1d arch_capabilities

Online cpus: 0-11
Offline cpus: 
BIOS frequency limitation: <Not Available>
Frequency switch latency (ns): 0
Available cpu frequencies: <Not Available>
Current governor: powersave
Core performance/turbo boost: <Not Available>

Memory: 4k page, physical 16054392k(4295552k free), swap 0k(0k free)
Page Sizes: 4k

vm_info: Java HotSpot(TM) 64-Bit Server VM (24.0.2+12-54) for linux-amd64 JRE (24.0.2+12-54), built on 2025-07-08T12:10:27Z with gcc 13.2.0

END.
