#
# A fatal error has been detected by the Java Runtime Environment:
#
#  SIGSEGV (0xb) at pc=0x00007e230749da37, pid=119509, tid=124560
#
# JRE version: Java(TM) SE Runtime Environment (24.0.2+12) (build 24.0.2+12-54)
# Java VM: Java HotSpot(TM) 64-Bit Server VM (24.0.2+12-54, mixed mode, sharing, tiered, compressed oops, compressed class ptrs, g1 gc, linux-amd64)
# Problematic frame:
# C  [libtesseract.so.4.0.1+0x9da37]  tesseract::Tesseract::recog_all_words(PAGE_RES*, ETEXT_DESC*, TBOX const*, char const*, int)+0x347
#
# Core dump will be written. Default location: Core dumps may be processed with "/usr/share/apport/apport -p%p -s%s -c%c -d%d -P%P -u%u -g%g -F%F -- %E" (or dumping to /home/spartanluck/Documents/rovirosa_spring/core.119509)
#
# If you would like to submit a bug report, please visit:
#   https://bugreport.java.com/bugreport/crash.jsp
# The crash happened outside the Java Virtual Machine in native code.
# See problematic frame for where to report the bug.
#

---------------  S U M M A R Y ------------

Command Line: -Dcom.sun.management.jmxremote -Dcom.sun.management.jmxremote.port=43367 -Dcom.sun.management.jmxremote.authenticate=false -Dcom.sun.management.jmxremote.ssl=false -Dspring.jmx.enabled=true -Djava.rmi.server.hostname=localhost -Dspring.application.admin.enabled=true -Dspring.boot.project.name=rovirosa_spring -XX:+ShowCodeDetailsInExceptionMessages -Dmanagement.endpoints.jmx.exposure.include=* com.rovirosa.rovirosa_spring.RovirosaSpringApplication

Host: 12th Gen Intel(R) Core(TM) i5-1235U, 12 cores, 15G, Ubuntu 22.04.5 LTS
Time: Tue Sep 16 02:30:35 2025 CST elapsed time: 779.386660 seconds (0d 0h 12m 59s)

---------------  T H R E A D  ---------------

Current thread (0x00007e222c17e6f0):  JavaThread "http-nio-8080-exec-2" daemon [_thread_in_native, id=124560, stack(0x00007e2307c00000,0x00007e2307d00000) (1024K)]

Stack: [0x00007e2307c00000,0x00007e2307d00000],  sp=0x00007e2307cfb470,  free space=1005k
Native frames: (J=compiled Java code, j=interpreted, Vv=VM code, C=native code)
C  [libtesseract.so.4.0.1+0x9da37]  tesseract::Tesseract::recog_all_words(PAGE_RES*, ETEXT_DESC*, TBOX const*, char const*, int)+0x347
Java frames: (J=compiled Java code, j=interpreted, Vv=VM code)
j  com.sun.jna.Native.invokePointer(Lcom/sun/jna/Function;JI[Ljava/lang/Object;)J+0
j  com.sun.jna.Function.invokePointer(I[Ljava/lang/Object;)Lcom/sun/jna/Pointer;+7
j  com.sun.jna.Function.invoke([Ljava/lang/Object;Ljava/lang/Class;ZI)Ljava/lang/Object;+385
j  com.sun.jna.Function.invoke(Ljava/lang/reflect/Method;[Ljava/lang/Class;Ljava/lang/Class;[Ljava/lang/Object;Ljava/util/Map;)Ljava/lang/Object;+271
j  com.sun.jna.Library$Handler.invoke(Ljava/lang/Object;Ljava/lang/reflect/Method;[Ljava/lang/Object;)Ljava/lang/Object;+390
j  jdk.proxy2.$Proxy95.TessBaseAPIGetUTF8Text(Lnet/sourceforge/tess4j/ITessAPI$TessBaseAPI;)Lcom/sun/jna/Pointer;+16 jdk.proxy2
j  net.sourceforge.tess4j.Tesseract.getOCRText(Ljava/lang/String;I)Ljava/lang/String;+269
j  net.sourceforge.tess4j.Tesseract.doOCR(Ljavax/imageio/IIOImage;Ljava/lang/String;Ljava/awt/Rectangle;I)Ljava/lang/String;+18
j  net.sourceforge.tess4j.Tesseract.doOCR(Ljava/io/File;Ljava/awt/Rectangle;)Ljava/lang/String;+126
j  net.sourceforge.tess4j.Tesseract.doOCR(Ljava/io/File;)Ljava/lang/String;+3
j  com.rovirosa.rovirosa_spring.controllers.OcrController.processINE(Lorg/springframework/web/multipart/MultipartFile;)Lorg/springframework/http/ResponseEntity;+129
J 17731 c1 java.lang.invoke.LambdaForm$DMH+0x00007e22c714a400.invokeVirtual(Ljava/lang/Object;Ljava/lang/Object;Ljava/lang/Object;)Ljava/lang/Object; java.base@24.0.2 (15 bytes) @ 0x00007e2328b20824 [0x00007e2328b207a0+0x0000000000000084]
j  java.lang.invoke.LambdaForm$MH+0x00007e22c7115000.invoke(Ljava/lang/Object;Ljava/lang/Object;Ljava/lang/Object;)Ljava/lang/Object;+52 java.base@24.0.2
J 5708 c2 jdk.internal.reflect.DirectMethodHandleAccessor.invoke(Ljava/lang/Object;[Ljava/lang/Object;)Ljava/lang/Object; java.base@24.0.2 (92 bytes) @ 0x00007e2330380234 [0x00007e2330380100+0x0000000000000134]
J 14951 c1 java.lang.reflect.Method.invoke(Ljava/lang/Object;[Ljava/lang/Object;)Ljava/lang/Object; java.base@24.0.2 (108 bytes) @ 0x00007e2328876664 [0x00007e2328876480+0x00000000000001e4]
j  org.springframework.web.method.support.InvocableHandlerMethod.doInvoke([Ljava/lang/Object;)Ljava/lang/Object;+55
j  org.springframework.web.method.support.InvocableHandlerMethod.invokeForRequest(Lorg/springframework/web/context/request/NativeWebRequest;Lorg/springframework/web/method/support/ModelAndViewContainer;[Ljava/lang/Object;)Ljava/lang/Object;+82
j  org.springframework.web.servlet.mvc.method.annotation.ServletInvocableHandlerMethod.invokeAndHandle(Lorg/springframework/web/context/request/ServletWebRequest;Lorg/springframework/web/method/support/ModelAndViewContainer;[Ljava/lang/Object;)V+4
j  org.springframework.web.servlet.mvc.method.annotation.RequestMappingHandlerAdapter.invokeHandlerMethod(Ljakarta/servlet/http/HttpServletRequest;Ljakarta/servlet/http/HttpServletResponse;Lorg/springframework/web/method/HandlerMethod;)Lorg/springframework/web/servlet/ModelAndView;+309
j  org.springframework.web.servlet.mvc.method.annotation.RequestMappingHandlerAdapter.handleInternal(Ljakarta/servlet/http/HttpServletRequest;Ljakarta/servlet/http/HttpServletResponse;Lorg/springframework/web/method/HandlerMethod;)Lorg/springframework/web/servlet/ModelAndView;+81
j  org.springframework.web.servlet.mvc.method.AbstractHandlerMethodAdapter.handle(Ljakarta/servlet/http/HttpServletRequest;Ljakarta/servlet/http/HttpServletResponse;Ljava/lang/Object;)Lorg/springframework/web/servlet/ModelAndView;+7
j  org.springframework.web.servlet.DispatcherServlet.doDispatch(Ljakarta/servlet/http/HttpServletRequest;Ljakarta/servlet/http/HttpServletResponse;)V+304
j  org.springframework.web.servlet.DispatcherServlet.doService(Ljakarta/servlet/http/HttpServletRequest;Ljakarta/servlet/http/HttpServletResponse;)V+242
j  org.springframework.web.servlet.FrameworkServlet.processRequest(Ljakarta/servlet/http/HttpServletRequest;Ljakarta/servlet/http/HttpServletResponse;)V+70
j  org.springframework.web.servlet.FrameworkServlet.doPost(Ljakarta/servlet/http/HttpServletRequest;Ljakarta/servlet/http/HttpServletResponse;)V+3
j  jakarta.servlet.http.HttpServlet.service(Ljakarta/servlet/http/HttpServletRequest;Ljakarta/servlet/http/HttpServletResponse;)V+150
j  org.springframework.web.servlet.FrameworkServlet.service(Ljakarta/servlet/http/HttpServletRequest;Ljakarta/servlet/http/HttpServletResponse;)V+20
j  jakarta.servlet.http.HttpServlet.service(Ljakarta/servlet/ServletRequest;Ljakarta/servlet/ServletResponse;)V+37
j  org.apache.catalina.core.ApplicationFilterChain.internalDoFilter(Ljakarta/servlet/ServletRequest;Ljakarta/servlet/ServletResponse;)V+300
j  org.apache.catalina.core.ApplicationFilterChain.doFilter(Ljakarta/servlet/ServletRequest;Ljakarta/servlet/ServletResponse;)V+99
j  org.apache.tomcat.websocket.server.WsFilter.doFilter(Ljakarta/servlet/ServletRequest;Ljakarta/servlet/ServletResponse;Ljakarta/servlet/FilterChain;)V+21
j  org.apache.catalina.core.ApplicationFilterChain.internalDoFilter(Ljakarta/servlet/ServletRequest;Ljakarta/servlet/ServletResponse;)V+130
j  org.apache.catalina.core.ApplicationFilterChain.doFilter(Ljakarta/servlet/ServletRequest;Ljakarta/servlet/ServletResponse;)V+99
j  org.springframework.web.filter.RequestContextFilter.doFilterInternal(Ljakarta/servlet/http/HttpServletRequest;Ljakarta/servlet/http/HttpServletResponse;Ljakarta/servlet/FilterChain;)V+21
j  org.springframework.web.filter.OncePerRequestFilter.doFilter(Ljakarta/servlet/ServletRequest;Ljakarta/servlet/ServletResponse;Ljakarta/servlet/FilterChain;)V+150
j  org.apache.catalina.core.ApplicationFilterChain.internalDoFilter(Ljakarta/servlet/ServletRequest;Ljakarta/servlet/ServletResponse;)V+130
j  org.apache.catalina.core.ApplicationFilterChain.doFilter(Ljakarta/servlet/ServletRequest;Ljakarta/servlet/ServletResponse;)V+99
j  org.springframework.web.filter.FormContentFilter.doFilterInternal(Ljakarta/servlet/http/HttpServletRequest;Ljakarta/servlet/http/HttpServletResponse;Ljakarta/servlet/FilterChain;)V+38
j  org.springframework.web.filter.OncePerRequestFilter.doFilter(Ljakarta/servlet/ServletRequest;Ljakarta/servlet/ServletResponse;Ljakarta/servlet/FilterChain;)V+150
j  org.apache.catalina.core.ApplicationFilterChain.internalDoFilter(Ljakarta/servlet/ServletRequest;Ljakarta/servlet/ServletResponse;)V+130
j  org.apache.catalina.core.ApplicationFilterChain.doFilter(Ljakarta/servlet/ServletRequest;Ljakarta/servlet/ServletResponse;)V+99
j  org.springframework.web.filter.ServerHttpObservationFilter.doFilterInternal(Ljakarta/servlet/http/HttpServletRequest;Ljakarta/servlet/http/HttpServletResponse;Ljakarta/servlet/FilterChain;)V+28
j  org.springframework.web.filter.OncePerRequestFilter.doFilter(Ljakarta/servlet/ServletRequest;Ljakarta/servlet/ServletResponse;Ljakarta/servlet/FilterChain;)V+150
j  org.apache.catalina.core.ApplicationFilterChain.internalDoFilter(Ljakarta/servlet/ServletRequest;Ljakarta/servlet/ServletResponse;)V+130
j  org.apache.catalina.core.ApplicationFilterChain.doFilter(Ljakarta/servlet/ServletRequest;Ljakarta/servlet/ServletResponse;)V+99
j  org.springframework.web.filter.CharacterEncodingFilter.doFilterInternal(Ljakarta/servlet/http/HttpServletRequest;Ljakarta/servlet/http/HttpServletResponse;Ljakarta/servlet/FilterChain;)V+53
j  org.springframework.web.filter.OncePerRequestFilter.doFilter(Ljakarta/servlet/ServletRequest;Ljakarta/servlet/ServletResponse;Ljakarta/servlet/FilterChain;)V+150
j  org.apache.catalina.core.ApplicationFilterChain.internalDoFilter(Ljakarta/servlet/ServletRequest;Ljakarta/servlet/ServletResponse;)V+130
j  org.apache.catalina.core.ApplicationFilterChain.doFilter(Ljakarta/servlet/ServletRequest;Ljakarta/servlet/ServletResponse;)V+99
j  org.apache.catalina.core.StandardWrapperValve.invoke(Lorg/apache/catalina/connector/Request;Lorg/apache/catalina/connector/Response;)V+511
j  org.apache.catalina.core.StandardContextValve.invoke(Lorg/apache/catalina/connector/Request;Lorg/apache/catalina/connector/Response;)V+169
j  org.apache.catalina.authenticator.AuthenticatorBase.invoke(Lorg/apache/catalina/connector/Request;Lorg/apache/catalina/connector/Response;)V+221
j  org.apache.catalina.core.StandardHostValve.invoke(Lorg/apache/catalina/connector/Request;Lorg/apache/catalina/connector/Response;)V+131
j  org.apache.catalina.valves.ErrorReportValve.invoke(Lorg/apache/catalina/connector/Request;Lorg/apache/catalina/connector/Response;)V+6
j  org.apache.catalina.core.StandardEngineValve.invoke(Lorg/apache/catalina/connector/Request;Lorg/apache/catalina/connector/Response;)V+59
j  org.apache.catalina.connector.CoyoteAdapter.service(Lorg/apache/coyote/Request;Lorg/apache/coyote/Response;)V+188
j  org.apache.coyote.http11.Http11Processor.service(Lorg/apache/tomcat/util/net/SocketWrapperBase;)Lorg/apache/tomcat/util/net/AbstractEndpoint$Handler$SocketState;+796
j  org.apache.coyote.AbstractProcessorLight.process(Lorg/apache/tomcat/util/net/SocketWrapperBase;Lorg/apache/tomcat/util/net/SocketEvent;)Lorg/apache/tomcat/util/net/AbstractEndpoint$Handler$SocketState;+155
j  org.apache.coyote.AbstractProtocol$ConnectionHandler.process(Lorg/apache/tomcat/util/net/SocketWrapperBase;Lorg/apache/tomcat/util/net/SocketEvent;)Lorg/apache/tomcat/util/net/AbstractEndpoint$Handler$SocketState;+477
j  org.apache.tomcat.util.net.NioEndpoint$SocketProcessor.doRun()V+222
j  org.apache.tomcat.util.net.SocketProcessorBase.run()V+32
j  org.apache.tomcat.util.threads.ThreadPoolExecutor.runWorker(Lorg/apache/tomcat/util/threads/ThreadPoolExecutor$Worker;)V+92
j  org.apache.tomcat.util.threads.ThreadPoolExecutor$Worker.run()V+5
j  org.apache.tomcat.util.threads.TaskThread$WrappingRunnable.run()V+4
j  java.lang.Thread.runWith(Ljava/lang/Object;Ljava/lang/Runnable;)V+5 java.base@24.0.2
j  java.lang.Thread.run()V+19 java.base@24.0.2
v  ~StubRoutines::call_stub 0x00007e232fb37c86

siginfo: si_signo: 11 (SIGSEGV), si_code: 1 (SEGV_MAPERR), si_addr: 0x000000000000000c

Registers:
RAX=0x0000000000000000, RBX=0x00007e2208036d70, RCX=0x00007e22080586f8, RDX=0x0000000000000000
RSP=0x00007e2307cfb470, RBP=0x00007e2307cfb4c0, RSI=0x0000000000000000, RDI=0x00007e2307cfb570
R8 =0x00007e22082114e0, R9 =0x0000000000000000, R10=0x00007e2208028610, R11=0x00007e2208000090
R12=0x00007e220801e7b0, R13=0x0000000000000000, R14=0x0000000000000000, R15=0x00007e220801e7b0
RIP=0x00007e230749da37, EFLAGS=0x0000000000010246, CSGSFS=0x002b000000000033, ERR=0x0000000000000004
  TRAPNO=0x000000000000000e

XMM[0]=0x00007e2208211d20 0x00007e220801d4b0
XMM[1]=0x00007e2208211900 0x00007e22082114e0
XMM[2]=0x00007e22082114e0 0x00007e220801d4b0
XMM[3]=0x00007e22082116f0 0x00007e2208211900
XMM[4]=0x3bf6c248fdbe4cfd 0xbd53f6be4ff3bf49
XMM[5]=0x0000000000000000 0x0000000000000000
XMM[6]=0x0000000000000000 0x404b800000000000
XMM[7]=0x0000000000000000 0x0000000000000000
XMM[8]=0x2dff6d35055d3204 0x58260a572c12561b
XMM[9]=0x0000000000000000 0x000000004049999a
XMM[10]=0x0000000000000000 0x0000000080000000
XMM[11]=0x0000000000000000 0x000000003fc9999a
XMM[12]=0x0000000000000000 0x000000003f800000
XMM[13]=0x0000000000000000 0xfffff40000001800
XMM[14]=0x0000000000000000 0x0000000000000196
XMM[15]=0x0000000000000000 0x0000000000000000
  MXCSR=0x00001fa2


Register to memory mapping:

RAX=0x0 is null
RBX=0x00007e2208036d70 points into unknown readable memory: 0x00007e23077036b8 | b8 36 70 07 23 7e 00 00
RCX=0x00007e22080586f8 points into unknown readable memory: 0x0000000000000000 | 00 00 00 00 00 00 00 00
RDX=0x0 is null
RSP=0x00007e2307cfb470 is pointing into the stack for thread: 0x00007e222c17e6f0
RBP=0x00007e2307cfb4c0 is pointing into the stack for thread: 0x00007e222c17e6f0
RSI=0x0 is null
RDI=0x00007e2307cfb570 is pointing into the stack for thread: 0x00007e222c17e6f0
R8 =0x00007e22082114e0 points into unknown readable memory: 0x00007e2208211900 | 00 19 21 08 22 7e 00 00
R9 =0x0 is null
R10=0x00007e2208028610 points into unknown readable memory: 0x0000000000000730 | 30 07 00 00 00 00 00 00
R11=0x00007e2208000090 points into unknown readable memory: 0x00007e2208c3f240 | 40 f2 c3 08 22 7e 00 00
R12=0x00007e220801e7b0 points into unknown readable memory: 0x0000000000000000 | 00 00 00 00 00 00 00 00
R13=0x0 is null
R14=0x0 is null
R15=0x00007e220801e7b0 points into unknown readable memory: 0x0000000000000000 | 00 00 00 00 00 00 00 00

Top of Stack: (sp=0x00007e2307cfb470)
0x00007e2307cfb470:   0000000000000000 0000000000000000   ................
0x00007e2307cfb480:   00007e2208213510 00007e2208010000   .5!."~......"~..
0x00007e2307cfb490:   00007e2208070608 3db4bf1fab009100   ...."~.........=
0x00007e2307cfb4a0:   0000000000000000 0000000000000001   ................
0x00007e2307cfb4b0:   00007e220806aec0 00007e220806eb78   ...."~..x..."~..
0x00007e2307cfb4c0:   00007e220801e7b0 0000000000000000   ...."~..........
0x00007e2307cfb4d0:   0000000000000000 0000000000000000   ................
0x00007e2307cfb4e0:   00007e22082114e0 00007e220801d490   ..!."~......"~..
0x00007e2307cfb4f0:   00007e220806eb50 00007e2208211900   P..."~....!."~..
0x00007e2307cfb500:   00007e220801d490 00007e220806eb50   ...."~..P..."~..
0x00007e2307cfb510:   00007e220801e7b8 00007e220806eb50   ...."~..P..."~..
0x00007e2307cfb520:   00007e220806eb50 00007e220806eb50   P..."~..P..."~..
0x00007e2307cfb530:   00007e220806eb50 0000000000000000   P..."~..........
0x00007e2307cfb540:   00007e220806eb78 00007e220806aec0   x..."~......"~..
0x00007e2307cfb550:   00007e220801d490 00007e220809a800   ...."~......"~..
0x00007e2307cfb560:   00007e220801d490 00007e2208000000   ...."~......"~..
0x00007e2307cfb570:   00007e220801d4b0 00007e2208211900   ...."~....!."~..
0x00007e2307cfb580:   00007e22082116f0 00007e2208211b10   ..!."~....!."~..
0x00007e2307cfb590:   00007e22082114e0 00007e2208010000   ..!."~......"~..
0x00007e2307cfb5a0:   00007e220801d4b0 00007e2208211d20   ...."~.. .!."~..
0x00007e2307cfb5b0:   00007e22082114e0 00007e2208211900   ..!."~....!."~..
0x00007e2307cfb5c0:   00007e22082114e0 3db4bf1fab000000   ..!."~.........=
0x00007e2307cfb5d0:   00007e220801d4b0 00007e22082114e0   ...."~....!."~..
0x00007e2307cfb5e0:   00007e2208211900 00007e22082116f0   ..!."~....!."~..
0x00007e2307cfb5f0:   00007e22082114e0 00007e2307010000   ..!."~......#~..
0x00007e2307cfb600:   00007e230764e1a2 3db4bf1fab009100   ..d.#~.........=
0x00007e2307cfb610:   0000000000000000 00007e2208036980   .........i.."~..
0x00007e2307cfb620:   00007e2307cfb6b0 0000000000000001   ....#~..........
0x00007e2307cfb630:   0000000000000000 0000000000000000   ................
0x00007e2307cfb640:   00007e220801e7b0 00007e2307481c3b   ...."~..;.H.#~..
0x00007e2307cfb650:   00007e2307cfb838 00007e2307cfb8f0   8...#~......#~..
0x00007e2307cfb660:   00007e2208036d70 00007e2208036980   pm.."~...i.."~..

Instructions: (pc=0x00007e230749da37)
  0x00007e230749d937:   24 70 48 85 c0 74 62 48 8b 94 24 80 00 00 00 48
  0x00007e230749d947:   8b 52 08 48 85 d2 74 04 48 8b 52 08 48 8b 80 38
  0x00007e230749d957:   01 00 00 48 85 c0 74 c1 8b 48 34 85 c9 74 ba 7e
  0x00007e230749d967:   1f 48 8b 40 10 83 e9 01 48 8d 4c 88 04 0f 1f 40
  0x00007e230749d977:   00 8b 30 85 f6 75 aa 48 83 c0 04 48 39 c8 75 f1
  0x00007e230749d987:   48 85 d2 74 94 8b 42 10 83 f8 03 77 6c 85 c0 74
  0x00007e230749d997:   90 eb 86 66 0f 1f 44 00 00 4d 85 ed 74 0a b8 64
  0x00007e230749d9a7:   00 00 00 66 41 89 45 02 b8 01 00 00 00 48 8b 94
  0x00007e230749d9b7:   24 98 01 00 00 64 48 2b 14 25 28 00 00 00 0f 85
  0x00007e230749d9c7:   8c 03 00 00 48 81 c4 a8 01 00 00 5b 5d 41 5c 41
  0x00007e230749d9d7:   5d 41 5e 41 5f c3 0f 1f 00 4d 85 ed 0f 84 c7 01
  0x00007e230749d9e7:   00 00 48 8b 14 24 48 89 ee 48 89 df e8 98 72 00
  0x00007e230749d9f7:   00 e9 f8 fe ff ff 0f 1f 00 83 e8 05 83 f8 03 0f
  0x00007e230749da07:   86 14 ff ff ff e9 17 ff ff ff 0f 1f 80 00 00 00
  0x00007e230749da17:   00 31 f6 48 89 ef e8 ce 1f 17 00 8b 83 08 14 00
  0x00007e230749da27:   00 85 c0 0f 8f c0 01 00 00 48 8b 83 b0 09 00 00
=>0x00007e230749da37:   80 78 0c 00 0f 85 d8 02 00 00 8b 83 d8 44 02 00
  0x00007e230749da47:   45 31 ff 85 c0 7f 20 eb 47 48 8b 87 b0 09 00 00
  0x00007e230749da57:   80 78 0c 00 0f 85 9f 01 00 00 49 83 c7 01 44 39
  0x00007e230749da67:   bb d8 44 02 00 7e 29 48 8b 83 e0 44 02 00 4a 8b
  0x00007e230749da77:   3c f8 44 8b 9f 08 14 00 00 45 85 db 7e cb e8 46
  0x00007e230749da87:   96 0e 00 49 83 c7 01 44 39 bb d8 44 02 00 7f d7
  0x00007e230749da97:   48 c7 44 24 30 00 00 00 00 4c 8d 7c 24 30 4c 89
  0x00007e230749daa7:   ff e8 23 f2 1a 00 48 8b 4c 24 08 4d 89 f9 4d 89
  0x00007e230749dab7:   e0 48 8b 14 24 be 01 00 00 00 48 89 df e8 87 b2
  0x00007e230749dac7:   ff ff 44 8b 93 d4 35 02 00 45 85 d2 74 0b 4c 89
  0x00007e230749dad7:   fe 48 89 df e8 b0 ae 03 00 8b 44 24 30 45 31 c9
  0x00007e230749dae7:   4d 89 f8 48 89 e9 c7 83 c4 44 02 00 00 00 00 00
  0x00007e230749daf7:   4c 89 ea be 01 00 00 00 48 89 df 89 83 c0 44 02
  0x00007e230749db07:   00 48 c7 83 b4 44 02 00 00 00 00 00 66 44 89 8b
  0x00007e230749db17:   bc 44 02 00 48 89 9b f8 44 02 00 e8 69 ef ff ff
  0x00007e230749db27:   84 c0 0f 84 d6 01 00 00 31 f6 48 89 ef e8 b7 1e


Stack slot to memory mapping:

stack at sp + 0 slots: 0x0 is null
stack at sp + 1 slots: 0x0 is null
stack at sp + 2 slots: 0x00007e2208213510 points into unknown readable memory: 0x00007e2208213650 | 50 36 21 08 22 7e 00 00
stack at sp + 3 slots: 0x00007e2208010000 points into unknown readable memory: 0x0000000000000000 | 00 00 00 00 00 00 00 00
stack at sp + 4 slots: 0x00007e2208070608 points into unknown readable memory: 0x00007e2208228f30 | 30 8f 22 08 22 7e 00 00
stack at sp + 5 slots: 0x3db4bf1fab009100 is an unknown value
stack at sp + 6 slots: 0x0 is null
stack at sp + 7 slots: 0x0000000000000001 is an unknown value

Lock stack of current Java thread (top to bottom):


Compiled method (c1) 779389 17731       2       java.lang.invoke.LambdaForm$DMH/0x00007e22c714a400::invokeVirtual (15 bytes)
 total in heap  [0x00007e2328b20688,0x00007e2328b20910] = 648
 relocation     [0x00007e2328b20760,0x00007e2328b207a0] = 64
 main code      [0x00007e2328b207a0,0x00007e2328b208a8] = 264
 stub code      [0x00007e2328b208a8,0x00007e2328b208f8] = 80
 oops           [0x00007e2328b208f8,0x00007e2328b20900] = 8
 metadata       [0x00007e2328b20900,0x00007e2328b20910] = 16
 immutable data [0x00007e229c0c3970,0x00007e229c0c3a28] = 184
 dependencies   [0x00007e229c0c3970,0x00007e229c0c3978] = 8
 nul chk table  [0x00007e229c0c3978,0x00007e229c0c3988] = 16
 scopes pcs     [0x00007e229c0c3988,0x00007e229c0c39e8] = 96
 scopes data    [0x00007e229c0c39e8,0x00007e229c0c3a28] = 64

[Constant Pool (empty)]

[MachCode]
[Verified Entry Point]
  # {method} {0x00007e22b4b45280} 'invokeVirtual' '(Ljava/lang/Object;Ljava/lang/Object;Ljava/lang/Object;)Ljava/lang/Object;' in 'java/lang/invoke/LambdaForm$DMH+0x00007e22c714a400'
  # parm0:    rsi:rsi   = 'java/lang/Object'
  # parm1:    rdx:rdx   = 'java/lang/Object'
  # parm2:    rcx:rcx   = 'java/lang/Object'
  #           [sp+0x50]  (sp of caller)
  0x00007e2328b207a0: 8984 2400 | c0fe ff55 | 4883 ec40 | 4181 7f20 | 5200 0000 

  0x00007e2328b207b4: ;   {runtime_call StubRoutines (final stubs)}
  0x00007e2328b207b4: 7405 e8c5 | dd04 0748 | bf80 54b4 | b422 7e00 | 008b 1f83 | c302 891f | 81e3 fe0f | 0000 85db 
  0x00007e2328b207d4: 0f84 6200 | 0000 4885 | f60f 8429 

  0x00007e2328b207e0: ;   {metadata('java/lang/invoke/DirectMethodHandle')}
  0x00007e2328b207e0: 0000 0048 | b878 c11e | c622 7e00 | 008b 5e08 | 49ba 0000 | 00c6 227e | 0000 4903 | da48 3b43 
  0x00007e2328b20800: 400f 8553 | 0000 00e9 | 0000 0000 

  0x00007e2328b2080c: ; implicit exception: dispatches to 0x00007e2328b20863
  0x00007e2328b2080c: 8b7e 2048 | c1e7 0348 | 8bf2 488b | d148 8bcf 

  0x00007e2328b2081c: ;   {static_call}
  0x00007e2328b2081c: 6666 90e8 

  0x00007e2328b20820: ; ImmutableOopMap {}
                      ;*invokestatic linkToVirtual {reexecute=0 rethrow=0 return_oop=0}
                      ; - java.lang.invoke.LambdaForm$DMH/0x00007e22c714a400::invokeVirtual@11
  0x00007e2328b20820: 5c35 6407 

  0x00007e2328b20824: ;   {post_call_nop}
  0x00007e2328b20824: 0f1f 8400 | 9c01 0000 | 4883 c440 

  0x00007e2328b20830: ;   {poll_return}
  0x00007e2328b20830: 5d49 3b67 | 280f 872d | 0000 00c3 

  0x00007e2328b2083c: ;   {metadata({method} {0x00007e22b4b45280} 'invokeVirtual' '(Ljava/lang/Object;Ljava/lang/Object;Ljava/lang/Object;)Ljava/lang/Object;' in 'java/lang/invoke/LambdaForm$DMH+0x00007e22c714a400')}
  0x00007e2328b2083c: 49ba 8052 | b4b4 227e | 0000 4c89 | 5424 0848 | c704 24ff 

  0x00007e2328b20850: ;   {runtime_call C1 Runtime counter_overflow_blob}
  0x00007e2328b20850: ffff ffe8 

  0x00007e2328b20854: ; ImmutableOopMap {rsi=Oop rdx=Oop rcx=Oop }
                      ;*synchronization entry
                      ; - java.lang.invoke.LambdaForm$DMH/0x00007e22c714a400::invokeVirtual@-1
  0x00007e2328b20854: 88c9 1207 | eb80 4889 

  0x00007e2328b2085c: ;   {runtime_call C1 Runtime throw_class_cast_exception_blob}
  0x00007e2328b2085c: 3424 e8fd 

  0x00007e2328b20860: ; ImmutableOopMap {rdx=Oop rcx=Oop }
                      ;*checkcast {reexecute=0 rethrow=0 return_oop=0}
                      ; - java.lang.invoke.DirectMethodHandle::internalMemberName@1 (line 332)
                      ; - java.lang.invoke.LambdaForm$DMH/0x00007e22c714a400::invokeVirtual@1
                      ;   {runtime_call C1 Runtime throw_null_pointer_exception_blob}
  0x00007e2328b20860: 8f12 07e8 

  0x00007e2328b20864: ; ImmutableOopMap {rdx=Oop rcx=Oop }
                      ;*getfield member {reexecute=1 rethrow=0 return_oop=0}
                      ; - (reexecute) java.lang.invoke.DirectMethodHandle::internalMemberName@4 (line 332)
                      ; - java.lang.invoke.LambdaForm$DMH/0x00007e22c714a400::invokeVirtual@1
  0x00007e2328b20864: 7867 1207 

  0x00007e2328b20868: ;   {internal_word}
  0x00007e2328b20868: 49ba 3108 | b228 237e | 0000 4d89 | 9760 0400 

  0x00007e2328b20878: ;   {runtime_call SafepointBlob}
  0x00007e2328b20878: 00e9 62c0 | 0607 498b | 8708 0500 | 0049 c787 | 0805 0000 | 0000 0000 | 49c7 8710 | 0500 0000 
  0x00007e2328b20898: 0000 0048 | 83c4 405d 

  0x00007e2328b208a0: ;   {runtime_call C1 Runtime unwind_exception_blob}
  0x00007e2328b208a0: e93b 4f12 | 07f4 f4f4 
[Stub Code]
  0x00007e2328b208a8: ;   {no_reloc}
  0x00007e2328b208a8: 48bb 0000 | 0000 0000 

  0x00007e2328b208b0: ;   {runtime_call nmethod}
  0x00007e2328b208b0: 0000 e9fb 

  0x00007e2328b208b4: ;   {runtime_call C1 Runtime handle_exception_from_callee_blob}
  0x00007e2328b208b4: ffff ffe8 | a489 1207 

  0x00007e2328b208bc: ;   {external_word}
  0x00007e2328b208bc: 48bf c3e0 | c948 237e | 0000 4883 

  0x00007e2328b208c8: ;   {runtime_call MacroAssembler::debug64(char*, long, long*)}
  0x00007e2328b208c8: e4f0 e8f1 | 45d1 1ff4 
[Deopt Handler Code]
  0x00007e2328b208d0: ;   {section_word}
  0x00007e2328b208d0: 49ba d008 | b228 237e | 0000 4152 

  0x00007e2328b208dc: ;   {runtime_call DeoptimizationBlob}
  0x00007e2328b208dc: e99f b506 

  0x00007e2328b208e0: ;   {section_word}
  0x00007e2328b208e0: 0749 bae1 | 08b2 2823 | 7e00 0041 

  0x00007e2328b208ec: ;   {runtime_call DeoptimizationBlob}
  0x00007e2328b208ec: 52e9 8eb5 | 0607 f4f4 | f4f4 f4f4 
[/MachCode]


Compiled method (c2) 779394 5708   !   4       jdk.internal.reflect.DirectMethodHandleAccessor::invoke (92 bytes)
 total in heap  [0x00007e233037ff08,0x00007e2330380a60] = 2904
 relocation     [0x00007e233037ffe0,0x00007e2330380100] = 288
 main code      [0x00007e2330380100,0x00007e2330380938] = 2104
 stub code      [0x00007e2330380938,0x00007e23303809a8] = 112
 oops           [0x00007e23303809a8,0x00007e23303809e0] = 56
 metadata       [0x00007e23303809e0,0x00007e2330380a60] = 128
 immutable data [0x00007e22a80e5d00,0x00007e22a80e64d0] = 2000
 dependencies   [0x00007e22a80e5d00,0x00007e22a80e5d28] = 40
 nul chk table  [0x00007e22a80e5d28,0x00007e22a80e5d88] = 96
 handler table  [0x00007e22a80e5d88,0x00007e22a80e5e78] = 240
 scopes pcs     [0x00007e22a80e5e78,0x00007e22a80e6108] = 656
 scopes data    [0x00007e22a80e6108,0x00007e22a80e64d0] = 968

[Constant Pool (empty)]

[MachCode]
[Instructions begin]
  0x00007e2330380100: 6690 448b | 5608 443b 

  0x00007e2330380108: ;   {runtime_call Shared Runtime ic_miss_blob}
  0x00007e2330380108: 5008 0f85 | 504f 80ff 
[Verified Entry Point]
  0x00007e2330380110: 8984 2400 | c0fe ff55 | 4883 ec40 | 4181 7f20 | 5200 0000 | 0f85 0008 | 0000 4889 | 4c24 1048 
  0x00007e2330380130: 8954 2420 | 4889 7424 | 1841 ba00 | 0200 0044 | 8556 1075 | 3544 8b52 | 0844 8b46 | 1448 be00 
  0x00007e2330380150: 0000 c622 | 7e00 0049 | 03f2 4c8b | 5670 498b | 2a4b 8b44 | c410 448b | 5014 4d63 | da4e 8b1c 
  0x00007e2330380170: 1e49 3bc3 | 0f85 9601 | 0000 4c8b | 5424 104d | 85d2 7406 | 458b 520c | eb03 4533 | d24c 8b5c 
  0x00007e2330380190: 2418 458b | 5b0c 453b | d30f 85d5 | 0300 004c | 8b54 2418 | 458b 4218 | 4585 db0f | 84fd 0000 
  0x00007e23303801b0: 0041 83fb | 010f 8586 | 0000 004c | 8b54 2410 

  0x00007e23303801c0: ; implicit exception: dispatches to 0x00007e2330380794
  0x00007e23303801c0: 458b 520c | 4585 d20f | 861b 0400 | 0047 8b4c | c410 4c8b | 5424 1045 

  0x00007e23303801d8: ;   {oop(a 'java/lang/invoke/MethodType'{0x000000070b20fa78} = (Ljava/lang/Object;Ljava/lang/Object;)Ljava/lang/Object;)}
  0x00007e23303801d8: 8b52 1041 | 81f9 4f1f | 64e1 0f85 | 4404 0000 | 478b 5cc4 | 1445 85db | 0f84 da03 | 0000 4b8d 
  0x00007e23303801f8: 2cc4 473b | 64dc 1c75 | 1c44 8954 | 2410 488b 

  0x00007e2330380208: ;   {static_call}
  0x00007e2330380208: f566 90e8 

  0x00007e233038020c: ; ImmutableOopMap {rbp=Oop [16]=NarrowOop [24]=Oop [32]=Oop }
                      ;*invokestatic maybeCustomize {reexecute=0 rethrow=0 return_oop=0}
                      ; - java.lang.invoke.Invokers::checkCustomized@19 (line 626)
                      ; - java.lang.invoke.Invokers$Holder::invokeExact_MT@14
                      ; - jdk.internal.reflect.DirectMethodHandleAccessor::invokeImpl@55 (line 155)
                      ; - jdk.internal.reflect.DirectMethodHandleAccessor::invoke@23 (line 104)
  0x00007e233038020c: 10ec e2ff 

  0x00007e2330380210: ;   {post_call_nop}
  0x00007e2330380210: 0f1f 8400 | 0803 0000 | 448b 5424 | 1049 8bca | 48c1 e103 | 488b f548 | 8b54 2420 

  0x00007e233038022c: ;   {optimized virtual_call}
  0x00007e233038022c: 6666 90e8 

  0x00007e2330380230: ; ImmutableOopMap {[24]=Oop }
                      ;*invokevirtual invokeBasic {reexecute=0 rethrow=0 return_oop=1}
                      ; - java.lang.invoke.Invokers$Holder::invokeExact_MT@20
                      ; - jdk.internal.reflect.DirectMethodHandleAccessor::invokeImpl@55 (line 155)
                      ; - jdk.internal.reflect.DirectMethodHandleAccessor::invoke@23 (line 104)
  0x00007e2330380230: 4c48 d6ff 

  0x00007e2330380234: ;   {post_call_nop}
  0x00007e2330380234: 0f1f 8400 | 2c03 0001 | e9bf 0000 | 0041 83fb | 020f 849d | 0100 0041 | 83fb 030f | 8448 0200 
  0x00007e2330380254: 0043 8b6c 

  0x00007e2330380258: ;   {oop(a 'java/lang/invoke/MethodType'{0x000000070b21d1c0} = (Ljava/lang/Object;[Ljava/lang/Object;)Ljava/lang/Object;)}
  0x00007e2330380258: c410 81fd | 383a 64e1 | 0f85 aa03 | 0000 478b | 54c4 1445 | 85d2 0f84 | 4403 0000 | 4b8d 2cc4 
  0x00007e2330380278: 473b 64d4 | 1c75 1148 

  0x00007e2330380280: ;   {static_call}
  0x00007e2330380280: 8bf5 90e8 

  0x00007e2330380284: ; ImmutableOopMap {rbp=Oop [16]=Oop [24]=Oop [32]=Oop }
                      ;*invokestatic maybeCustomize {reexecute=0 rethrow=0 return_oop=0}
                      ; - java.lang.invoke.Invokers::checkCustomized@19 (line 626)
                      ; - java.lang.invoke.Invokers$Holder::invokeExact_MT@14
                      ; - jdk.internal.reflect.DirectMethodHandleAccessor::invokeImpl@104 (line 158)
                      ; - jdk.internal.reflect.DirectMethodHandleAccessor::invoke@23 (line 104)
  0x00007e2330380284: 98eb e2ff 

  0x00007e2330380288: ;   {post_call_nop}
  0x00007e2330380288: 0f1f 8400 | 8003 0002 | 488b f548 | 8b54 2420 | 488b 4c24 

  0x00007e233038029c: ;   {optimized virtual_call}
  0x00007e233038029c: 1066 90e8 

  0x00007e23303802a0: ; ImmutableOopMap {[24]=Oop }
                      ;*invokevirtual invokeBasic {reexecute=0 rethrow=0 return_oop=1}
                      ; - java.lang.invoke.Invokers$Holder::invokeExact_MT@20
                      ; - jdk.internal.reflect.DirectMethodHandleAccessor::invokeImpl@104 (line 158)
                      ; - jdk.internal.reflect.DirectMethodHandleAccessor::invoke@23 (line 104)
  0x00007e23303802a0: dc47 d6ff 

  0x00007e23303802a4: ;   {post_call_nop}
  0x00007e23303802a4: 0f1f 8400 | 9c03 0003 | eb52 438b 

  0x00007e23303802b0: ;   {oop(a 'java/lang/invoke/MethodType'{0x000000070b20f880} = (Ljava/lang/Object;)Ljava/lang/Object;)}
  0x00007e23303802b0: 6cc4 1081 | fd10 1f64 | e10f 85e1 | 0200 0047 | 8b54 c414 | 4585 d20f | 8490 0200 | 004b 8d2c 
  0x00007e23303802d0: c447 3b64 | d41c 7510 

  0x00007e23303802d8: ;   {static_call}
  0x00007e23303802d8: 488b f5e8 

  0x00007e23303802dc: ; ImmutableOopMap {rbp=Oop [24]=Oop [32]=Oop }
                      ;*invokestatic maybeCustomize {reexecute=0 rethrow=0 return_oop=0}
                      ; - java.lang.invoke.Invokers::checkCustomized@19 (line 626)
                      ; - java.lang.invoke.Invokers$Holder::invokeExact_MT@14
                      ; - jdk.internal.reflect.DirectMethodHandleAccessor::invokeImpl@41 (line 154)
                      ; - jdk.internal.reflect.DirectMethodHandleAccessor::invoke@23 (line 104)
  0x00007e23303802dc: 40eb e2ff 

  0x00007e23303802e0: ;   {post_call_nop}
  0x00007e23303802e0: 0f1f 8400 | d803 0004 | 488b f548 | 8b54 2420 

  0x00007e23303802f0: ;   {optimized virtual_call}
  0x00007e23303802f0: 6666 90e8 

  0x00007e23303802f4: ; ImmutableOopMap {[24]=Oop }
                      ;*invokevirtual invokeBasic {reexecute=0 rethrow=0 return_oop=1}
                      ; - java.lang.invoke.Invokers$Holder::invokeExact_MT@19
                      ; - jdk.internal.reflect.DirectMethodHandleAccessor::invokeImpl@41 (line 154)
                      ; - jdk.internal.reflect.DirectMethodHandleAccessor::invoke@23 (line 104)
  0x00007e23303802f4: 08bd d4ff 

  0x00007e23303802f8: ;   {post_call_nop}
  0x00007e23303802f8: 0f1f 8400 | f003 0005 | 4883 c440 

  0x00007e2330380304: ;   {poll_return}
  0x00007e2330380304: 5d49 3b67 | 280f 8705 | 0600 00c3 | 4183 fa20 | 0f85 a300 | 0000 483b | f00f 8457 | feff ff48 
  0x00007e2330380324: 8b9e a000 | 0000 488b | d38a 88a8 | 0000 0083 | f13f 48d3 | e248 85d2 | 0f89 6600 | 0000 f348 
  0x00007e2330380344: 0fb8 d24c | 8b5e 2849 | 3b04 d374 | 608a 88a8 | 0000 0048 | d3cb 480f | bae3 0173 | 4741 8b3b 
  0x00007e2330380364: 4983 c308 | 83ff 3e0f | 8f24 0000 | 0033 c93b | d70f 4dd1 | 493b 04d3 | 0f84 2f00 | 0000 480f 
  0x00007e2330380384: bae3 020f | 831b 0000 | 0048 d1cb | 83c2 01eb | de33 d249 | 3b04 d30f | 8410 0000 | 0083 c201 
  0x00007e23303803a4: 3bd7 7cef | 48c7 c701 | 0000 00eb | 0348 33ff | 4885 ff0f | 84bd fdff | ffbe 4dff | ffff 488b 
  0x00007e23303803c4: 6c24 1848 | ff74 2420 | 488f 0424 | 48ff 7424 | 1048 8f44 

  0x00007e23303803d8: ;   {runtime_call UncommonTrapBlob}
  0x00007e23303803d8: 2408 90e8 

  0x00007e23303803dc: ; ImmutableOopMap {rbp=Oop [0]=Oop [8]=Oop }
                      ;*ifne {reexecute=1 rethrow=0 return_oop=0}
                      ; - (reexecute) jdk.internal.reflect.DirectMethodHandleAccessor::checkReceiver@11 (line 197)
                      ; - jdk.internal.reflect.DirectMethodHandleAccessor::invoke@9 (line 100)
  0x00007e23303803dc: 0022 8dff 

  0x00007e23303803e0: ;   {post_call_nop}
  0x00007e23303803e0: 0f1f 8400 | d804 0006 | 4c8b 5424 | 1045 8b52 | 0c41 83fa | 010f 8671 | 0200 0047 | 8b54 c410 
  0x00007e2330380400: 4c8b 5c24 | 1041 8b4b | 1441 8b6b 

  0x00007e233038040c: ;   {oop(a 'java/lang/invoke/MethodType'{0x000000070b20fc78} = (Ljava/lang/Object;Ljava/lang/Object;Ljava/lang/Object;)Ljava/lang/Object;)}
  0x00007e233038040c: 1041 81fa | 8f1f 64e1 | 0f85 a202 | 0000 478b | 5cc4 1445 | 85db 0f84 | 2c02 0000 | 4f8d 14c4 
  0x00007e233038042c: 473b 64dc | 1c75 3f4c | 8954 2428 | 894c 2410 | 48ff 7424 | 2048 8f44 | 2408 48ff | 7424 1848 
  0x00007e233038044c: 8f04 2449 

  0x00007e2330380450: ;   {static_call}
  0x00007e2330380450: 8bf2 90e8 

  0x00007e2330380454: ; ImmutableOopMap {rbp=NarrowOop [0]=Oop [8]=Oop [16]=NarrowOop [32]=Oop [40]=Oop }
                      ;*invokestatic maybeCustomize {reexecute=0 rethrow=0 return_oop=0}
                      ; - java.lang.invoke.Invokers::checkCustomized@19 (line 626)
                      ; - java.lang.invoke.LambdaForm$MH/0x00007e22c712cc00::invokeExact_MT@15
                      ; - jdk.internal.reflect.DirectMethodHandleAccessor::invokeImpl@72 (line 156)
                      ; - jdk.internal.reflect.DirectMethodHandleAccessor::invoke@23 (line 104)
  0x00007e2330380454: c8e9 e2ff 

  0x00007e2330380458: ;   {post_call_nop}
  0x00007e2330380458: 0f1f 8400 | 5005 0007 | 48ff 3424 | 488f 4424 | 188b 4c24 | 104c 8b54 | 2428 4c8b | c149 c1e0 
  0x00007e2330380478: 0348 8bcd | 48c1 e103 | 498b f248 | 8b54 2420 

  0x00007e2330380488: ;   {optimized virtual_call}
  0x00007e2330380488: 6666 90e8 

  0x00007e233038048c: ; ImmutableOopMap {[24]=Oop }
                      ;*invokevirtual invokeBasic {reexecute=0 rethrow=0 return_oop=1}
                      ; - java.lang.invoke.LambdaForm$MH/0x00007e22c712cc00::invokeExact_MT@22
                      ; - jdk.internal.reflect.DirectMethodHandleAccessor::invokeImpl@72 (line 156)
                      ; - jdk.internal.reflect.DirectMethodHandleAccessor::invoke@23 (line 104)
  0x00007e233038048c: 7010 d7ff 

  0x00007e2330380490: ;   {post_call_nop}
  0x00007e2330380490: 0f1f 8400 | 8805 0008 | e963 feff | ff4c 8b54 | 2410 458b | 5a0c 4183 | fb02 0f86 | f001 0000 
  0x00007e23303804b0: ; implicit exception: dispatches to 0x00007e23303808fc
  0x00007e23303804b0: 478b 5cc4 | 1045 8b4a | 1841 8b5a | 1041 8b6a 

  0x00007e23303804c0: ;   {oop(a 'java/lang/invoke/MethodType'{0x000000070b20fd68} = (Ljava/lang/Object;Ljava/lang/Object;Ljava/lang/Object;Ljava/lang/Object;)Ljava/lang/Object;)}
  0x00007e23303804c0: 1441 81fb | ad1f 64e1 | 0f85 1a02 | 0000 478b | 54c4 1445 | 85d2 0f84 | ac01 0000 | 4f8d 1cc4 
  0x00007e23303804e0: 473b 64d4 | 1c75 484c | 895c 2428 | 895c 2414 | 4489 4c24 | 1048 ff74 | 2420 488f | 4424 0848 
  0x00007e2330380500: ff74 2418 | 488f 0424 

  0x00007e2330380508: ;   {static_call}
  0x00007e2330380508: 498b f3e8 

  0x00007e233038050c: ; ImmutableOopMap {rbp=NarrowOop [0]=Oop [8]=Oop [16]=NarrowOop [20]=NarrowOop [32]=Oop [40]=Oop }
                      ;*invokestatic maybeCustomize {reexecute=0 rethrow=0 return_oop=0}
                      ; - java.lang.invoke.Invokers::checkCustomized@19 (line 626)
                      ; - java.lang.invoke.LambdaForm$MH/0x00007e22c714b800::invokeExact_MT@15
                      ; - jdk.internal.reflect.DirectMethodHandleAccessor::invokeImpl@92 (line 157)
                      ; - jdk.internal.reflect.DirectMethodHandleAccessor::invoke@23 (line 104)
  0x00007e233038050c: 10e9 e2ff 

  0x00007e2330380510: ;   {post_call_nop}
  0x00007e2330380510: 0f1f 8400 | 0806 0009 | 48ff 3424 | 488f 4424 | 1844 8b4c | 2410 8b5c | 2414 4c8b | 5c24 2849 
  0x00007e2330380530: c1e1 0348 | 8bcb 48c1 | e103 4c8b | c549 c1e0 | 0349 8bf3 | 488b 5424 

  0x00007e2330380548: ;   {optimized virtual_call}
  0x00007e2330380548: 2066 90e8 

  0x00007e233038054c: ; ImmutableOopMap {[24]=Oop }
                      ;*invokevirtual invokeBasic {reexecute=0 rethrow=0 return_oop=1}
                      ; - java.lang.invoke.LambdaForm$MH/0x00007e22c714b800::invokeExact_MT@24
                      ; - jdk.internal.reflect.DirectMethodHandleAccessor::invokeImpl@92 (line 157)
                      ; - jdk.internal.reflect.DirectMethodHandleAccessor::invoke@23 (line 104)
  0x00007e233038054c: b052 d6ff 

  0x00007e2330380550: ;   {post_call_nop}
  0x00007e2330380550: 0f1f 8400 | 4806 000a | e9a3 fdff | ffbe f6ff | ffff 488b 

  0x00007e2330380564: ;   {runtime_call UncommonTrapBlob}
  0x00007e2330380564: 6c24 18e8 

  0x00007e2330380568: ; ImmutableOopMap {rbp=Oop }
                      ;*getfield customized {reexecute=1 rethrow=0 return_oop=0}
                      ; - (reexecute) java.lang.invoke.Invokers::checkCustomized@12 (line 625)
                      ; - java.lang.invoke.Invokers$Holder::invokeExact_MT@14
                      ; - jdk.internal.reflect.DirectMethodHandleAccessor::invokeImpl@41 (line 154)
                      ; - jdk.internal.reflect.DirectMethodHandleAccessor::invoke@23 (line 104)
  0x00007e2330380568: 7420 8dff 

  0x00007e233038056c: ;   {post_call_nop}
  0x00007e233038056c: 0f1f 8400 | 6406 000b | be4d ffff | ff48 8b6c | 2418 48ff | 7424 1048 | 8f44 2408 | 4489 5424 
  0x00007e233038058c: 1844 895c 

  0x00007e2330380590: ;   {runtime_call UncommonTrapBlob}
  0x00007e2330380590: 241c 90e8 

  0x00007e2330380594: ; ImmutableOopMap {rbp=Oop [8]=Oop [32]=Oop }
                      ;*if_icmpeq {reexecute=1 rethrow=0 return_oop=0}
                      ; - (reexecute) jdk.internal.reflect.DirectMethodHandleAccessor::checkArgumentCount@13 (line 323)
                      ; - jdk.internal.reflect.DirectMethodHandleAccessor::invoke@17 (line 102)
  0x00007e2330380594: 4820 8dff 

  0x00007e2330380598: ;   {post_call_nop}
  0x00007e2330380598: 0f1f 8400 | 9006 000c | be4d ffff | ff44 8944 

  0x00007e23303805a8: ;   {runtime_call UncommonTrapBlob}
  0x00007e23303805a8: 2410 90e8 

  0x00007e23303805ac: ; ImmutableOopMap {rbp=NarrowOop [16]=NarrowOop [24]=Oop [32]=Oop }
                      ;*if_acmpeq {reexecute=1 rethrow=0 return_oop=0}
                      ; - (reexecute) java.lang.invoke.Invokers::checkExactType@7 (line 530)
                      ; - java.lang.invoke.Invokers$Holder::invokeExact_MT@10
                      ; - jdk.internal.reflect.DirectMethodHandleAccessor::invokeImpl@41 (line 154)
                      ; - jdk.internal.reflect.DirectMethodHandleAccessor::invoke@23 (line 104)
  0x00007e23303805ac: 3020 8dff 

  0x00007e23303805b0: ;   {post_call_nop}
  0x00007e23303805b0: 0f1f 8400 | a806 000d | bef6 ffff | ff48 8b6c 

  0x00007e23303805c0: ;   {runtime_call UncommonTrapBlob}
  0x00007e23303805c0: 2418 90e8 

  0x00007e23303805c4: ; ImmutableOopMap {rbp=Oop }
                      ;*getfield customized {reexecute=1 rethrow=0 return_oop=0}
                      ; - (reexecute) java.lang.invoke.Invokers::checkCustomized@12 (line 625)
                      ; - java.lang.invoke.Invokers$Holder::invokeExact_MT@14
                      ; - jdk.internal.reflect.DirectMethodHandleAccessor::invokeImpl@104 (line 158)
                      ; - jdk.internal.reflect.DirectMethodHandleAccessor::invoke@23 (line 104)
  0x00007e23303805c4: 1820 8dff 

  0x00007e23303805c8: ;   {post_call_nop}
  0x00007e23303805c8: 0f1f 8400 | c006 000e | bef6 ffff | ff48 8b6c 

  0x00007e23303805d8: ;   {runtime_call UncommonTrapBlob}
  0x00007e23303805d8: 2418 90e8 

  0x00007e23303805dc: ; ImmutableOopMap {rbp=Oop }
                      ;*getfield customized {reexecute=1 rethrow=0 return_oop=0}
                      ; - (reexecute) java.lang.invoke.Invokers::checkCustomized@12 (line 625)
                      ; - java.lang.invoke.Invokers$Holder::invokeExact_MT@14
                      ; - jdk.internal.reflect.DirectMethodHandleAccessor::invokeImpl@55 (line 155)
                      ; - jdk.internal.reflect.DirectMethodHandleAccessor::invoke@23 (line 104)
  0x00007e23303805dc: 0020 8dff 

  0x00007e23303805e0: ;   {post_call_nop}
  0x00007e23303805e0: 0f1f 8400 | d806 000f | bee4 ffff | ff48 8b6c | 2418 48ff | 7424 1048 | 8f44 2408 | 4489 4424 
  0x00007e2330380600: ;   {runtime_call UncommonTrapBlob}
  0x00007e2330380600: 1066 90e8 

  0x00007e2330380604: ; ImmutableOopMap {rbp=Oop [8]=Oop [16]=NarrowOop [32]=Oop }
                      ;*aaload {reexecute=0 rethrow=0 return_oop=0}
                      ; - jdk.internal.reflect.DirectMethodHandleAccessor::invokeImpl@54 (line 155)
                      ; - jdk.internal.reflect.DirectMethodHandleAccessor::invoke@23 (line 104)
  0x00007e2330380604: d81f 8dff 

  0x00007e2330380608: ;   {post_call_nop}
  0x00007e2330380608: 0f1f 8400 | 0007 0010 | be4d ffff | ff4c 8914 | 2444 8944 

  0x00007e233038061c: ;   {runtime_call UncommonTrapBlob}
  0x00007e233038061c: 2418 90e8 

  0x00007e2330380620: ; ImmutableOopMap {rbp=NarrowOop [0]=Oop [16]=Oop [24]=NarrowOop [32]=Oop }
                      ;*if_acmpeq {reexecute=1 rethrow=0 return_oop=0}
                      ; - (reexecute) java.lang.invoke.Invokers::checkExactType@7 (line 530)
                      ; - java.lang.invoke.Invokers$Holder::invokeExact_MT@10
                      ; - jdk.internal.reflect.DirectMethodHandleAccessor::invokeImpl@104 (line 158)
                      ; - jdk.internal.reflect.DirectMethodHandleAccessor::invoke@23 (line 104)
  0x00007e2330380620: bc1f 8dff 

  0x00007e2330380624: ;   {post_call_nop}
  0x00007e2330380624: 0f1f 8400 | 1c07 0011 | be4d ffff | ff48 8b6c | 2418 4489 | 4424 0844 | 894c 2410 | 4489 5424 
  0x00007e2330380644: ;   {runtime_call UncommonTrapBlob}
  0x00007e2330380644: 1466 90e8 

  0x00007e2330380648: ; ImmutableOopMap {rbp=Oop [8]=NarrowOop [16]=NarrowOop [20]=NarrowOop [32]=Oop }
                      ;*if_acmpeq {reexecute=1 rethrow=0 return_oop=0}
                      ; - (reexecute) java.lang.invoke.Invokers::checkExactType@7 (line 530)
                      ; - java.lang.invoke.Invokers$Holder::invokeExact_MT@10
                      ; - jdk.internal.reflect.DirectMethodHandleAccessor::invokeImpl@55 (line 155)
                      ; - jdk.internal.reflect.DirectMethodHandleAccessor::invoke@23 (line 104)
  0x00007e2330380648: 941f 8dff 

  0x00007e233038064c: ;   {post_call_nop}
  0x00007e233038064c: 0f1f 8400 | 4407 0012 | bef6 ffff | ff48 8b6c 

  0x00007e233038065c: ;   {runtime_call UncommonTrapBlob}
  0x00007e233038065c: 2418 90e8 

  0x00007e2330380660: ; ImmutableOopMap {rbp=Oop }
                      ;*getfield customized {reexecute=1 rethrow=0 return_oop=0}
                      ; - (reexecute) java.lang.invoke.Invokers::checkCustomized@12 (line 625)
                      ; - java.lang.invoke.LambdaForm$MH/0x00007e22c712cc00::invokeExact_MT@15
                      ; - jdk.internal.reflect.DirectMethodHandleAccessor::invokeImpl@72 (line 156)
                      ; - jdk.internal.reflect.DirectMethodHandleAccessor::invoke@23 (line 104)
  0x00007e2330380660: 7c1f 8dff 

  0x00007e2330380664: ;   {post_call_nop}
  0x00007e2330380664: 0f1f 8400 | 5c07 0013 | bee4 ffff | ff48 8b6c | 2418 4489 

  0x00007e2330380678: ;   {runtime_call UncommonTrapBlob}
  0x00007e2330380678: 4424 18e8 

  0x00007e233038067c: ; ImmutableOopMap {rbp=Oop [16]=Oop [24]=NarrowOop [32]=Oop }
                      ;*aaload {reexecute=0 rethrow=0 return_oop=0}
                      ; - jdk.internal.reflect.DirectMethodHandleAccessor::invokeImpl@68 (line 156)
                      ; - jdk.internal.reflect.DirectMethodHandleAccessor::invoke@23 (line 104)
  0x00007e233038067c: 601f 8dff 

  0x00007e2330380680: ;   {post_call_nop}
  0x00007e2330380680: 0f1f 8400 | 7807 0014 | bef6 ffff | ff48 8b6c 

  0x00007e2330380690: ;   {runtime_call UncommonTrapBlob}
  0x00007e2330380690: 2418 90e8 

  0x00007e2330380694: ; ImmutableOopMap {rbp=Oop }
                      ;*getfield customized {reexecute=1 rethrow=0 return_oop=0}
                      ; - (reexecute) java.lang.invoke.Invokers::checkCustomized@12 (line 625)
                      ; - java.lang.invoke.LambdaForm$MH/0x00007e22c714b800::invokeExact_MT@15
                      ; - jdk.internal.reflect.DirectMethodHandleAccessor::invokeImpl@92 (line 157)
                      ; - jdk.internal.reflect.DirectMethodHandleAccessor::invoke@23 (line 104)
  0x00007e2330380694: 481f 8dff 

  0x00007e2330380698: ;   {post_call_nop}
  0x00007e2330380698: 0f1f 8400 | 9007 0015 | bee4 ffff | ff48 8b6c | 2418 4489 

  0x00007e23303806ac: ;   {runtime_call UncommonTrapBlob}
  0x00007e23303806ac: 4424 18e8 

  0x00007e23303806b0: ; ImmutableOopMap {rbp=Oop [16]=Oop [24]=NarrowOop [32]=Oop }
                      ;*aaload {reexecute=0 rethrow=0 return_oop=0}
                      ; - jdk.internal.reflect.DirectMethodHandleAccessor::invokeImpl@85 (line 157)
                      ; - jdk.internal.reflect.DirectMethodHandleAccessor::invoke@23 (line 104)
  0x00007e23303806b0: 2c1f 8dff 

  0x00007e23303806b4: ;   {post_call_nop}
  0x00007e23303806b4: 0f1f 8400 | ac07 0016 | be4d ffff | ff48 ff74 | 2418 488f | 0424 4489 | 4424 1089 | 4c24 1444 
  0x00007e23303806d4: 8954 241c 

  0x00007e23303806d8: ;   {runtime_call UncommonTrapBlob}
  0x00007e23303806d8: 6666 90e8 

  0x00007e23303806dc: ; ImmutableOopMap {rbp=NarrowOop [0]=Oop [16]=NarrowOop [20]=NarrowOop [28]=NarrowOop [32]=Oop }
                      ;*if_acmpeq {reexecute=1 rethrow=0 return_oop=0}
                      ; - (reexecute) java.lang.invoke.Invokers::checkExactType@7 (line 530)
                      ; - java.lang.invoke.LambdaForm$MH/0x00007e22c712cc00::invokeExact_MT@11
                      ; - jdk.internal.reflect.DirectMethodHandleAccessor::invokeImpl@72 (line 156)
                      ; - jdk.internal.reflect.DirectMethodHandleAccessor::invoke@23 (line 104)
  0x00007e23303806dc: 001f 8dff 

  0x00007e23303806e0: ;   {post_call_nop}
  0x00007e23303806e0: 0f1f 8400 | d807 0017 | be4d ffff | ff48 ff74 | 2418 488f | 0424 48ff | 7424 2048 | 8f44 2408 
  0x00007e2330380700: 4489 4424 | 1089 5c24 | 1444 894c | 2418 4489 

  0x00007e2330380710: ;   {runtime_call UncommonTrapBlob}
  0x00007e2330380710: 5c24 20e8 

  0x00007e2330380714: ; ImmutableOopMap {rbp=NarrowOop [0]=Oop [8]=Oop [16]=NarrowOop [20]=NarrowOop [24]=NarrowOop [32]=NarrowOop }
                      ;*if_acmpeq {reexecute=1 rethrow=0 return_oop=0}
                      ; - (reexecute) java.lang.invoke.Invokers::checkExactType@7 (line 530)
                      ; - java.lang.invoke.LambdaForm$MH/0x00007e22c714b800::invokeExact_MT@11
                      ; - jdk.internal.reflect.DirectMethodHandleAccessor::invokeImpl@92 (line 157)
                      ; - jdk.internal.reflect.DirectMethodHandleAccessor::invoke@23 (line 104)
  0x00007e2330380714: c81e 8dff 

  0x00007e2330380718: ;   {post_call_nop}
  0x00007e2330380718: 0f1f 8400 | 1008 0018 | bef6 ffff | ff48 8b6c 

  0x00007e2330380728: ;   {runtime_call UncommonTrapBlob}
  0x00007e2330380728: 2418 90e8 

  0x00007e233038072c: ; ImmutableOopMap {rbp=Oop [16]=Oop [32]=Oop }
                      ;*invokevirtual getClass {reexecute=0 rethrow=0 return_oop=0}
                      ; - jdk.internal.reflect.DirectMethodHandleAccessor::checkReceiver@5 (line 197)
                      ; - jdk.internal.reflect.DirectMethodHandleAccessor::invoke@9 (line 100)
  0x00007e233038072c: b01e 8dff 

  0x00007e2330380730: ;   {post_call_nop}
  0x00007e2330380730: 0f1f 8400 | 2808 0019 | bef6 ffff 

  0x00007e233038073c: ;   {runtime_call UncommonTrapBlob}
  0x00007e233038073c: ff66 90e8 

  0x00007e2330380740: ; ImmutableOopMap {rbp=Oop [16]=Oop [24]=Oop [32]=Oop }
                      ;*invokevirtual isAssignableFrom {reexecute=0 rethrow=0 return_oop=0}
                      ; - jdk.internal.reflect.DirectMethodHandleAccessor::checkReceiver@8 (line 197)
                      ; - jdk.internal.reflect.DirectMethodHandleAccessor::invoke@9 (line 100)
  0x00007e2330380740: 9c1e 8dff 

  0x00007e2330380744: ;   {post_call_nop}
  0x00007e2330380744: 0f1f 8400 | 3c08 001a | bef4 ffff | ff44 8944 

  0x00007e2330380754: ;   {runtime_call UncommonTrapBlob}
  0x00007e2330380754: 2428 90e8 

  0x00007e2330380758: ; ImmutableOopMap {rbp=Oop [16]=Oop [24]=Oop [32]=Oop [40]=NarrowOop }
                      ;*invokevirtual isAssignableFrom {reexecute=0 rethrow=0 return_oop=0}
                      ; - jdk.internal.reflect.DirectMethodHandleAccessor::checkReceiver@8 (line 197)
                      ; - jdk.internal.reflect.DirectMethodHandleAccessor::invoke@9 (line 100)
  0x00007e2330380758: 841e 8dff 

  0x00007e233038075c: ;   {post_call_nop}
  0x00007e233038075c: 0f1f 8400 | 5408 001b | be5e ffff | ff49 8bea 

  0x00007e233038076c: ;   {runtime_call UncommonTrapBlob}
  0x00007e233038076c: 6666 90e8 

  0x00007e2330380770: ; ImmutableOopMap {rbp=Oop }
                      ;*invokevirtual type {reexecute=0 rethrow=0 return_oop=0}
                      ; - java.lang.invoke.Invokers::checkExactType@1 (line 529)
                      ; - java.lang.invoke.Invokers$Holder::invokeExact_MT@10
                      ; - jdk.internal.reflect.DirectMethodHandleAccessor::invokeImpl@41 (line 154)
                      ; - jdk.internal.reflect.DirectMethodHandleAccessor::invoke@23 (line 104)
  0x00007e2330380770: 6c1e 8dff 

  0x00007e2330380774: ;   {post_call_nop}
  0x00007e2330380774: 0f1f 8400 | 6c08 001c | be5e ffff | ff49 8bea 

  0x00007e2330380784: ;   {runtime_call UncommonTrapBlob}
  0x00007e2330380784: 6666 90e8 

  0x00007e2330380788: ; ImmutableOopMap {rbp=Oop }
                      ;*invokevirtual type {reexecute=0 rethrow=0 return_oop=0}
                      ; - java.lang.invoke.Invokers::checkExactType@1 (line 529)
                      ; - java.lang.invoke.Invokers$Holder::invokeExact_MT@10
                      ; - jdk.internal.reflect.DirectMethodHandleAccessor::invokeImpl@104 (line 158)
                      ; - jdk.internal.reflect.DirectMethodHandleAccessor::invoke@23 (line 104)
  0x00007e2330380788: 541e 8dff 

  0x00007e233038078c: ;   {post_call_nop}
  0x00007e233038078c: 0f1f 8400 | 8408 001d | bef6 ffff | ff48 8b6c 

  0x00007e233038079c: ;   {runtime_call UncommonTrapBlob}
  0x00007e233038079c: 2418 90e8 

  0x00007e23303807a0: ; ImmutableOopMap {rbp=Oop }
                      ;*aaload {reexecute=0 rethrow=0 return_oop=0}
                      ; - jdk.internal.reflect.DirectMethodHandleAccessor::invokeImpl@54 (line 155)
                      ; - jdk.internal.reflect.DirectMethodHandleAccessor::invoke@23 (line 104)
  0x00007e23303807a0: 3c1e 8dff 

  0x00007e23303807a4: ;   {post_call_nop}
  0x00007e23303807a4: 0f1f 8400 | 9c08 001e | be5e ffff | ff48 8b6c 

  0x00007e23303807b4: ;   {runtime_call UncommonTrapBlob}
  0x00007e23303807b4: 2418 90e8 

  0x00007e23303807b8: ; ImmutableOopMap {rbp=Oop }
                      ;*invokevirtual type {reexecute=0 rethrow=0 return_oop=0}
                      ; - java.lang.invoke.Invokers::checkExactType@1 (line 529)
                      ; - java.lang.invoke.Invokers$Holder::invokeExact_MT@10
                      ; - jdk.internal.reflect.DirectMethodHandleAccessor::invokeImpl@55 (line 155)
                      ; - jdk.internal.reflect.DirectMethodHandleAccessor::invoke@23 (line 104)
  0x00007e23303807b8: 241e 8dff 

  0x00007e23303807bc: ;   {post_call_nop}
  0x00007e23303807bc: 0f1f 8400 | b408 001f | eb09 48ff | 3424 488f | 4424 1844 | 8b58 0849 | b800 0000 | c622 7e00 
  0x00007e23303807dc: 004d 03c3 | 488b e8eb | 67eb 0948 | ff34 2448 | 8f44 2418 | 448b 5808 | 49b8 0000 | 00c6 227e 
  0x00007e23303807fc: 0000 4d03 | c348 8be8 | eb46 eb00 | 448b 5008 | 49b8 0000 | 00c6 227e | 0000 4d03 | c248 8be8 
  0x00007e233038081c: eb2e eb00 | 448b 5008 | 49b8 0000 | 00c6 227e | 0000 4d03 | c248 8be8 | eb16 eb00 | 448b 5008 
  0x00007e233038083c: 49b8 0000 | 00c6 227e | 0000 4d03 | c248 8be8 

  0x00007e233038084c: ;   {metadata('java/lang/ClassCastException')}
  0x00007e233038084c: 49ba f0fe | 1bc6 227e | 0000 4d3b 

  0x00007e2330380858: ;   {metadata('java/lang/invoke/WrongMethodTypeException')}
  0x00007e2330380858: c274 3149 | bad0 e50e | c722 7e00 | 004d 3bc2 

  0x00007e2330380868: ;   {metadata('java/lang/NullPointerException')}
  0x00007e2330380868: 7422 49ba | 3029 1cc6 | 227e 0000 | 4d3b c274 | 27be 9dff 

  0x00007e233038087c: ;   {runtime_call UncommonTrapBlob}
  0x00007e233038087c: ffff 90e8 

  0x00007e2330380880: ; ImmutableOopMap {rbp=Oop }
                      ;*astore_3 {reexecute=0 rethrow=0 return_oop=0}
                      ; - jdk.internal.reflect.DirectMethodHandleAccessor::invoke@82 (line 118)
  0x00007e2330380880: 5c1d 8dff 

  0x00007e2330380884: ;   {post_call_nop}
  0x00007e2330380884: 0f1f 8400 | 7c09 0020 | be9d ffff 

  0x00007e2330380890: ;   {runtime_call UncommonTrapBlob}
  0x00007e2330380890: ff66 90e8 

  0x00007e2330380894: ; ImmutableOopMap {rbp=Oop [24]=Oop }
                      ;*astore_3 {reexecute=0 rethrow=0 return_oop=0}
                      ; - jdk.internal.reflect.DirectMethodHandleAccessor::invoke@27 (line 105)
  0x00007e2330380894: 481d 8dff 

  0x00007e2330380898: ;   {post_call_nop}
  0x00007e2330380898: 0f1f 8400 | 9009 0021 | be9d ffff 

  0x00007e23303808a4: ;   {runtime_call UncommonTrapBlob}
  0x00007e23303808a4: ff66 90e8 

  0x00007e23303808a8: ; ImmutableOopMap {rbp=Oop [24]=Oop }
                      ;*astore_3 {reexecute=0 rethrow=0 return_oop=0}
                      ; - jdk.internal.reflect.DirectMethodHandleAccessor::invoke@55 (line 112)
  0x00007e23303808a8: 341d 8dff 

  0x00007e23303808ac: ;   {post_call_nop}
  0x00007e23303808ac: 0f1f 8400 | a409 0022 | bef6 ffff | ff48 8b6c 

  0x00007e23303808bc: ;   {runtime_call UncommonTrapBlob}
  0x00007e23303808bc: 2418 90e8 

  0x00007e23303808c0: ; ImmutableOopMap {rbp=Oop }
                      ;*aaload {reexecute=0 rethrow=0 return_oop=0}
                      ; - jdk.internal.reflect.DirectMethodHandleAccessor::invokeImpl@68 (line 156)
                      ; - jdk.internal.reflect.DirectMethodHandleAccessor::invoke@23 (line 104)
  0x00007e23303808c0: 1c1d 8dff 

  0x00007e23303808c4: ;   {post_call_nop}
  0x00007e23303808c4: 0f1f 8400 | bc09 0023 | bef6 ffff | ff48 8b6c 

  0x00007e23303808d4: ;   {runtime_call UncommonTrapBlob}
  0x00007e23303808d4: 2418 90e8 

  0x00007e23303808d8: ; ImmutableOopMap {rbp=Oop }
                      ;*invokevirtual type {reexecute=0 rethrow=0 return_oop=0}
                      ; - java.lang.invoke.Invokers::checkExactType@1 (line 529)
                      ; - java.lang.invoke.LambdaForm$MH/0x00007e22c712cc00::invokeExact_MT@11
                      ; - jdk.internal.reflect.DirectMethodHandleAccessor::invokeImpl@72 (line 156)
                      ; - jdk.internal.reflect.DirectMethodHandleAccessor::invoke@23 (line 104)
  0x00007e23303808d8: 041d 8dff 

  0x00007e23303808dc: ;   {post_call_nop}
  0x00007e23303808dc: 0f1f 8400 | d409 0024 | bef6 ffff | ff48 8b6c 

  0x00007e23303808ec: ;   {runtime_call UncommonTrapBlob}
  0x00007e23303808ec: 2418 90e8 

  0x00007e23303808f0: ; ImmutableOopMap {rbp=Oop }
                      ;*aaload {reexecute=0 rethrow=0 return_oop=0}
                      ; - jdk.internal.reflect.DirectMethodHandleAccessor::invokeImpl@85 (line 157)
                      ; - jdk.internal.reflect.DirectMethodHandleAccessor::invoke@23 (line 104)
  0x00007e23303808f0: ec1c 8dff 

  0x00007e23303808f4: ;   {post_call_nop}
  0x00007e23303808f4: 0f1f 8400 | ec09 0025 | bef6 ffff | ff48 8b6c 

  0x00007e2330380904: ;   {runtime_call UncommonTrapBlob}
  0x00007e2330380904: 2418 90e8 

  0x00007e2330380908: ; ImmutableOopMap {rbp=Oop }
                      ;*invokevirtual type {reexecute=0 rethrow=0 return_oop=0}
                      ; - java.lang.invoke.Invokers::checkExactType@1 (line 529)
                      ; - java.lang.invoke.LambdaForm$MH/0x00007e22c714b800::invokeExact_MT@11
                      ; - jdk.internal.reflect.DirectMethodHandleAccessor::invokeImpl@92 (line 157)
                      ; - jdk.internal.reflect.DirectMethodHandleAccessor::invoke@23 (line 104)
  0x00007e2330380908: d41c 8dff 

  0x00007e233038090c: ;   {post_call_nop}
  0x00007e233038090c: 0f1f 8400 | 040a 0026 

  0x00007e2330380914: ;   {internal_word}
  0x00007e2330380914: 49ba 0503 | 3830 237e | 0000 4d89 | 9760 0400 

  0x00007e2330380924: ;   {runtime_call SafepointBlob}
  0x00007e2330380924: 00e9 b6bf 

  0x00007e2330380928: ;   {runtime_call StubRoutines (final stubs)}
  0x00007e2330380928: 80ff e851 | dc7e ffe9 | f6f7 ffff | f4f4 f4f4 
[Stub Code]
  0x00007e2330380938: ;   {no_reloc}
  0x00007e2330380938: 48bb 0000 | 0000 0000 

  0x00007e2330380940: ;   {runtime_call nmethod}
  0x00007e2330380940: 0000 e9fb 

  0x00007e2330380944: ;   {static_stub}
  0x00007e2330380944: ffff ff48 | bb00 0000 | 0000 0000 

  0x00007e2330380950: ;   {runtime_call nmethod}
  0x00007e2330380950: 00e9 fbff 

  0x00007e2330380954: ;   {static_stub}
  0x00007e2330380954: ffff 48bb | 0000 0000 | 0000 0000 

  0x00007e2330380960: ;   {runtime_call nmethod}
  0x00007e2330380960: e9fb ffff 

  0x00007e2330380964: ;   {static_stub}
  0x00007e2330380964: ff48 bb00 | 0000 0000 

  0x00007e233038096c: ;   {runtime_call nmethod}
  0x00007e233038096c: 0000 00e9 | fbff ffff 

  0x00007e2330380974: ;   {static_stub}
  0x00007e2330380974: 48bb 0000 | 0000 0000 

  0x00007e233038097c: ;   {runtime_call nmethod}
  0x00007e233038097c: 0000 e9fb 

  0x00007e2330380980: ;   {runtime_call ExceptionBlob}
  0x00007e2330380980: ffff ffe9 | 581f 8dff 
[Deopt Handler Code]
  0x00007e2330380988: e800 0000 | 0048 832c 

  0x00007e2330380990: ;   {runtime_call DeoptimizationBlob}
  0x00007e2330380990: 2405 e9e9 | b480 ffe8 | 0000 0000 | 4883 2c24 

  0x00007e23303809a0: ;   {runtime_call DeoptimizationBlob}
  0x00007e23303809a0: 05e9 dab4 | 80ff f4f4 
[/MachCode]


Compiled method (c1) 779405 14951       2       java.lang.reflect.Method::invoke (108 bytes)
 total in heap  [0x00007e2328876308,0x00007e23288767a8] = 1184
 relocation     [0x00007e23288763e0,0x00007e2328876470] = 144
 main code      [0x00007e2328876480,0x00007e2328876700] = 640
 stub code      [0x00007e2328876700,0x00007e2328876790] = 144
 metadata       [0x00007e2328876790,0x00007e23288767a8] = 24
 immutable data [0x00007e229c7e32c0,0x00007e229c7e3408] = 328
 dependencies   [0x00007e229c7e32c0,0x00007e229c7e32c8] = 8
 nul chk table  [0x00007e229c7e32c8,0x00007e229c7e32d8] = 16
 scopes pcs     [0x00007e229c7e32d8,0x00007e229c7e3378] = 160
 scopes data    [0x00007e229c7e3378,0x00007e229c7e3408] = 144

[Constant Pool (empty)]

[MachCode]
[Instructions begin]
  0x00007e2328876480: 6666 660f | 1f84 0000 | 0000 0066 | 6666 9066 | 6690 448b | 5608 443b 

  0x00007e2328876498: ;   {runtime_call Shared Runtime ic_miss_blob}
  0x00007e2328876498: 5008 0f85 | c0eb 3007 
[Verified Entry Point]
  0x00007e23288764a0: 8984 2400 | c0fe ff55 | 4881 ec80 | 0000 0090 | 4181 7f20 | 5200 0000 

  0x00007e23288764b8: ;   {runtime_call StubRoutines (final stubs)}
  0x00007e23288764b8: 7405 e8c1 | 802f 0748 | 8974 2448 | 4889 5424 | 5048 bfd8 | e600 b422 | 7e00 008b | 1f83 c302 
  0x00007e23288764d8: 891f 81e3 | fe0f 0000 | 85db 0f84 | 9701 0000 | 4889 4c24 | 5848 8bfe | 488b f70f 

  0x00007e23288764f4: ;   {optimized virtual_call}
  0x00007e23288764f4: 1f40 00e8 

  0x00007e23288764f8: ; ImmutableOopMap {[72]=Oop [80]=Oop [88]=Oop }
                      ;*invokevirtual isCallerSensitive {reexecute=0 rethrow=0 return_oop=0}
                      ; - java.lang.reflect.Method::invoke@1 (line 546)
  0x00007e23288764f8: d4f6 8a07 

  0x00007e23288764fc: ;   {post_call_nop}
  0x00007e23288764fc: 0f1f 8400 | f401 0000 | 488b 7424 | 480f be7e | 0c85 ff0f | 841b 0000 | 0085 c00f | 8513 0000 
  0x00007e232887651c: ;   {oop(nullptr)}
  0x00007e232887651c: 0048 bf00 | 0000 0000 | 0000 0089 | 4424 60e9 | 1c00 0000 | 8944 2460 

  0x00007e2328876534: ;   {static_call}
  0x00007e2328876534: 6666 90e8 

  0x00007e2328876538: ; ImmutableOopMap {[72]=Oop [80]=Oop [88]=Oop }
                      ;*invokestatic getCallerClass {reexecute=0 rethrow=0 return_oop=0}
                      ; - java.lang.reflect.Method::invoke@19 (line 549)
  0x00007e2328876538: d463 8807 

  0x00007e232887653c: ;   {post_call_nop}
  0x00007e232887653c: 0f1f 8400 | 3402 0001 | 488b f848 | 8b74 2448 | 0fbe 560c | 85d2 0f84 | 0a00 0000 | 4889 7c24 
  0x00007e232887655c: 68e9 7700 | 0000 8b4e | 2848 c1e1 | 0344 8b4e | 2049 8bd1 | 83e2 0885 | d2ba 0000 | 0000 7405 
  0x00007e232887657c: ba01 0000 | 0083 e201 | 85d2 0f84 | 0f00 0000 

  0x00007e232887658c: ;   {oop(nullptr)}
  0x00007e232887658c: 49b8 0000 | 0000 0000 | 0000 e91d | 0000 0048 | 8b54 2450 

  0x00007e23288765a0: ; implicit exception: dispatches to 0x00007e23288766a0
  0x00007e23288765a0: 448b 4208 | 49ba 0000 | 00c6 227e | 0000 4d03 | c24d 8b40 | 704d 8b00 | 488b d748 | 8bc6 488b 
  0x00007e23288765c0: f048 897c 

  0x00007e23288765c4: ;   {optimized virtual_call}
  0x00007e23288765c4: 2468 90e8 

  0x00007e23288765c8: ; ImmutableOopMap {[72]=Oop [80]=Oop [88]=Oop [104]=Oop }
                      ;*invokevirtual checkAccess {reexecute=0 rethrow=0 return_oop=0}
                      ; - java.lang.reflect.Method::invoke@60 (line 556)
  0x00007e23288765c8: e4d2 a907 

  0x00007e23288765cc: ;   {post_call_nop}
  0x00007e23288765cc: 0f1f 8400 | c402 0002 | 488b 7424 | 488b 7e54 | 48c1 e703 | 4885 ff0f | 8516 0000 | 0066 0f1f 
  0x00007e23288765ec: ;   {optimized virtual_call}
  0x00007e23288765ec: 4400 00e8 

  0x00007e23288765f0: ; ImmutableOopMap {[80]=Oop [88]=Oop [104]=Oop }
                      ;*invokevirtual acquireMethodAccessor {reexecute=0 rethrow=0 return_oop=0}
                      ; - java.lang.reflect.Method::invoke@75 (line 562)
  0x00007e23288765f0: 5d01 0000 

  0x00007e23288765f4: ;   {post_call_nop}
  0x00007e23288765f4: 0f1f 8400 | ec02 0003 | 488b f88b | 4424 6085 | c00f 843c | 0000 004c | 8b44 2468 | 488b 5424 
  0x00007e2328876614: 5048 8b4c | 2458 488b | f748 b8a0 | b853 9c22 

  0x00007e2328876624: ;   {virtual_call}
  0x00007e2328876624: 7e00 00e8 

  0x00007e2328876628: ; ImmutableOopMap {}
                      ;*invokeinterface invoke {reexecute=0 rethrow=0 return_oop=0}
                      ; - java.lang.reflect.Method::invoke@90 (line 565)
  0x00007e2328876628: 34f0 3007 

  0x00007e232887662c: ;   {post_call_nop}
  0x00007e232887662c: 0f1f 8400 | 2403 0004 | 4881 c480 | 0000 005d 

  0x00007e232887663c: ;   {poll_return}
  0x00007e232887663c: 493b 6728 | 0f87 5f00 | 0000 c348 | 8b4c 2458 | 488b 5424 | 5048 8bf7 | 9048 b8c8 | b853 9c22 
  0x00007e232887665c: ;   {virtual_call}
  0x00007e232887665c: 7e00 00e8 

  0x00007e2328876660: ; ImmutableOopMap {}
                      ;*invokeinterface invoke {reexecute=0 rethrow=0 return_oop=0}
                      ; - java.lang.reflect.Method::invoke@102 (line 565)
  0x00007e2328876660: 9e9a b007 

  0x00007e2328876664: ;   {post_call_nop}
  0x00007e2328876664: 0f1f 8400 | 5c03 0005 | 4881 c480 | 0000 005d 

  0x00007e2328876674: ;   {poll_return}
  0x00007e2328876674: 493b 6728 | 0f87 3d00 

  0x00007e232887667c: ;   {metadata({method} {0x00007e22c619f5a8} 'invoke' '(Ljava/lang/Object;[Ljava/lang/Object;)Ljava/lang/Object;' in 'java/lang/reflect/Method')}
  0x00007e232887667c: 0000 c349 | baa8 f519 | c622 7e00 | 004c 8954 | 2408 48c7 | 0424 ffff 

  0x00007e2328876694: ;   {runtime_call C1 Runtime counter_overflow_blob}
  0x00007e2328876694: ffff e845 

  0x00007e2328876698: ; ImmutableOopMap {rsi=Oop rdx=Oop rcx=Oop [72]=Oop [80]=Oop }
                      ;*synchronization entry
                      ; - java.lang.reflect.Method::invoke@-1 (line 546)
  0x00007e2328876698: 6b3d 07e9 | 48fe ffff 

  0x00007e23288766a0: ;   {runtime_call C1 Runtime throw_null_pointer_exception_blob}
  0x00007e23288766a0: e83b 093d 

  0x00007e23288766a4: ; ImmutableOopMap {rdi=Oop rsi=Oop rcx=Oop rdx=Oop [72]=Oop [80]=Oop [88]=Oop }
                      ;*invokevirtual getClass {reexecute=0 rethrow=0 return_oop=0}
                      ; - java.lang.reflect.Method::invoke@53 (line 557)
                      ;   {internal_word}
  0x00007e23288766a4: 0749 ba3c | 6687 2823 | 7e00 004d | 8997 6004 

  0x00007e23288766b4: ;   {runtime_call SafepointBlob}
  0x00007e23288766b4: 0000 e925 

  0x00007e23288766b8: ;   {internal_word}
  0x00007e23288766b8: 6231 0749 | ba74 6687 | 2823 7e00 | 004d 8997 | 6004 0000 

  0x00007e23288766cc: ;   {runtime_call SafepointBlob}
  0x00007e23288766cc: e90f 6231 | 0749 8b87 | 0805 0000 | 49c7 8708 | 0500 0000 | 0000 0049 | c787 1005 | 0000 0000 
  0x00007e23288766ec: 0000 4881 | c480 0000 

  0x00007e23288766f4: ;   {runtime_call C1 Runtime unwind_exception_blob}
  0x00007e23288766f4: 005d e9e5 | f03c 07f4 | f4f4 f4f4 
[Stub Code]
  0x00007e2328876700: ;   {no_reloc}
  0x00007e2328876700: 0f1f 4400 

  0x00007e2328876704: ;   {static_stub}
  0x00007e2328876704: 0048 bb00 | 0000 0000 

  0x00007e232887670c: ;   {runtime_call nmethod}
  0x00007e232887670c: 0000 00e9 | fbff ffff 

  0x00007e2328876714: ;   {static_stub}
  0x00007e2328876714: 9048 bb00 | 0000 0000 

  0x00007e232887671c: ;   {runtime_call nmethod}
  0x00007e232887671c: 0000 00e9 | fbff ffff 

  0x00007e2328876724: ;   {static_stub}
  0x00007e2328876724: 48bb 0000 | 0000 0000 

  0x00007e232887672c: ;   {runtime_call nmethod}
  0x00007e232887672c: 0000 e9fb 

  0x00007e2328876730: ;   {static_stub}
  0x00007e2328876730: ffff ff48 | bb00 0000 | 0000 0000 

  0x00007e232887673c: ;   {runtime_call nmethod}
  0x00007e232887673c: 00e9 fbff 

  0x00007e2328876740: ;   {static_stub}
  0x00007e2328876740: ffff 48bb | 0000 0000 | 0000 0000 

  0x00007e232887674c: ;   {runtime_call nmethod}
  0x00007e232887674c: e9fb ffff 

  0x00007e2328876750: ;   {static_stub}
  0x00007e2328876750: ff48 bb20 | fa19 c622 

  0x00007e2328876758: ;   {runtime_call I2C/C2I adapters}
  0x00007e2328876758: 7e00 00e9 | d242 3107 
[Exception Handler]
  0x00007e2328876760: ;   {runtime_call C1 Runtime handle_exception_from_callee_blob}
  0x00007e2328876760: e8fb 2a3d 

  0x00007e2328876764: ;   {external_word}
  0x00007e2328876764: 0748 bfc3 | e0c9 4823 | 7e00 0048 

  0x00007e2328876770: ;   {runtime_call MacroAssembler::debug64(char*, long, long*)}
  0x00007e2328876770: 83e4 f0e8 | 48e7 fb1f 

  0x00007e2328876778: ;   {section_word}
  0x00007e2328876778: f449 ba79 | 6787 2823 | 7e00 0041 

  0x00007e2328876784: ;   {runtime_call DeoptimizationBlob}
  0x00007e2328876784: 52e9 f656 | 3107 f4f4 | f4f4 f4f4 
[/MachCode]


---------------  P R O C E S S  ---------------

Threads class SMR info:
_java_thread_list=0x00007e226c062f90, length=36, elements={
0x00007e234016ff90, 0x00007e2340170f90, 0x00007e23401727d0, 0x00007e2340173ee0,
0x00007e2340175550, 0x00007e2340177140, 0x00007e2340178920, 0x00007e23401bb0a0,
0x00007e23401bcc10, 0x00007e23404f54d0, 0x00007e23404fa110, 0x00007e23404e4ec0,
0x00007e227400ad60, 0x00007e226c003210, 0x00007e22808aff30, 0x00007e234002cd90,
0x00007e2230084a10, 0x00007e22300be820, 0x00007e226c0136a0, 0x00007e2290001370,
0x00007e222c007f40, 0x00007e222c002fa0, 0x00007e222c003b70, 0x00007e222c005370,
0x00007e222c0064c0, 0x00007e222c17e6f0, 0x00007e222c17eed0, 0x00007e222c17faf0,
0x00007e222c180690, 0x00007e222c181340, 0x00007e222c182100, 0x00007e222c182ec0,
0x00007e222c183c90, 0x00007e222c184e50, 0x00007e222c189030, 0x00007e222c18a360
}

Java Threads: ( => current thread )
  0x00007e234016ff90 JavaThread "Reference Handler"          daemon [_thread_blocked, id=119521, stack(0x00007e2344e41000,0x00007e2344f41000) (1024K)]
  0x00007e2340170f90 JavaThread "Finalizer"                  daemon [_thread_blocked, id=119522, stack(0x00007e2344300000,0x00007e2344400000) (1024K)]
  0x00007e23401727d0 JavaThread "Signal Dispatcher"          daemon [_thread_blocked, id=119523, stack(0x00007e2344200000,0x00007e2344300000) (1024K)]
  0x00007e2340173ee0 JavaThread "Service Thread"             daemon [_thread_blocked, id=119524, stack(0x00007e2344100000,0x00007e2344200000) (1024K)]
  0x00007e2340175550 JavaThread "Monitor Deflation Thread"   daemon [_thread_blocked, id=119525, stack(0x00007e2344000000,0x00007e2344100000) (1024K)]
  0x00007e2340177140 JavaThread "C2 CompilerThread0"         daemon [_thread_blocked, id=119526, stack(0x00007e233ff00000,0x00007e2340000000) (1024K)]
  0x00007e2340178920 JavaThread "C1 CompilerThread0"         daemon [_thread_blocked, id=119527, stack(0x00007e23247c0000,0x00007e23248c0000) (1024K)]
  0x00007e23401bb0a0 JavaThread "Notification Thread"        daemon [_thread_blocked, id=119529, stack(0x00007e23245f0000,0x00007e23246f0000) (1024K)]
  0x00007e23401bcc10 JavaThread "Common-Cleaner"             daemon [_thread_blocked, id=119530, stack(0x00007e23244f0000,0x00007e23245f0000) (1024K)]
  0x00007e23404f54d0 JavaThread "RMI TCP Accept-0"           daemon [_thread_in_native, id=119533, stack(0x00007e23241f0000,0x00007e23242f0000) (1024K)]
  0x00007e23404fa110 JavaThread "RMI TCP Accept-43367"       daemon [_thread_in_native, id=119534, stack(0x00007e23240f0000,0x00007e23241f0000) (1024K)]
  0x00007e23404e4ec0 JavaThread "RMI TCP Accept-0"           daemon [_thread_in_native, id=119535, stack(0x00007e2315f00000,0x00007e2316000000) (1024K)]
  0x00007e227400ad60 JavaThread "RMI Scheduler(0)"           daemon [_thread_blocked, id=119540, stack(0x00007e2315b00000,0x00007e2315c00000) (1024K)]
  0x00007e226c003210 JavaThread "JMX server connection timeout 35" daemon [_thread_blocked, id=119543, stack(0x00007e2315900000,0x00007e2315a00000) (1024K)]
  0x00007e22808aff30 JavaThread "Live Reload Server"         daemon [_thread_in_native, id=119576, stack(0x00007e23147f5000,0x00007e23148f5000) (1024K)]
  0x00007e234002cd90 JavaThread "DestroyJavaVM"                     [_thread_blocked, id=119510, stack(0x00007e2347b00000,0x00007e2347c00000) (1024K)]
  0x00007e2230084a10 JavaThread "Java2D Disposer"            daemon [_thread_blocked, id=119644, stack(0x00007e23243f0000,0x00007e23244f0000) (1024K)]
  0x00007e22300be820 JavaThread "JNA Cleaner"                daemon [_thread_blocked, id=119647, stack(0x00007e23242f0000,0x00007e23243f0000) (1024K)]
  0x00007e226c0136a0 JavaThread "mysql-cj-abandoned-connection-cleanup" daemon [_thread_blocked, id=120492, stack(0x00007e23148f5000,0x00007e23149f5000) (1024K)]
  0x00007e2290001370 JavaThread "RMI TCP Connection(4)-127.0.0.1" daemon [_thread_in_native, id=123127, stack(0x00007e22c5f00000,0x00007e22c6000000) (1024K)]
  0x00007e222c007f40 JavaThread "Catalina-utility-1"                [_thread_blocked, id=124555, stack(0x00007e23151fb000,0x00007e23152fb000) (1024K)]
  0x00007e222c002fa0 JavaThread "Catalina-utility-2"                [_thread_blocked, id=124556, stack(0x00007e23146f5000,0x00007e23147f5000) (1024K)]
  0x00007e222c003b70 JavaThread "container-0"                       [_thread_blocked, id=124557, stack(0x00007e23141f5000,0x00007e23142f5000) (1024K)]
  0x00007e222c005370 JavaThread "File Watcher"               daemon [_thread_blocked, id=124558, stack(0x00007e22c5b00000,0x00007e22c5c00000) (1024K)]
  0x00007e222c0064c0 JavaThread "http-nio-8080-exec-1"       daemon [_thread_blocked, id=124559, stack(0x00007e2315a00000,0x00007e2315b00000) (1024K)]
=>0x00007e222c17e6f0 JavaThread "http-nio-8080-exec-2"       daemon [_thread_in_native, id=124560, stack(0x00007e2307c00000,0x00007e2307d00000) (1024K)]
  0x00007e222c17eed0 JavaThread "http-nio-8080-exec-3"       daemon [_thread_blocked, id=124561, stack(0x00007e23143f5000,0x00007e23144f5000) (1024K)]
  0x00007e222c17faf0 JavaThread "http-nio-8080-exec-4"       daemon [_thread_blocked, id=124562, stack(0x00007e23149f5000,0x00007e2314af5000) (1024K)]
  0x00007e222c180690 JavaThread "http-nio-8080-exec-5"       daemon [_thread_blocked, id=124563, stack(0x00007e2314af5000,0x00007e2314bf5000) (1024K)]
  0x00007e222c181340 JavaThread "http-nio-8080-exec-6"       daemon [_thread_blocked, id=124564, stack(0x00007e23152fb000,0x00007e23153fb000) (1024K)]
  0x00007e222c182100 JavaThread "http-nio-8080-exec-7"       daemon [_thread_blocked, id=124565, stack(0x00007e23144f5000,0x00007e23145f5000) (1024K)]
  0x00007e222c182ec0 JavaThread "http-nio-8080-exec-8"       daemon [_thread_blocked, id=124566, stack(0x00007e2307f00000,0x00007e2308000000) (1024K)]
  0x00007e222c183c90 JavaThread "http-nio-8080-exec-9"       daemon [_thread_blocked, id=124567, stack(0x00007e23140f5000,0x00007e23141f5000) (1024K)]
  0x00007e222c184e50 JavaThread "http-nio-8080-exec-10"      daemon [_thread_blocked, id=124568, stack(0x00007e2307d00000,0x00007e2307e00000) (1024K)]
  0x00007e222c189030 JavaThread "http-nio-8080-Poller"       daemon [_thread_in_native, id=124569, stack(0x00007e2315e00000,0x00007e2315f00000) (1024K)]
  0x00007e222c18a360 JavaThread "http-nio-8080-Acceptor"     daemon [_thread_in_native, id=124570, stack(0x00007e2315c00000,0x00007e2315d00000) (1024K)]
Total: 36

Other Threads:
  0x00007e2340166c60 VMThread "VM Thread"                           [id=119520, stack(0x00007e2344f42000,0x00007e2345042000) (1024K)]
  0x00007e2340159500 WatcherThread "VM Periodic Task Thread"        [id=119519, stack(0x00007e2344d40000,0x00007e2344e40000) (1024K)]
  0x00007e2340095860 WorkerThread "GC Thread#0"                     [id=119511, stack(0x00007e2345e51000,0x00007e2345f51000) (1024K)]
  0x00007e22b8008490 WorkerThread "GC Thread#1"                     [id=119545, stack(0x00007e2315800000,0x00007e2315900000) (1024K)]
  0x00007e22b8008fb0 WorkerThread "GC Thread#2"                     [id=119546, stack(0x00007e23156ff000,0x00007e23157ff000) (1024K)]
  0x00007e22b8009ad0 WorkerThread "GC Thread#3"                     [id=119547, stack(0x00007e23155fe000,0x00007e23156fe000) (1024K)]
  0x00007e22b800a9e0 WorkerThread "GC Thread#4"                     [id=119548, stack(0x00007e23154fd000,0x00007e23155fd000) (1024K)]
  0x00007e22b800b8f0 WorkerThread "GC Thread#5"                     [id=119549, stack(0x00007e23153fc000,0x00007e23154fc000) (1024K)]
  0x00007e22b80162e0 WorkerThread "GC Thread#6"                     [id=119561, stack(0x00007e23150fb000,0x00007e23151fb000) (1024K)]
  0x00007e22b8016890 WorkerThread "GC Thread#7"                     [id=119562, stack(0x00007e2314ffa000,0x00007e23150fa000) (1024K)]
  0x00007e22b8019520 WorkerThread "GC Thread#8"                     [id=119563, stack(0x00007e2314ef9000,0x00007e2314ff9000) (1024K)]
  0x00007e22b8019ae0 WorkerThread "GC Thread#9"                     [id=119564, stack(0x00007e2314df8000,0x00007e2314ef8000) (1024K)]
  0x00007e23400aa060 ConcurrentGCThread "G1 Main Marker"            [id=119512, stack(0x00007e2345d50000,0x00007e2345e50000) (1024K)]
  0x00007e23400aaf40 WorkerThread "G1 Conc#0"                       [id=119513, stack(0x00007e2345c4f000,0x00007e2345d4f000) (1024K)]
  0x00007e2318000cd0 WorkerThread "G1 Conc#1"                       [id=119565, stack(0x00007e2314cf7000,0x00007e2314df7000) (1024K)]
  0x00007e2318001800 WorkerThread "G1 Conc#2"                       [id=119566, stack(0x00007e2314bf6000,0x00007e2314cf6000) (1024K)]
  0x00007e2340146400 ConcurrentGCThread "G1 Refine#0"               [id=119514, stack(0x00007e2345144000,0x00007e2345244000) (1024K)]
  0x00007e23401472f0 ConcurrentGCThread "G1 Service"                [id=119515, stack(0x00007e2345043000,0x00007e2345143000) (1024K)]
Total: 18

Threads with active compile tasks:
Total: 0

VM state: not at safepoint (normal execution)

VM Mutex/Monitor currently owned by a thread: None

Heap address: 0x000000070b000000, size: 3920 MB, Compressed Oops mode: Zero based, Oop shift amount: 3

CDS archive(s) mapped at: [0x00007e22c6000000-0x00007e22c6d1c000-0x00007e22c6d1c000), size 13746176, SharedBaseAddress: 0x00007e22c6000000, ArchiveRelocationMode: 1.
Compressed class space mapped at: 0x00007e22c7000000-0x00007e2307000000, reserved size: 1073741824
UseCompressedClassPointers 1, UseCompactObjectHeaders 0
Narrow klass pointer bits 32, Max shift 3
Narrow klass base: 0x00007e22c6000000, Narrow klass shift: 0
Encoding Range: [0x00007e22c6000000 - 0x00007e23c6000000), (4294967296 bytes)
Klass Range:    [0x00007e22c6000000 - 0x00007e2307000000), (1090519040 bytes)
Klass ID Range:  [8 - 1090519033) (1090519025)

GC Precious Log:
 CardTable entry size: 512
 Card Set container configuration: InlinePtr #cards 4 size 8 Array Of Cards #cards 16 size 48 Howl #buckets 8 coarsen threshold 3686 Howl Bitmap #cards 512 size 80 coarsen threshold 460 Card regions per heap region 1 cards per card region 4096
 CPUs: 12 total, 12 available
 Memory: 15678M
 Large Page Support: Disabled
 NUMA Support: Disabled
 Compressed Oops: Enabled (Zero based)
 Heap Region Size: 2M
 Heap Min Capacity: 8M
 Heap Initial Capacity: 246M
 Heap Max Capacity: 3920M
 Pre-touch: Disabled
 Parallel Workers: 10
 Concurrent Workers: 3
 Concurrent Refinement Workers: 10
 Periodic GC: Disabled

Heap:
 garbage-first heap   total reserved 4014080K, committed 94208K, used 79794K [0x000000070b000000, 0x0000000800000000)
  region size 2048K, 10 young (20480K), 1 survivors (2048K)
 Metaspace       used 45057K, committed 45760K, reserved 1114112K
  class space    used 4585K, committed 4864K, reserved 1048576K

Heap Regions: E=young(eden), S=young(survivor), O=old, HS=humongous(starts), HC=humongous(continues), CS=collection set, F=free, TAMS=top-at-mark-start, PB=parsable bottom
|   0|0x000000070b000000, 0x000000070b1ff130, 0x000000070b200000| 99%| O|  |TAMS 0x000000070b000000| PB 0x000000070b000000| Untracked |  0
|   1|0x000000070b200000, 0x000000070b3fffe8, 0x000000070b400000| 99%| O|  |TAMS 0x000000070b200000| PB 0x000000070b200000| Untracked |  0
|   2|0x000000070b400000, 0x000000070b600000, 0x000000070b600000|100%| O|  |TAMS 0x000000070b400000| PB 0x000000070b400000| Untracked |  0
|   3|0x000000070b600000, 0x000000070b7fff68, 0x000000070b800000| 99%| O|  |TAMS 0x000000070b600000| PB 0x000000070b600000| Untracked |  0
|   4|0x000000070b800000, 0x000000070ba00000, 0x000000070ba00000|100%| O|  |TAMS 0x000000070b800000| PB 0x000000070b800000| Untracked |  0
|   5|0x000000070ba00000, 0x000000070bbfffb8, 0x000000070bc00000| 99%| O|  |TAMS 0x000000070ba00000| PB 0x000000070ba00000| Untracked |  0
|   6|0x000000070bc00000, 0x000000070be00000, 0x000000070be00000|100%| O|  |TAMS 0x000000070bc00000| PB 0x000000070bc00000| Untracked |  0
|   7|0x000000070be00000, 0x000000070c000000, 0x000000070c000000|100%| O|  |TAMS 0x000000070be00000| PB 0x000000070be00000| Untracked |  0
|   8|0x000000070c000000, 0x000000070c1fffb8, 0x000000070c200000| 99%| O|  |TAMS 0x000000070c000000| PB 0x000000070c000000| Untracked |  0
|   9|0x000000070c200000, 0x000000070c3ffff0, 0x000000070c400000| 99%| O|  |TAMS 0x000000070c200000| PB 0x000000070c200000| Untracked |  0
|  10|0x000000070c400000, 0x000000070c5ffff8, 0x000000070c600000| 99%| O|  |TAMS 0x000000070c400000| PB 0x000000070c400000| Untracked |  0
|  11|0x000000070c600000, 0x000000070c7f5080, 0x000000070c800000| 97%| O|  |TAMS 0x000000070c600000| PB 0x000000070c600000| Untracked |  0
|  12|0x000000070c800000, 0x000000070c9fdf60, 0x000000070ca00000| 99%| O|  |TAMS 0x000000070c800000| PB 0x000000070c800000| Untracked |  0
|  13|0x000000070ca00000, 0x000000070cbffff0, 0x000000070cc00000| 99%| O|  |TAMS 0x000000070ca00000| PB 0x000000070ca00000| Untracked |  0
|  14|0x000000070cc00000, 0x000000070cdfffe8, 0x000000070ce00000| 99%| O|  |TAMS 0x000000070cc00000| PB 0x000000070cc00000| Untracked |  0
|  15|0x000000070ce00000, 0x000000070cffffe8, 0x000000070d000000| 99%| O|  |TAMS 0x000000070ce00000| PB 0x000000070ce00000| Untracked |  0
|  16|0x000000070d000000, 0x000000070d200000, 0x000000070d200000|100%| O|  |TAMS 0x000000070d000000| PB 0x000000070d000000| Untracked |  0
|  17|0x000000070d200000, 0x000000070d400000, 0x000000070d400000|100%| O|  |TAMS 0x000000070d200000| PB 0x000000070d200000| Untracked |  0
|  18|0x000000070d400000, 0x000000070d5fffe0, 0x000000070d600000| 99%| O|  |TAMS 0x000000070d400000| PB 0x000000070d400000| Untracked |  0
|  19|0x000000070d600000, 0x000000070d689be0, 0x000000070d800000| 26%| O|  |TAMS 0x000000070d600000| PB 0x000000070d600000| Untracked |  0
|  20|0x000000070d800000, 0x000000070d8971a0, 0x000000070da00000| 29%| O|  |TAMS 0x000000070d800000| PB 0x000000070d800000| Untracked |  0
|  21|0x000000070da00000, 0x000000070dbffff0, 0x000000070dc00000| 99%| O|  |TAMS 0x000000070da00000| PB 0x000000070da00000| Untracked |  0
|  22|0x000000070dc00000, 0x000000070dc2f5e8, 0x000000070de00000|  9%| O|Cm|TAMS 0x000000070dc00000| PB 0x000000070dc00000| Complete |  0
|  23|0x000000070de00000, 0x000000070e000000, 0x000000070e000000|100%|HS|  |TAMS 0x000000070de00000| PB 0x000000070de00000| Complete |  0
|  24|0x000000070e000000, 0x000000070e200000, 0x000000070e200000|100%|HC|  |TAMS 0x000000070e000000| PB 0x000000070e000000| Complete |  0
|  25|0x000000070e200000, 0x000000070e20c100, 0x000000070e400000|  2%| O|Cm|TAMS 0x000000070e200000| PB 0x000000070e200000| Complete |  0
|  26|0x000000070e400000, 0x000000070e600000, 0x000000070e600000|100%|HS|  |TAMS 0x000000070e400000| PB 0x000000070e400000| Complete |  0
|  27|0x000000070e600000, 0x000000070e800000, 0x000000070e800000|100%|HC|  |TAMS 0x000000070e600000| PB 0x000000070e600000| Complete |  0
|  28|0x000000070e800000, 0x000000070ea00000, 0x000000070ea00000|100%|HS|  |TAMS 0x000000070e800000| PB 0x000000070e800000| Complete |  0
|  29|0x000000070ea00000, 0x000000070ec00000, 0x000000070ec00000|100%|HC|  |TAMS 0x000000070ea00000| PB 0x000000070ea00000| Complete |  0
|  30|0x000000070ec00000, 0x000000070eddd328, 0x000000070ee00000| 93%| S|CS|TAMS 0x000000070ec00000| PB 0x000000070ec00000| Complete |  0
|  91|0x0000000716600000, 0x0000000716800000, 0x0000000716800000|100%| O|  |TAMS 0x0000000716600000| PB 0x0000000716600000| Untracked |  0
|  92|0x0000000716800000, 0x0000000716a00000, 0x0000000716a00000|100%|HS|  |TAMS 0x0000000716800000| PB 0x0000000716800000| Complete |  0
|  93|0x0000000716a00000, 0x0000000716c00000, 0x0000000716c00000|100%|HC|  |TAMS 0x0000000716a00000| PB 0x0000000716a00000| Complete |  0
|  94|0x0000000716c00000, 0x0000000716c00000, 0x0000000716e00000|  0%| F|  |TAMS 0x0000000716c00000| PB 0x0000000716c00000| Untracked |  0
|  95|0x0000000716e00000, 0x0000000716e00000, 0x0000000717000000|  0%| F|  |TAMS 0x0000000716e00000| PB 0x0000000716e00000| Untracked |  0
| 122|0x000000071a400000, 0x000000071a524c48, 0x000000071a600000| 57%| E|  |TAMS 0x000000071a400000| PB 0x000000071a400000| Complete |  0
|1951|0x00000007fee00000, 0x00000007feec1260, 0x00000007ff000000| 37%| O|  |TAMS 0x00000007fee00000| PB 0x00000007fee00000| Untracked |  0
|1952|0x00000007ff000000, 0x00000007ff200000, 0x00000007ff200000|100%| E|CS|TAMS 0x00000007ff000000| PB 0x00000007ff000000| Complete |  0
|1953|0x00000007ff200000, 0x00000007ff400000, 0x00000007ff400000|100%| E|CS|TAMS 0x00000007ff200000| PB 0x00000007ff200000| Complete |  0
|1954|0x00000007ff400000, 0x00000007ff600000, 0x00000007ff600000|100%| E|CS|TAMS 0x00000007ff400000| PB 0x00000007ff400000| Complete |  0
|1955|0x00000007ff600000, 0x00000007ff800000, 0x00000007ff800000|100%| E|CS|TAMS 0x00000007ff600000| PB 0x00000007ff600000| Complete |  0
|1956|0x00000007ff800000, 0x00000007ffa00000, 0x00000007ffa00000|100%| E|CS|TAMS 0x00000007ff800000| PB 0x00000007ff800000| Complete |  0
|1957|0x00000007ffa00000, 0x00000007ffc00000, 0x00000007ffc00000|100%| E|CS|TAMS 0x00000007ffa00000| PB 0x00000007ffa00000| Complete |  0
|1958|0x00000007ffc00000, 0x00000007ffe00000, 0x00000007ffe00000|100%| E|CS|TAMS 0x00000007ffc00000| PB 0x00000007ffc00000| Complete |  0
|1959|0x00000007ffe00000, 0x0000000800000000, 0x0000000800000000|100%| E|CS|TAMS 0x00000007ffe00000| PB 0x00000007ffe00000| Complete |  0

Card table byte_map: [0x00007e2345fd0000,0x00007e2346778000] _byte_map_base: 0x00007e2342778000

Marking Bits: (CMBitMap*) 0x00007e23400962c0
 Bits: [0x00007e23248c0000, 0x00007e2328600000)

Polling page: 0x00007e23494f8000

Metaspace:

Usage:
  Non-class:     39.52 MB used.
      Class:      4.48 MB used.
       Both:     44.00 MB used.

Virtual space:
  Non-class space:       64.00 MB reserved,      39.94 MB ( 62%) committed,  1 nodes.
      Class space:        1.00 GB reserved,       4.75 MB ( <1%) committed,  1 nodes.
             Both:        1.06 GB reserved,      44.69 MB (  4%) committed. 

Chunk freelists:
   Non-Class:  8.04 MB
       Class:  11.14 MB
        Both:  19.17 MB

MaxMetaspaceSize: unlimited
CompressedClassSpaceSize: 1.00 GB
Initial GC threshold: 21.00 MB
Current GC threshold: 74.31 MB
CDS: on
 - commit_granule_bytes: 65536.
 - commit_granule_words: 8192.
 - virtual_space_node_default_size: 8388608.
 - enlarge_chunks_in_place: 1.
UseCompressedClassPointers 1, UseCompactObjectHeaders 0
Narrow klass pointer bits 32, Max shift 3
Narrow klass base: 0x00007e22c6000000, Narrow klass shift: 0
Encoding Range: [0x00007e22c6000000 - 0x00007e23c6000000), (4294967296 bytes)
Klass Range:    [0x00007e22c6000000 - 0x00007e2307000000), (1090519040 bytes)
Klass ID Range:  [8 - 1090519033) (1090519025)


Internal statistics:

num_allocs_failed_limit: 6.
num_arena_births: 870.
num_arena_deaths: 0.
num_vsnodes_births: 2.
num_vsnodes_deaths: 0.
num_space_committed: 715.
num_space_uncommitted: 0.
num_chunks_returned_to_freelist: 6.
num_chunks_taken_from_freelist: 2413.
num_chunk_merges: 6.
num_chunk_splits: 1554.
num_chunks_enlarged: 1100.
num_inconsistent_stats: 0.

CodeHeap 'non-profiled nmethods': size=120032Kb used=4511Kb max_used=4840Kb free=115520Kb
 bounds [0x00007e23300c8000, 0x00007e2330598000, 0x00007e2337600000]
CodeHeap 'profiled nmethods': size=120028Kb used=6889Kb max_used=9615Kb free=113138Kb
 bounds [0x00007e2328600000, 0x00007e2328f70000, 0x00007e232fb37000]
CodeHeap 'non-nmethods': size=5700Kb used=1640Kb max_used=1722Kb free=4059Kb
 bounds [0x00007e232fb37000, 0x00007e232fda7000, 0x00007e23300c8000]
CodeCache: size=245760Kb, used=13040Kb, max_used=16177Kb, free=232717Kb
 total_blobs=5648, nmethods=4934, adapters=620, full_count=0
Compilation: enabled, stopped_count=0, restarted_count=0

Compilation events (20 events):
Event: 779.265 Thread 0x00007e2340177140 nmethod 18318 0x00007e233039c808 code [0x00007e233039c940, 0x00007e233039cae8]
Event: 779.265 Thread 0x00007e2340177140 18320       4       java.lang.invoke.LambdaForm::forceInterpretation (14 bytes)
Event: 779.265 Thread 0x00007e2340178920 nmethod 18316 0x00007e2328d21e08 code [0x00007e2328d221e0, 0x00007e2328d24718]
Event: 779.265 Thread 0x00007e2340178920 18321       1       java.lang.invoke.MethodType::form (5 bytes)
Event: 779.265 Thread 0x00007e2340178920 nmethod 18321 0x00007e233054a608 code [0x00007e233054a700, 0x00007e233054a7c0]
Event: 779.265 Thread 0x00007e2340178920 18313       1       org.springframework.http.server.DefaultPathContainer::elements (5 bytes)
Event: 779.265 Thread 0x00007e2340178920 nmethod 18313 0x00007e2330564588 code [0x00007e2330564680, 0x00007e2330564740]
Event: 779.265 Thread 0x00007e2340177140 nmethod 18320 0x00007e23304d5808 code [0x00007e23304d5900, 0x00007e23304d5998]
Event: 779.265 Thread 0x00007e2340178920 18323       1       java.awt.image.Raster::getSampleModel (5 bytes)
Event: 779.265 Thread 0x00007e2340178920 nmethod 18323 0x00007e2330176588 code [0x00007e2330176680, 0x00007e2330176740]
Event: 779.296 Thread 0x00007e2340177140 18324       4       java.lang.invoke.VarHandleGuards::guard_LII_V (135 bytes)
Event: 779.297 Thread 0x00007e2340178920 18325       3       jdk.internal.misc.Blocker::end (16 bytes)
Event: 779.297 Thread 0x00007e2340178920 nmethod 18325 0x00007e2328646588 code [0x00007e23286466c0, 0x00007e23286469f8]
Event: 779.299 Thread 0x00007e2340177140 nmethod 18324 0x00007e2330436c08 code [0x00007e2330436d60, 0x00007e23304370f0]
Event: 779.304 Thread 0x00007e2340177140 18326       4       java.util.Locale::getDefault (4 bytes)
Event: 779.304 Thread 0x00007e2340177140 nmethod 18326 0x00007e2330183c08 code [0x00007e2330183d00, 0x00007e2330183d80]
Event: 779.312 Thread 0x00007e2340178920 18327       3       io.micrometer.core.instrument.distribution.DistributionStatisticConfig::builder (8 bytes)
Event: 779.312 Thread 0x00007e2340178920 nmethod 18327 0x00007e2328758b08 code [0x00007e2328758c40, 0x00007e2328758fc0]
Event: 779.312 Thread 0x00007e2340178920 18328       3       io.micrometer.core.instrument.distribution.DistributionStatisticConfig$Builder::expiry (11 bytes)
Event: 779.312 Thread 0x00007e2340178920 nmethod 18328 0x00007e2328704188 code [0x00007e23287042a0, 0x00007e2328704468]

GC Heap History (20 events):
Event: 543.529 GC heap before
{Heap before GC invocations=115 (full 8):
 garbage-first heap   total reserved 4014080K, committed 83968K, used 73800K [0x000000070b000000, 0x0000000800000000)
  region size 2048K, 18 young (36864K), 0 survivors (0K)
 Metaspace       used 43740K, committed 44416K, reserved 1114112K
  class space    used 4491K, committed 4800K, reserved 1048576K
}
Event: 543.531 GC heap after
{Heap after GC invocations=116 (full 8):
 garbage-first heap   total reserved 4014080K, committed 83968K, used 41302K [0x000000070b000000, 0x0000000800000000)
  region size 2048K, 3 young (6144K), 3 survivors (6144K)
 Metaspace       used 43740K, committed 44416K, reserved 1114112K
  class space    used 4491K, committed 4800K, reserved 1048576K
}
Event: 546.484 GC heap before
{Heap before GC invocations=117 (full 8):
 garbage-first heap   total reserved 4014080K, committed 83968K, used 69974K [0x000000070b000000, 0x0000000800000000)
  region size 2048K, 15 young (30720K), 3 survivors (6144K)
 Metaspace       used 43754K, committed 44480K, reserved 1114112K
  class space    used 4491K, committed 4800K, reserved 1048576K
}
Event: 546.485 GC heap after
{Heap after GC invocations=118 (full 8):
 garbage-first heap   total reserved 4014080K, committed 83968K, used 45089K [0x000000070b000000, 0x0000000800000000)
  region size 2048K, 1 young (2048K), 1 survivors (2048K)
 Metaspace       used 43754K, committed 44480K, reserved 1114112K
  class space    used 4491K, committed 4800K, reserved 1048576K
}
Event: 549.184 GC heap before
{Heap before GC invocations=118 (full 8):
 garbage-first heap   total reserved 4014080K, committed 83968K, used 77857K [0x000000070b000000, 0x0000000800000000)
  region size 2048K, 13 young (26624K), 1 survivors (2048K)
 Metaspace       used 43757K, committed 44480K, reserved 1114112K
  class space    used 4492K, committed 4800K, reserved 1048576K
}
Event: 549.186 GC heap after
{Heap after GC invocations=119 (full 8):
 garbage-first heap   total reserved 4014080K, committed 86016K, used 41076K [0x000000070b000000, 0x0000000800000000)
  region size 2048K, 1 young (2048K), 1 survivors (2048K)
 Metaspace       used 43757K, committed 44480K, reserved 1114112K
  class space    used 4492K, committed 4800K, reserved 1048576K
}
Event: 559.168 GC heap before
{Heap before GC invocations=119 (full 8):
 garbage-first heap   total reserved 4014080K, committed 86016K, used 73844K [0x000000070b000000, 0x0000000800000000)
  region size 2048K, 17 young (34816K), 1 survivors (2048K)
 Metaspace       used 43757K, committed 44480K, reserved 1114112K
  class space    used 4492K, committed 4800K, reserved 1048576K
}
Event: 559.170 GC heap after
{Heap after GC invocations=120 (full 8):
 garbage-first heap   total reserved 4014080K, committed 86016K, used 41290K [0x000000070b000000, 0x0000000800000000)
  region size 2048K, 1 young (2048K), 1 survivors (2048K)
 Metaspace       used 43757K, committed 44480K, reserved 1114112K
  class space    used 4492K, committed 4800K, reserved 1048576K
}
Event: 666.065 GC heap before
{Heap before GC invocations=121 (full 8):
 garbage-first heap   total reserved 4014080K, committed 86016K, used 53578K [0x000000070b000000, 0x0000000800000000)
  region size 2048K, 8 young (16384K), 1 survivors (2048K)
 Metaspace       used 43766K, committed 44480K, reserved 1114112K
  class space    used 4492K, committed 4800K, reserved 1048576K
}
Event: 666.095 GC heap after
{Heap after GC invocations=122 (full 9):
 garbage-first heap   total reserved 4014080K, committed 86016K, used 39578K [0x000000070b000000, 0x0000000800000000)
  region size 2048K, 0 young (0K), 0 survivors (0K)
 Metaspace       used 43766K, committed 44480K, reserved 1114112K
  class space    used 4492K, committed 4800K, reserved 1048576K
}
Event: 666.272 GC heap before
{Heap before GC invocations=122 (full 9):
 garbage-first heap   total reserved 4014080K, committed 86016K, used 74394K [0x000000070b000000, 0x0000000800000000)
  region size 2048K, 17 young (34816K), 0 survivors (0K)
 Metaspace       used 43823K, committed 44480K, reserved 1114112K
  class space    used 4493K, committed 4800K, reserved 1048576K
}
Event: 666.274 GC heap after
{Heap after GC invocations=123 (full 9):
 garbage-first heap   total reserved 4014080K, committed 86016K, used 43674K [0x000000070b000000, 0x0000000800000000)
  region size 2048K, 2 young (4096K), 2 survivors (4096K)
 Metaspace       used 43823K, committed 44480K, reserved 1114112K
  class space    used 4493K, committed 4800K, reserved 1048576K
}
Event: 668.033 GC heap before
{Heap before GC invocations=124 (full 9):
 garbage-first heap   total reserved 4014080K, committed 86016K, used 78490K [0x000000070b000000, 0x0000000800000000)
  region size 2048K, 15 young (30720K), 2 survivors (4096K)
 Metaspace       used 44969K, committed 45632K, reserved 1114112K
  class space    used 4583K, committed 4864K, reserved 1048576K
}
Event: 668.035 GC heap after
{Heap after GC invocations=125 (full 9):
 garbage-first heap   total reserved 4014080K, committed 90112K, used 52474K [0x000000070b000000, 0x0000000800000000)
  region size 2048K, 1 young (2048K), 1 survivors (2048K)
 Metaspace       used 44969K, committed 45632K, reserved 1114112K
  class space    used 4583K, committed 4864K, reserved 1048576K
}
Event: 776.815 GC heap before
{Heap before GC invocations=125 (full 9):
 garbage-first heap   total reserved 4014080K, committed 90112K, used 77050K [0x000000070b000000, 0x0000000800000000)
  region size 2048K, 10 young (20480K), 1 survivors (2048K)
 Metaspace       used 44983K, committed 45632K, reserved 1114112K
  class space    used 4584K, committed 4864K, reserved 1048576K
}
Event: 776.849 GC heap after
{Heap after GC invocations=126 (full 10):
 garbage-first heap   total reserved 4014080K, committed 90112K, used 42296K [0x000000070b000000, 0x0000000800000000)
  region size 2048K, 0 young (0K), 0 survivors (0K)
 Metaspace       used 44983K, committed 45632K, reserved 1114112K
  class space    used 4584K, committed 4864K, reserved 1048576K
}
Event: 776.995 GC heap before
{Heap before GC invocations=126 (full 10):
 garbage-first heap   total reserved 4014080K, committed 90112K, used 75064K [0x000000070b000000, 0x0000000800000000)
  region size 2048K, 16 young (32768K), 0 survivors (0K)
 Metaspace       used 45031K, committed 45696K, reserved 1114112K
  class space    used 4585K, committed 4864K, reserved 1048576K
}
Event: 776.997 GC heap after
{Heap after GC invocations=127 (full 10):
 garbage-first heap   total reserved 4014080K, committed 90112K, used 46053K [0x000000070b000000, 0x0000000800000000)
  region size 2048K, 2 young (4096K), 2 survivors (4096K)
 Metaspace       used 45031K, committed 45696K, reserved 1114112K
  class space    used 4585K, committed 4864K, reserved 1048576K
}
Event: 779.308 GC heap before
{Heap before GC invocations=128 (full 10):
 garbage-first heap   total reserved 4014080K, committed 90112K, used 78821K [0x000000070b000000, 0x0000000800000000)
  region size 2048K, 15 young (30720K), 2 survivors (4096K)
 Metaspace       used 45056K, committed 45760K, reserved 1114112K
  class space    used 4585K, committed 4864K, reserved 1048576K
}
Event: 779.311 GC heap after
{Heap after GC invocations=129 (full 10):
 garbage-first heap   total reserved 4014080K, committed 94208K, used 55218K [0x000000070b000000, 0x0000000800000000)
  region size 2048K, 1 young (2048K), 1 survivors (2048K)
 Metaspace       used 45056K, committed 45760K, reserved 1114112K
  class space    used 4585K, committed 4864K, reserved 1048576K
}

Dll operation events (14 events):
Event: 0.001 Loaded shared library /usr/lib/jvm/jdk-24.0.2-oracle-x64/lib/libjava.so
Event: 0.015 Loaded shared library /usr/lib/jvm/jdk-24.0.2-oracle-x64/lib/libsimdsort.so
Event: 0.015 Loaded shared library /usr/lib/jvm/jdk-24.0.2-oracle-x64/lib/libjsvml.so
Event: 0.042 Loaded shared library /usr/lib/jvm/jdk-24.0.2-oracle-x64/lib/libnio.so
Event: 0.043 Loaded shared library /usr/lib/jvm/jdk-24.0.2-oracle-x64/lib/libjimage.so
Event: 0.045 Loaded shared library /usr/lib/jvm/jdk-24.0.2-oracle-x64/lib/libzip.so
Event: 0.068 Loaded shared library /usr/lib/jvm/jdk-24.0.2-oracle-x64/lib/libmanagement.so
Event: 0.071 Loaded shared library /usr/lib/jvm/jdk-24.0.2-oracle-x64/lib/libmanagement_ext.so
Event: 0.093 Loaded shared library /usr/lib/jvm/jdk-24.0.2-oracle-x64/lib/libnet.so
Event: 0.222 Loaded shared library /usr/lib/jvm/jdk-24.0.2-oracle-x64/lib/libextnet.so
Event: 7.433 Loaded shared library /usr/lib/jvm/jdk-24.0.2-oracle-x64/lib/libawt.so
Event: 7.434 Loaded shared library /usr/lib/jvm/jdk-24.0.2-oracle-x64/lib/libawt_headless.so
Event: 7.456 Loaded shared library /usr/lib/jvm/jdk-24.0.2-oracle-x64/lib/libjavajpeg.so
Event: 7.468 Loaded shared library /home/spartanluck/.cache/JNA/temp/jna1172214598945714504.tmp

Deoptimization events (20 events):
Event: 776.868 Thread 0x00007e228c477e40 DEOPT PACKING pc=0x00007e232878fb97 sp=0x00007e2307efd560
Event: 776.868 Thread 0x00007e228c477e40 DEOPT UNPACKING pc=0x00007e232fb8c30f sp=0x00007e2307efc9f8 mode 0
Event: 776.940 Thread 0x00007e228c477e40 Uncommon trap: trap_request=0xffffffbe fr.pc=0x00007e2330298790 relative=0x0000000000000ef0
Event: 776.940 Thread 0x00007e228c477e40 Uncommon trap: reason=profile_predicate action=maybe_recompile pc=0x00007e2330298790 method=org.springframework.util.ReflectionUtils.doWithLocalFields(Ljava/lang/Class;Lorg/springframework/util/ReflectionUtils$FieldCallback;)V @ 14 c2
Event: 776.940 Thread 0x00007e228c477e40 DEOPT PACKING pc=0x00007e2330298790 sp=0x00007e2307efd840
Event: 776.940 Thread 0x00007e228c477e40 DEOPT UNPACKING pc=0x00007e232fc52679 sp=0x00007e2307efd800 mode 2
Event: 776.940 Thread 0x00007e228c477e40 Uncommon trap: trap_request=0xffffffbe fr.pc=0x00007e2330298790 relative=0x0000000000000ef0
Event: 776.940 Thread 0x00007e228c477e40 Uncommon trap: reason=profile_predicate action=maybe_recompile pc=0x00007e2330298790 method=org.springframework.util.ReflectionUtils.doWithLocalFields(Ljava/lang/Class;Lorg/springframework/util/ReflectionUtils$FieldCallback;)V @ 14 c2
Event: 776.940 Thread 0x00007e228c477e40 DEOPT PACKING pc=0x00007e2330298790 sp=0x00007e2307efd840
Event: 776.940 Thread 0x00007e228c477e40 DEOPT UNPACKING pc=0x00007e232fc52679 sp=0x00007e2307efd800 mode 2
Event: 776.940 Thread 0x00007e228c477e40 Uncommon trap: trap_request=0xffffffbe fr.pc=0x00007e2330298790 relative=0x0000000000000ef0
Event: 776.940 Thread 0x00007e228c477e40 Uncommon trap: reason=profile_predicate action=maybe_recompile pc=0x00007e2330298790 method=org.springframework.util.ReflectionUtils.doWithLocalFields(Ljava/lang/Class;Lorg/springframework/util/ReflectionUtils$FieldCallback;)V @ 14 c2
Event: 776.940 Thread 0x00007e228c477e40 DEOPT PACKING pc=0x00007e2330298790 sp=0x00007e2307efd840
Event: 776.940 Thread 0x00007e228c477e40 DEOPT UNPACKING pc=0x00007e232fc52679 sp=0x00007e2307efd800 mode 2
Event: 776.940 Thread 0x00007e228c477e40 Uncommon trap: trap_request=0xffffffbe fr.pc=0x00007e2330298790 relative=0x0000000000000ef0
Event: 776.940 Thread 0x00007e228c477e40 Uncommon trap: reason=profile_predicate action=maybe_recompile pc=0x00007e2330298790 method=org.springframework.util.ReflectionUtils.doWithLocalFields(Ljava/lang/Class;Lorg/springframework/util/ReflectionUtils$FieldCallback;)V @ 14 c2
Event: 776.940 Thread 0x00007e228c477e40 DEOPT PACKING pc=0x00007e2330298790 sp=0x00007e2307efd840
Event: 776.940 Thread 0x00007e228c477e40 DEOPT UNPACKING pc=0x00007e232fc52679 sp=0x00007e2307efd800 mode 2
Event: 776.951 Thread 0x00007e228c477e40 DEOPT PACKING pc=0x00007e23287e12ce sp=0x00007e2307efd980
Event: 776.951 Thread 0x00007e228c477e40 DEOPT UNPACKING pc=0x00007e232fb8c30f sp=0x00007e2307efce38 mode 0

Classes loaded (20 events):
Event: 667.956 Loading class com/sun/imageio/plugins/jpeg/JPEGImageWriter
Event: 667.956 Loading class com/sun/imageio/plugins/jpeg/JPEGImageWriter done
Event: 667.956 Loading class java/awt/Dimension
Event: 667.956 Loading class java/awt/geom/Dimension2D
Event: 667.956 Loading class java/awt/geom/Dimension2D done
Event: 667.956 Loading class java/awt/Dimension done
Event: 667.956 Loading class com/sun/imageio/plugins/jpeg/JPEGImageWriter$CallBackLock
Event: 667.956 Loading class com/sun/imageio/plugins/jpeg/JPEGImageWriter$CallBackLock done
Event: 667.956 Loading class com/sun/imageio/plugins/jpeg/JPEGImageWriter$CallBackLock$State
Event: 667.956 Loading class com/sun/imageio/plugins/jpeg/JPEGImageWriter$CallBackLock$State done
Event: 667.956 Loading class com/sun/imageio/plugins/jpeg/JPEGImageWriter$JPEGWriterDisposerRecord
Event: 667.956 Loading class com/sun/imageio/plugins/jpeg/JPEGImageWriter$JPEGWriterDisposerRecord done
Event: 667.956 Loading class javax/imageio/stream/FileImageOutputStream
Event: 667.956 Loading class javax/imageio/stream/ImageOutputStreamImpl
Event: 667.956 Loading class javax/imageio/stream/ImageOutputStreamImpl done
Event: 667.956 Loading class javax/imageio/stream/FileImageOutputStream done
Event: 667.957 Loading class com/sun/imageio/plugins/common/ImageUtil
Event: 667.957 Loading class com/sun/imageio/plugins/common/ImageUtil done
Event: 667.957 Loading class com/sun/imageio/plugins/jpeg/DRIMarkerSegment
Event: 667.957 Loading class com/sun/imageio/plugins/jpeg/DRIMarkerSegment done

Classes unloaded (0 events):
No events

Classes redefined (0 events):
No events

Internal exceptions (20 events):
Event: 559.203 Thread 0x00007e2290001370 Exception <a 'java/lang/ClassNotFoundException'{0x00000007ff41a290}: org/springframework/boot/actuate/endpoint/jmx/DataEndpointMBean> (0x00000007ff41a290) 
thrown [open/src/hotspot/share/classfile/systemDictionary.cpp, line 327]
Event: 559.203 Thread 0x00007e2290001370 Exception <a 'java/lang/ClassNotFoundException'{0x00000007ff41a660}: org/springframework/context/support/LiveBeansView> (0x00000007ff41a660) 
thrown [open/src/hotspot/share/classfile/systemDictionary.cpp, line 327]
Event: 559.203 Thread 0x00007e2290001370 Exception <a 'java/lang/ClassNotFoundException'{0x00000007ff41aa20}: org/springframework/boot/actuate/endpoint/jmx/EndpointMBean> (0x00000007ff41aa20) 
thrown [open/src/hotspot/share/classfile/systemDictionary.cpp, line 327]
Event: 559.203 Thread 0x00007e2290001370 Exception <a 'java/lang/ClassNotFoundException'{0x00000007ff41ade0}: org/springframework/boot/actuate/endpoint/jmx/DataEndpointMBean> (0x00000007ff41ade0) 
thrown [open/src/hotspot/share/classfile/systemDictionary.cpp, line 327]
Event: 559.203 Thread 0x00007e2290001370 Exception <a 'java/lang/ClassNotFoundException'{0x00000007ff41b198}: org/springframework/context/support/LiveBeansView> (0x00000007ff41b198) 
thrown [open/src/hotspot/share/classfile/systemDictionary.cpp, line 327]
Event: 559.203 Thread 0x00007e2290001370 Exception <a 'java/lang/ClassNotFoundException'{0x00000007ff41b558}: org/springframework/boot/actuate/endpoint/jmx/EndpointMBean> (0x00000007ff41b558) 
thrown [open/src/hotspot/share/classfile/systemDictionary.cpp, line 327]
Event: 559.203 Thread 0x00007e2290001370 Exception <a 'java/lang/ClassNotFoundException'{0x00000007ff41b918}: org/springframework/boot/actuate/endpoint/jmx/DataEndpointMBean> (0x00000007ff41b918) 
thrown [open/src/hotspot/share/classfile/systemDictionary.cpp, line 327]
Event: 559.203 Thread 0x00007e2290001370 Exception <a 'java/lang/ClassNotFoundException'{0x00000007ff41bcd0}: org/springframework/context/support/LiveBeansView> (0x00000007ff41bcd0) 
thrown [open/src/hotspot/share/classfile/systemDictionary.cpp, line 327]
Event: 666.064 Thread 0x00007e21f4e12000 Exception <a 'java/lang/InterruptedException'{0x00000007ff448e10}: sleep interrupted> (0x00000007ff448e10) 
thrown [open/src/hotspot/share/prims/jvm.cpp, line 2955]
Event: 666.099 Thread 0x00007e2274017700 Exception <a 'sun/nio/fs/UnixException'{0x00000007ffe51220}> (0x00000007ffe51220) 
thrown [open/src/hotspot/share/prims/jni.cpp, line 518]
Event: 666.212 Thread 0x00007e2274017700 Exception <a 'java/lang/NoClassDefFoundError'{0x0000000716706eb8}: org/flywaydb/core/Flyway> (0x0000000716706eb8) 
thrown [open/src/hotspot/share/oops/constantPool.cpp, line 1048]
Event: 666.212 Thread 0x00007e2274017700 Exception <a 'java/lang/NoClassDefFoundError'{0x0000000716707518}: liquibase/integration/spring/SpringLiquibase> (0x0000000716707518) 
thrown [open/src/hotspot/share/oops/constantPool.cpp, line 1048]
Event: 666.227 Thread 0x00007e2274017700 Exception <a 'java/io/FileNotFoundException'{0x000000070e639538}> (0x000000070e639538) 
thrown [open/src/hotspot/share/prims/jni.cpp, line 518]
Event: 666.240 Thread 0x00007e2274017700 Exception <a 'java/io/FileNotFoundException'{0x000000070e42fbf0}> (0x000000070e42fbf0) 
thrown [open/src/hotspot/share/prims/jni.cpp, line 518]
Event: 776.815 Thread 0x00007e22200f1da0 Exception <a 'java/lang/InterruptedException'{0x000000071a5b1678}: sleep interrupted> (0x000000071a5b1678) 
thrown [open/src/hotspot/share/prims/jvm.cpp, line 2955]
Event: 776.854 Thread 0x00007e228c477e40 Exception <a 'sun/nio/fs/UnixException'{0x00000007ffe597b8}> (0x00000007ffe597b8) 
thrown [open/src/hotspot/share/prims/jni.cpp, line 518]
Event: 776.939 Thread 0x00007e228c477e40 Exception <a 'java/lang/NoClassDefFoundError'{0x00000007168ffb48}: org/flywaydb/core/Flyway> (0x00000007168ffb48) 
thrown [open/src/hotspot/share/oops/constantPool.cpp, line 1048]
Event: 776.939 Thread 0x00007e228c477e40 Exception <a 'java/lang/NoClassDefFoundError'{0x00000007169001a8}: liquibase/integration/spring/SpringLiquibase> (0x00000007169001a8) 
thrown [open/src/hotspot/share/oops/constantPool.cpp, line 1048]
Event: 776.953 Thread 0x00007e228c477e40 Exception <a 'java/io/FileNotFoundException'{0x000000070ea33158}> (0x000000070ea33158) 
thrown [open/src/hotspot/share/prims/jni.cpp, line 518]
Event: 776.973 Thread 0x00007e228c477e40 Exception <a 'java/io/FileNotFoundException'{0x000000070e829e40}> (0x000000070e829e40) 
thrown [open/src/hotspot/share/prims/jni.cpp, line 518]

VM Operations (20 events):
Event: 667.903 Executing VM operation: HandshakeAllThreads (Deoptimize)
Event: 667.903 Executing VM operation: HandshakeAllThreads (Deoptimize) done
Event: 667.957 Executing VM operation: HandshakeAllThreads (Deoptimize)
Event: 667.957 Executing VM operation: HandshakeAllThreads (Deoptimize) done
Event: 668.033 Executing VM operation: G1CollectForAllocation (G1 Evacuation Pause)
Event: 668.035 Executing VM operation: G1CollectForAllocation (G1 Evacuation Pause) done
Event: 720.516 Executing VM operation: HandshakeAllThreads (HandshakeForDeflation)
Event: 720.516 Executing VM operation: HandshakeAllThreads (HandshakeForDeflation) done
Event: 720.516 Executing VM operation: RendezvousGCThreads
Event: 720.516 Executing VM operation: RendezvousGCThreads done
Event: 776.815 Executing VM operation: G1CollectFull (System.gc())
Event: 776.849 Executing VM operation: G1CollectFull (System.gc()) done
Event: 776.995 Executing VM operation: G1CollectForAllocation (G1 Evacuation Pause)
Event: 776.997 Executing VM operation: G1CollectForAllocation (G1 Evacuation Pause) done
Event: 777.025 Executing VM operation: G1PauseRemark
Event: 777.027 Executing VM operation: G1PauseRemark done
Event: 777.037 Executing VM operation: G1PauseCleanup
Event: 777.037 Executing VM operation: G1PauseCleanup done
Event: 779.308 Executing VM operation: G1CollectForAllocation (G1 Evacuation Pause)
Event: 779.311 Executing VM operation: G1CollectForAllocation (G1 Evacuation Pause) done

Memory protections (20 events):
Event: 776.814 Protecting memory [0x00007e2315d00000,0x00007e2315d04000] with protection modes 0
Event: 776.850 Protecting memory [0x00007e2307e00000,0x00007e2307e04000] with protection modes 0
Event: 776.850 Protecting memory [0x00007e2307e00000,0x00007e2307e04000] with protection modes 0
Event: 776.871 Protecting memory [0x00007e23151fb000,0x00007e23151ff000] with protection modes 0
Event: 776.974 Protecting memory [0x00007e23151fb000,0x00007e23151ff000] with protection modes 0
Event: 776.974 Protecting memory [0x00007e23146f5000,0x00007e23146f9000] with protection modes 0
Event: 776.975 Protecting memory [0x00007e23141f5000,0x00007e23141f9000] with protection modes 0
Event: 777.061 Protecting memory [0x00007e22c5b00000,0x00007e22c5b04000] with protection modes 0
Event: 777.069 Protecting memory [0x00007e2315a00000,0x00007e2315a04000] with protection modes 0
Event: 777.069 Protecting memory [0x00007e2307c00000,0x00007e2307c04000] with protection modes 0
Event: 777.069 Protecting memory [0x00007e23143f5000,0x00007e23143f9000] with protection modes 0
Event: 777.069 Protecting memory [0x00007e2314af5000,0x00007e2314af9000] with protection modes 0
Event: 777.069 Protecting memory [0x00007e23149f5000,0x00007e23149f9000] with protection modes 0
Event: 777.069 Protecting memory [0x00007e23152fb000,0x00007e23152ff000] with protection modes 0
Event: 777.069 Protecting memory [0x00007e23144f5000,0x00007e23144f9000] with protection modes 0
Event: 777.070 Protecting memory [0x00007e2307f00000,0x00007e2307f04000] with protection modes 0
Event: 777.070 Protecting memory [0x00007e23140f5000,0x00007e23140f9000] with protection modes 0
Event: 777.070 Protecting memory [0x00007e2307d00000,0x00007e2307d04000] with protection modes 0
Event: 777.070 Protecting memory [0x00007e2315e00000,0x00007e2315e04000] with protection modes 0
Event: 777.070 Protecting memory [0x00007e2315c00000,0x00007e2315c04000] with protection modes 0

Nmethod flushes (20 events):
Event: 777.026 Thread 0x00007e2340166c60 flushing  nmethod 0x00007e2328befe88
Event: 777.026 Thread 0x00007e2340166c60 flushing  nmethod 0x00007e2328c47088
Event: 777.026 Thread 0x00007e2340166c60 flushing  nmethod 0x00007e23300ecd88
Event: 777.026 Thread 0x00007e2340166c60 flushing  nmethod 0x00007e233011fb08
Event: 777.026 Thread 0x00007e2340166c60 flushing  nmethod 0x00007e2330120688
Event: 777.026 Thread 0x00007e2340166c60 flushing  nmethod 0x00007e2330183c08
Event: 777.026 Thread 0x00007e2340166c60 flushing  nmethod 0x00007e2330184c88
Event: 777.026 Thread 0x00007e2340166c60 flushing  nmethod 0x00007e2330206508
Event: 777.026 Thread 0x00007e2340166c60 flushing  nmethod 0x00007e2330416e88
Event: 777.026 Thread 0x00007e2340166c60 flushing  nmethod 0x00007e2328704188
Event: 777.026 Thread 0x00007e2340166c60 flushing  nmethod 0x00007e2328730288
Event: 777.026 Thread 0x00007e2340166c60 flushing  nmethod 0x00007e23287a0308
Event: 777.026 Thread 0x00007e2340166c60 flushing  nmethod 0x00007e23287a1e88
Event: 777.026 Thread 0x00007e2340166c60 flushing  nmethod 0x00007e2328859208
Event: 777.026 Thread 0x00007e2340166c60 flushing  nmethod 0x00007e23288dad08
Event: 777.026 Thread 0x00007e2340166c60 flushing  nmethod 0x00007e2328a2e408
Event: 777.026 Thread 0x00007e2340166c60 flushing  nmethod 0x00007e2328a2e788
Event: 777.026 Thread 0x00007e2340166c60 flushing  nmethod 0x00007e2328b97a08
Event: 777.026 Thread 0x00007e2340166c60 flushing  nmethod 0x00007e2328dd0708
Event: 777.026 Thread 0x00007e2340166c60 flushing  nmethod 0x00007e2328eda288

Events (20 events):
Event: 776.879 Thread 0x00007e222c008760 Thread exited: 0x00007e222c008760
Event: 776.974 Thread 0x00007e228c477e40 Thread added: 0x00007e222c007f40
Event: 776.974 Thread 0x00007e228c477e40 Thread added: 0x00007e222c002fa0
Event: 776.975 Thread 0x00007e228c477e40 Thread added: 0x00007e222c003b70
Event: 777.061 Thread 0x00007e228c477e40 Thread added: 0x00007e222c005370
Event: 777.069 Thread 0x00007e228c477e40 Thread added: 0x00007e222c0064c0
Event: 777.069 Thread 0x00007e228c477e40 Thread added: 0x00007e222c17e6f0
Event: 777.069 Thread 0x00007e228c477e40 Thread added: 0x00007e222c17eed0
Event: 777.069 Thread 0x00007e228c477e40 Thread added: 0x00007e222c17faf0
Event: 777.069 Thread 0x00007e228c477e40 Thread added: 0x00007e222c180690
Event: 777.069 Thread 0x00007e228c477e40 Thread added: 0x00007e222c181340
Event: 777.069 Thread 0x00007e228c477e40 Thread added: 0x00007e222c182100
Event: 777.070 Thread 0x00007e228c477e40 Thread added: 0x00007e222c182ec0
Event: 777.070 Thread 0x00007e228c477e40 Thread added: 0x00007e222c183c90
Event: 777.070 Thread 0x00007e228c477e40 Thread added: 0x00007e222c184e50
Event: 777.070 Thread 0x00007e228c477e40 Thread added: 0x00007e222c189030
Event: 777.070 Thread 0x00007e228c477e40 Thread added: 0x00007e222c18a360
Event: 777.077 Thread 0x00007e228c477e40 Thread exited: 0x00007e228c477e40
Event: 777.077 Thread 0x00007e220c001890 Thread exited: 0x00007e220c001890
Event: 779.258 Thread 0x00007e229cae7270 Thread exited: 0x00007e229cae7270


Dynamic libraries:
70b000000-70ee00000 rw-p 00000000 00:00 0 
70ee00000-716600000 ---p 00000000 00:00 0 
716600000-717000000 rw-p 00000000 00:00 0 
717000000-71a400000 ---p 00000000 00:00 0 
71a400000-71a600000 rw-p 00000000 00:00 0 
71a600000-7fee00000 ---p 00000000 00:00 0 
7fee00000-7ffe00000 rw-p 00000000 00:00 0 
7ffe00000-7fff1a000 rw-p 00d4f000 08:05 3168443                          /usr/lib/jvm/jdk-24.0.2-oracle-x64/lib/server/classes.jsa
7fff1a000-800000000 rw-p 00000000 00:00 0 
5c416ea53000-5c416ea54000 r-xp 00000000 08:05 3167863                    /usr/lib/jvm/jdk-24.0.2-oracle-x64/bin/java
5c416ea55000-5c416ea56000 r--p 00001000 08:05 3167863                    /usr/lib/jvm/jdk-24.0.2-oracle-x64/bin/java
5c416ea56000-5c416ea57000 rw-p 00002000 08:05 3167863                    /usr/lib/jvm/jdk-24.0.2-oracle-x64/bin/java
5c41a15e5000-5c41a162d000 rw-p 00000000 00:00 0                          [heap]
7e21ec000000-7e21ed6fa000 rw-p 00000000 00:00 0 
7e21ed6fa000-7e21f0000000 ---p 00000000 00:00 0 
7e21f0000000-7e21f0021000 rw-p 00000000 00:00 0 
7e21f0021000-7e21f4000000 ---p 00000000 00:00 0 
7e21f4000000-7e21f56fa000 rw-p 00000000 00:00 0 
7e21f56fa000-7e21f8000000 ---p 00000000 00:00 0 
7e21f91fe000-7e21f91ff000 ---p 00000000 00:00 0 
7e21f91ff000-7e21f99ff000 rw-p 00000000 00:00 0 
7e21f99ff000-7e21f9a00000 ---p 00000000 00:00 0 
7e21f9a00000-7e21fa200000 rw-p 00000000 00:00 0 
7e21fa200000-7e21fa201000 r--p 00000000 08:05 3173111                    /usr/lib/x86_64-linux-gnu/libicudata.so.70.1
7e21fa201000-7e21fa202000 r-xp 00001000 08:05 3173111                    /usr/lib/x86_64-linux-gnu/libicudata.so.70.1
7e21fa202000-7e21fbe1c000 r--p 00002000 08:05 3173111                    /usr/lib/x86_64-linux-gnu/libicudata.so.70.1
7e21fbe1c000-7e21fbe1d000 r--p 01c1b000 08:05 3173111                    /usr/lib/x86_64-linux-gnu/libicudata.so.70.1
7e21fbe1d000-7e21fbe1e000 rw-p 01c1c000 08:05 3173111                    /usr/lib/x86_64-linux-gnu/libicudata.so.70.1
7e21fc000000-7e21fd6ef000 rw-p 00000000 00:00 0 
7e21fd6ef000-7e2200000000 ---p 00000000 00:00 0 
7e2200000000-7e22016f2000 rw-p 00000000 00:00 0 
7e22016f2000-7e2204000000 ---p 00000000 00:00 0 
7e2204000000-7e2206371000 rw-p 00000000 00:00 0 
7e2206371000-7e2208000000 ---p 00000000 00:00 0 
7e2208000000-7e22093c8000 rw-p 00000000 00:00 0 
7e22093c8000-7e220c000000 ---p 00000000 00:00 0 
7e220c000000-7e220c021000 rw-p 00000000 00:00 0 
7e220c021000-7e2210000000 ---p 00000000 00:00 0 
7e2210000000-7e22116ea000 rw-p 00000000 00:00 0 
7e22116ea000-7e2214000000 ---p 00000000 00:00 0 
7e2214000000-7e2214cc6000 rw-p 00000000 00:00 0 
7e2214cc6000-7e2218000000 ---p 00000000 00:00 0 
7e2218000000-7e2218052000 rw-p 00000000 00:00 0 
7e2218052000-7e221c000000 ---p 00000000 00:00 0 
7e221c000000-7e221c024000 rw-p 00000000 00:00 0 
7e221c024000-7e2220000000 ---p 00000000 00:00 0 
7e2220000000-7e2221212000 rw-p 00000000 00:00 0 
7e2221212000-7e2224000000 ---p 00000000 00:00 0 
7e2224000000-7e2224021000 rw-p 00000000 00:00 0 
7e2224021000-7e2228000000 ---p 00000000 00:00 0 
7e2228000000-7e222a63e000 rw-p 00000000 00:00 0 
7e222a63e000-7e222c000000 ---p 00000000 00:00 0 
7e222c000000-7e222decf000 rw-p 00000000 00:00 0 
7e222decf000-7e2230000000 ---p 00000000 00:00 0 
7e2230000000-7e2231a10000 rw-p 00000000 00:00 0 
7e2231a10000-7e2234000000 ---p 00000000 00:00 0 
7e2234000000-7e223404f000 rw-p 00000000 00:00 0 
7e223404f000-7e2238000000 ---p 00000000 00:00 0 
7e2238000000-7e223804d000 rw-p 00000000 00:00 0 
7e223804d000-7e223c000000 ---p 00000000 00:00 0 
7e223c000000-7e223c021000 rw-p 00000000 00:00 0 
7e223c021000-7e2240000000 ---p 00000000 00:00 0 
7e2240000000-7e2240021000 rw-p 00000000 00:00 0 
7e2240021000-7e2244000000 ---p 00000000 00:00 0 
7e2244000000-7e2244021000 rw-p 00000000 00:00 0 
7e2244021000-7e2248000000 ---p 00000000 00:00 0 
7e2248000000-7e2248021000 rw-p 00000000 00:00 0 
7e2248021000-7e224c000000 ---p 00000000 00:00 0 
7e224c000000-7e224e92f000 rw-p 00000000 00:00 0 
7e224e92f000-7e2250000000 ---p 00000000 00:00 0 
7e2250000000-7e2250021000 rw-p 00000000 00:00 0 
7e2250021000-7e2254000000 ---p 00000000 00:00 0 
7e2254000000-7e225402e000 rw-p 00000000 00:00 0 
7e225402e000-7e2258000000 ---p 00000000 00:00 0 
7e2258000000-7e22581ac000 rw-p 00000000 00:00 0 
7e22581ac000-7e225c000000 ---p 00000000 00:00 0 
7e225c000000-7e225c021000 rw-p 00000000 00:00 0 
7e225c021000-7e2260000000 ---p 00000000 00:00 0 
7e2260000000-7e2260021000 rw-p 00000000 00:00 0 
7e2260021000-7e2264000000 ---p 00000000 00:00 0 
7e2264000000-7e2264021000 rw-p 00000000 00:00 0 
7e2264021000-7e2268000000 ---p 00000000 00:00 0 
7e2268000000-7e2268021000 rw-p 00000000 00:00 0 
7e2268021000-7e226c000000 ---p 00000000 00:00 0 
7e226c000000-7e226d760000 rw-p 00000000 00:00 0 
7e226d760000-7e2270000000 ---p 00000000 00:00 0 
7e2270000000-7e2270021000 rw-p 00000000 00:00 0 
7e2270021000-7e2274000000 ---p 00000000 00:00 0 
7e2274000000-7e2274120000 rw-p 00000000 00:00 0 
7e2274120000-7e2278000000 ---p 00000000 00:00 0 
7e2278000000-7e2278021000 rw-p 00000000 00:00 0 
7e2278021000-7e227c000000 ---p 00000000 00:00 0 
7e227c000000-7e227c021000 rw-p 00000000 00:00 0 
7e227c021000-7e2280000000 ---p 00000000 00:00 0 
7e2280000000-7e2281b47000 rw-p 00000000 00:00 0 
7e2281b47000-7e2284000000 ---p 00000000 00:00 0 
7e2284000000-7e2284021000 rw-p 00000000 00:00 0 
7e2284021000-7e2288000000 ---p 00000000 00:00 0 
7e2288000000-7e2288021000 rw-p 00000000 00:00 0 
7e2288021000-7e228c000000 ---p 00000000 00:00 0 
7e228c000000-7e228de21000 rw-p 00000000 00:00 0 
7e228de21000-7e2290000000 ---p 00000000 00:00 0 
7e2290000000-7e2290021000 rw-p 00000000 00:00 0 
7e2290021000-7e2294000000 ---p 00000000 00:00 0 
7e2294000000-7e2294021000 rw-p 00000000 00:00 0 
7e2294021000-7e2298000000 ---p 00000000 00:00 0 
7e2298000000-7e2299846000 rw-p 00000000 00:00 0 
7e2299846000-7e229c000000 ---p 00000000 00:00 0 
7e229c000000-7e229d0b6000 rw-p 00000000 00:00 0 
7e229d0b6000-7e22a0000000 ---p 00000000 00:00 0 
7e22a0000000-7e22a0046000 rw-p 00000000 00:00 0 
7e22a0046000-7e22a4000000 ---p 00000000 00:00 0 
7e22a4000000-7e22a4021000 rw-p 00000000 00:00 0 
7e22a4021000-7e22a8000000 ---p 00000000 00:00 0 
7e22a8000000-7e22aaf4e000 rw-p 00000000 00:00 0 
7e22aaf4e000-7e22ac000000 ---p 00000000 00:00 0 
7e22ac000000-7e22ac021000 rw-p 00000000 00:00 0 
7e22ac021000-7e22b0000000 ---p 00000000 00:00 0 
7e22b0000000-7e22b0021000 rw-p 00000000 00:00 0 
7e22b0021000-7e22b4000000 ---p 00000000 00:00 0 
7e22b4000000-7e22b43f0000 rw-p 00000000 00:00 0 
7e22b43f0000-7e22b44f0000 rw-p 00000000 00:00 0 
7e22b44f0000-7e22b46f0000 rw-p 00000000 00:00 0 
7e22b46f0000-7e22b47f0000 rw-p 00000000 00:00 0 
7e22b47f0000-7e22b4af0000 rw-p 00000000 00:00 0 
7e22b4af0000-7e22b50f0000 rw-p 00000000 00:00 0 
7e22b50f0000-7e22b51f0000 rw-p 00000000 00:00 0 
7e22b51f0000-7e22b58f0000 rw-p 00000000 00:00 0 
7e22b58f0000-7e22b59f0000 rw-p 00000000 00:00 0 
7e22b59f0000-7e22b5ef0000 rw-p 00000000 00:00 0 
7e22b5ef0000-7e22b5ff0000 rw-p 00000000 00:00 0 
7e22b5ff0000-7e22b62f0000 rw-p 00000000 00:00 0 
7e22b62f0000-7e22b63f0000 rw-p 00000000 00:00 0 
7e22b63f0000-7e22b64f0000 rw-p 00000000 00:00 0 
7e22b64f0000-7e22b65f0000 rw-p 00000000 00:00 0 
7e22b65f0000-7e22b66f0000 rw-p 00000000 00:00 0 
7e22b66f0000-7e22b67f0000 rw-p 00000000 00:00 0 
7e22b67f0000-7e22b8000000 ---p 00000000 00:00 0 
7e22b8000000-7e22b8c6b000 rw-p 00000000 00:00 0 
7e22b8c6b000-7e22bc000000 ---p 00000000 00:00 0 
7e22bc000000-7e22bc021000 rw-p 00000000 00:00 0 
7e22bc021000-7e22c0000000 ---p 00000000 00:00 0 
7e22c0000000-7e22c0021000 rw-p 00000000 00:00 0 
7e22c0021000-7e22c4000000 ---p 00000000 00:00 0 
7e22c4603000-7e22c4604000 ---p 00000000 00:00 0 
7e22c4604000-7e22c4e04000 rw-p 00000000 00:00 0 
7e22c5605000-7e22c566b000 r--p 00000000 08:05 3173121                    /usr/lib/x86_64-linux-gnu/libicuuc.so.70.1
7e22c566b000-7e22c575e000 r-xp 00066000 08:05 3173121                    /usr/lib/x86_64-linux-gnu/libicuuc.so.70.1
7e22c575e000-7e22c57ea000 r--p 00159000 08:05 3173121                    /usr/lib/x86_64-linux-gnu/libicuuc.so.70.1
7e22c57ea000-7e22c57fd000 r--p 001e4000 08:05 3173121                    /usr/lib/x86_64-linux-gnu/libicuuc.so.70.1
7e22c57fd000-7e22c57fe000 rw-p 001f7000 08:05 3173121                    /usr/lib/x86_64-linux-gnu/libicuuc.so.70.1
7e22c57fe000-7e22c5800000 rw-p 00000000 00:00 0 
7e22c5800000-7e22c589a000 r--p 00000000 08:05 3147881                    /usr/lib/x86_64-linux-gnu/libstdc++.so.6.0.30
7e22c589a000-7e22c59ab000 r-xp 0009a000 08:05 3147881                    /usr/lib/x86_64-linux-gnu/libstdc++.so.6.0.30
7e22c59ab000-7e22c5a1a000 r--p 001ab000 08:05 3147881                    /usr/lib/x86_64-linux-gnu/libstdc++.so.6.0.30
7e22c5a1a000-7e22c5a1b000 ---p 0021a000 08:05 3147881                    /usr/lib/x86_64-linux-gnu/libstdc++.so.6.0.30
7e22c5a1b000-7e22c5a26000 r--p 0021a000 08:05 3147881                    /usr/lib/x86_64-linux-gnu/libstdc++.so.6.0.30
7e22c5a26000-7e22c5a29000 rw-p 00225000 08:05 3147881                    /usr/lib/x86_64-linux-gnu/libstdc++.so.6.0.30
7e22c5a29000-7e22c5a2c000 rw-p 00000000 00:00 0 
7e22c5b00000-7e22c5b04000 ---p 00000000 00:00 0 
7e22c5b04000-7e22c5c00000 rw-p 00000000 00:00 0 
7e22c5c00000-7e22c5c28000 r--p 00000000 08:05 3168679                    /usr/lib/x86_64-linux-gnu/liblept.so.5.0.4
7e22c5c28000-7e22c5e06000 r-xp 00028000 08:05 3168679                    /usr/lib/x86_64-linux-gnu/liblept.so.5.0.4
7e22c5e06000-7e22c5ea4000 r--p 00206000 08:05 3168679                    /usr/lib/x86_64-linux-gnu/liblept.so.5.0.4
7e22c5ea4000-7e22c5ea5000 r--p 002a4000 08:05 3168679                    /usr/lib/x86_64-linux-gnu/liblept.so.5.0.4
7e22c5ea5000-7e22c5eab000 rw-p 002a5000 08:05 3168679                    /usr/lib/x86_64-linux-gnu/liblept.so.5.0.4
7e22c5f00000-7e22c5f04000 ---p 00000000 00:00 0 
7e22c5f04000-7e22c6000000 rw-p 00000000 00:00 0 
7e22c6000000-7e22c6d1c000 rw-p 00001000 08:05 3168443                    /usr/lib/jvm/jdk-24.0.2-oracle-x64/lib/server/classes.jsa
7e22c6d1c000-7e22c7000000 ---p 00000000 00:00 0 
7e22c7000000-7e22c7010000 rw-p 00000000 00:00 0 
7e22c7010000-7e22c7030000 rw-p 00000000 00:00 0 
7e22c7030000-7e22c70b0000 rw-p 00000000 00:00 0 
7e22c70b0000-7e22c70f0000 rw-p 00000000 00:00 0 
7e22c70f0000-7e22c7230000 rw-p 00000000 00:00 0 
7e22c7230000-7e22c7270000 rw-p 00000000 00:00 0 
7e22c7270000-7e22c74a0000 rw-p 00000000 00:00 0 
7e22c74a0000-7e22c74c0000 ---p 00000000 00:00 0 
7e22c74c0000-7e22c74e0000 rw-p 00000000 00:00 0 
7e22c74e0000-7e2307000000 ---p 00000000 00:00 0 
7e23070ad000-7e23070ae000 r--p 00000000 08:05 3172702                    /usr/lib/x86_64-linux-gnu/libdeflate.so.0
7e23070ae000-7e23070ca000 r-xp 00001000 08:05 3172702                    /usr/lib/x86_64-linux-gnu/libdeflate.so.0
7e23070ca000-7e23070ce000 r--p 0001d000 08:05 3172702                    /usr/lib/x86_64-linux-gnu/libdeflate.so.0
7e23070ce000-7e23070cf000 ---p 00021000 08:05 3172702                    /usr/lib/x86_64-linux-gnu/libdeflate.so.0
7e23070cf000-7e23070d0000 r--p 00021000 08:05 3172702                    /usr/lib/x86_64-linux-gnu/libdeflate.so.0
7e23070d0000-7e23070d1000 rw-p 00022000 08:05 3172702                    /usr/lib/x86_64-linux-gnu/libdeflate.so.0
7e23070d1000-7e23070d4000 r--p 00000000 08:05 3172832                    /usr/lib/x86_64-linux-gnu/libopenjp2.so.2.4.0
7e23070d4000-7e2307117000 r-xp 00003000 08:05 3172832                    /usr/lib/x86_64-linux-gnu/libopenjp2.so.2.4.0
7e2307117000-7e2307126000 r--p 00046000 08:05 3172832                    /usr/lib/x86_64-linux-gnu/libopenjp2.so.2.4.0
7e2307126000-7e2307127000 ---p 00055000 08:05 3172832                    /usr/lib/x86_64-linux-gnu/libopenjp2.so.2.4.0
7e2307127000-7e2307128000 r--p 00055000 08:05 3172832                    /usr/lib/x86_64-linux-gnu/libopenjp2.so.2.4.0
7e2307128000-7e2307129000 rw-p 00056000 08:05 3172832                    /usr/lib/x86_64-linux-gnu/libopenjp2.so.2.4.0
7e2307129000-7e230712b000 r--p 00000000 08:05 3172834                    /usr/lib/x86_64-linux-gnu/libwebp.so.7.1.3
7e230712b000-7e2307181000 r-xp 00002000 08:05 3172834                    /usr/lib/x86_64-linux-gnu/libwebp.so.7.1.3
7e2307181000-7e2307192000 r--p 00058000 08:05 3172834                    /usr/lib/x86_64-linux-gnu/libwebp.so.7.1.3
7e2307192000-7e2307193000 r--p 00068000 08:05 3172834                    /usr/lib/x86_64-linux-gnu/libwebp.so.7.1.3
7e2307193000-7e2307194000 rw-p 00069000 08:05 3172834                    /usr/lib/x86_64-linux-gnu/libwebp.so.7.1.3
7e2307194000-7e2307196000 rw-p 00000000 00:00 0 
7e2307196000-7e230719f000 r--p 00000000 08:05 3173373                    /usr/lib/x86_64-linux-gnu/libtiff.so.5.7.0
7e230719f000-7e23071e7000 r-xp 00009000 08:05 3173373                    /usr/lib/x86_64-linux-gnu/libtiff.so.5.7.0
7e23071e7000-7e2307218000 r--p 00051000 08:05 3173373                    /usr/lib/x86_64-linux-gnu/libtiff.so.5.7.0
7e2307218000-7e230721d000 r--p 00081000 08:05 3173373                    /usr/lib/x86_64-linux-gnu/libtiff.so.5.7.0
7e230721d000-7e230721e000 rw-p 00086000 08:05 3173373                    /usr/lib/x86_64-linux-gnu/libtiff.so.5.7.0
7e230721e000-7e230724d000 r--p 00000000 08:05 3173325                    /usr/lib/x86_64-linux-gnu/libxml2.so.2.9.13
7e230724d000-7e23073a0000 r-xp 0002f000 08:05 3173325                    /usr/lib/x86_64-linux-gnu/libxml2.so.2.9.13
7e23073a0000-7e23073f4000 r--p 00182000 08:05 3173325                    /usr/lib/x86_64-linux-gnu/libxml2.so.2.9.13
7e23073f4000-7e23073f5000 ---p 001d6000 08:05 3173325                    /usr/lib/x86_64-linux-gnu/libxml2.so.2.9.13
7e23073f5000-7e23073fe000 r--p 001d6000 08:05 3173325                    /usr/lib/x86_64-linux-gnu/libxml2.so.2.9.13
7e23073fe000-7e23073ff000 rw-p 001df000 08:05 3173325                    /usr/lib/x86_64-linux-gnu/libxml2.so.2.9.13
7e23073ff000-7e2307400000 rw-p 00000000 00:00 0 
7e2307400000-7e2307465000 r--p 00000000 08:05 3168684                    /usr/lib/x86_64-linux-gnu/libtesseract.so.4.0.1
7e2307465000-7e230764e000 r-xp 00065000 08:05 3168684                    /usr/lib/x86_64-linux-gnu/libtesseract.so.4.0.1
7e230764e000-7e2307701000 r--p 0024e000 08:05 3168684                    /usr/lib/x86_64-linux-gnu/libtesseract.so.4.0.1
7e2307701000-7e2307706000 r--p 00300000 08:05 3168684                    /usr/lib/x86_64-linux-gnu/libtesseract.so.4.0.1
7e2307706000-7e2307707000 rw-p 00305000 08:05 3168684                    /usr/lib/x86_64-linux-gnu/libtesseract.so.4.0.1
7e2307707000-7e230770a000 rw-p 00000000 00:00 0 
7e230771b000-7e230771d000 r--p 00000000 08:05 3173168                    /usr/lib/x86_64-linux-gnu/libjbig.so.0
7e230771d000-7e2307726000 r-xp 00002000 08:05 3173168                    /usr/lib/x86_64-linux-gnu/libjbig.so.0
7e2307726000-7e2307728000 r--p 0000b000 08:05 3173168                    /usr/lib/x86_64-linux-gnu/libjbig.so.0
7e2307728000-7e2307729000 r--p 0000c000 08:05 3173168                    /usr/lib/x86_64-linux-gnu/libjbig.so.0
7e2307729000-7e230772c000 rw-p 0000d000 08:05 3173168                    /usr/lib/x86_64-linux-gnu/libjbig.so.0
7e230772c000-7e230772e000 r--p 00000000 08:05 3170141                    /usr/lib/x86_64-linux-gnu/libwebpmux.so.3.0.8
7e230772e000-7e2307735000 r-xp 00002000 08:05 3170141                    /usr/lib/x86_64-linux-gnu/libwebpmux.so.3.0.8
7e2307735000-7e2307737000 r--p 00009000 08:05 3170141                    /usr/lib/x86_64-linux-gnu/libwebpmux.so.3.0.8
7e2307737000-7e2307738000 r--p 0000a000 08:05 3170141                    /usr/lib/x86_64-linux-gnu/libwebpmux.so.3.0.8
7e2307738000-7e2307739000 rw-p 0000b000 08:05 3170141                    /usr/lib/x86_64-linux-gnu/libwebpmux.so.3.0.8
7e2307739000-7e230773b000 r--p 00000000 08:05 3172657                    /usr/lib/x86_64-linux-gnu/libgif.so.7.1.0
7e230773b000-7e2307740000 r-xp 00002000 08:05 3172657                    /usr/lib/x86_64-linux-gnu/libgif.so.7.1.0
7e2307740000-7e2307742000 r--p 00007000 08:05 3172657                    /usr/lib/x86_64-linux-gnu/libgif.so.7.1.0
7e2307742000-7e2307743000 r--p 00008000 08:05 3172657                    /usr/lib/x86_64-linux-gnu/libgif.so.7.1.0
7e2307743000-7e2307744000 rw-p 00009000 08:05 3172657                    /usr/lib/x86_64-linux-gnu/libgif.so.7.1.0
7e2307744000-7e2307748000 r--p 00000000 08:05 3173174                    /usr/lib/x86_64-linux-gnu/libjpeg.so.8.2.2
7e2307748000-7e2307791000 r-xp 00004000 08:05 3173174                    /usr/lib/x86_64-linux-gnu/libjpeg.so.8.2.2
7e2307791000-7e23077c3000 r--p 0004d000 08:05 3173174                    /usr/lib/x86_64-linux-gnu/libjpeg.so.8.2.2
7e23077c3000-7e23077c4000 r--p 0007e000 08:05 3173174                    /usr/lib/x86_64-linux-gnu/libjpeg.so.8.2.2
7e23077c4000-7e23077c5000 rw-p 0007f000 08:05 3173174                    /usr/lib/x86_64-linux-gnu/libjpeg.so.8.2.2
7e23077c5000-7e23077ca000 r--p 00000000 08:05 3173470                    /usr/lib/x86_64-linux-gnu/libpng16.so.16.37.0
7e23077ca000-7e23077f3000 r-xp 00005000 08:05 3173470                    /usr/lib/x86_64-linux-gnu/libpng16.so.16.37.0
7e23077f3000-7e23077fe000 r--p 0002e000 08:05 3173470                    /usr/lib/x86_64-linux-gnu/libpng16.so.16.37.0
7e23077fe000-7e23077ff000 r--p 00038000 08:05 3173470                    /usr/lib/x86_64-linux-gnu/libpng16.so.16.37.0
7e23077ff000-7e2307800000 rw-p 00039000 08:05 3173470                    /usr/lib/x86_64-linux-gnu/libpng16.so.16.37.0
7e2307800000-7e230781e000 r-xp 00000000 08:05 8653189                    /home/spartanluck/.cache/JNA/temp/jna1172214598945714504.tmp (deleted)
7e230781e000-7e2307a1d000 ---p 0001e000 08:05 8653189                    /home/spartanluck/.cache/JNA/temp/jna1172214598945714504.tmp (deleted)
7e2307a1d000-7e2307a1e000 rw-p 0001d000 08:05 8653189                    /home/spartanluck/.cache/JNA/temp/jna1172214598945714504.tmp (deleted)
7e2307a1e000-7e2307a1f000 rw-p 00000000 00:00 0 
7e2307a23000-7e2307a25000 r--p 00000000 08:05 3172572                    /usr/lib/x86_64-linux-gnu/libbz2.so.1.0.4
7e2307a25000-7e2307a32000 r-xp 00002000 08:05 3172572                    /usr/lib/x86_64-linux-gnu/libbz2.so.1.0.4
7e2307a32000-7e2307a34000 r--p 0000f000 08:05 3172572                    /usr/lib/x86_64-linux-gnu/libbz2.so.1.0.4
7e2307a34000-7e2307a35000 r--p 00010000 08:05 3172572                    /usr/lib/x86_64-linux-gnu/libbz2.so.1.0.4
7e2307a35000-7e2307a36000 rw-p 00011000 08:05 3172572                    /usr/lib/x86_64-linux-gnu/libbz2.so.1.0.4
7e2307a36000-7e2307a38000 r--p 00000000 08:05 3173219                    /usr/lib/x86_64-linux-gnu/liblz4.so.1.9.3
7e2307a38000-7e2307a51000 r-xp 00002000 08:05 3173219                    /usr/lib/x86_64-linux-gnu/liblz4.so.1.9.3
7e2307a51000-7e2307a53000 r--p 0001b000 08:05 3173219                    /usr/lib/x86_64-linux-gnu/liblz4.so.1.9.3
7e2307a53000-7e2307a54000 ---p 0001d000 08:05 3173219                    /usr/lib/x86_64-linux-gnu/liblz4.so.1.9.3
7e2307a54000-7e2307a55000 r--p 0001d000 08:05 3173219                    /usr/lib/x86_64-linux-gnu/liblz4.so.1.9.3
7e2307a55000-7e2307a56000 rw-p 0001e000 08:05 3173219                    /usr/lib/x86_64-linux-gnu/liblz4.so.1.9.3
7e2307a56000-7e2307a60000 r--p 00000000 08:05 3173935                    /usr/lib/x86_64-linux-gnu/libzstd.so.1.4.8
7e2307a60000-7e2307b12000 r-xp 0000a000 08:05 3173935                    /usr/lib/x86_64-linux-gnu/libzstd.so.1.4.8
7e2307b12000-7e2307b23000 r--p 000bc000 08:05 3173935                    /usr/lib/x86_64-linux-gnu/libzstd.so.1.4.8
7e2307b23000-7e2307b24000 r--p 000cc000 08:05 3173935                    /usr/lib/x86_64-linux-gnu/libzstd.so.1.4.8
7e2307b24000-7e2307b25000 rw-p 000cd000 08:05 3173935                    /usr/lib/x86_64-linux-gnu/libzstd.so.1.4.8
7e2307b25000-7e2307b28000 r--p 00000000 08:05 3173221                    /usr/lib/x86_64-linux-gnu/liblzma.so.5.2.5
7e2307b28000-7e2307b43000 r-xp 00003000 08:05 3173221                    /usr/lib/x86_64-linux-gnu/liblzma.so.5.2.5
7e2307b43000-7e2307b4e000 r--p 0001e000 08:05 3173221                    /usr/lib/x86_64-linux-gnu/liblzma.so.5.2.5
7e2307b4e000-7e2307b4f000 r--p 00028000 08:05 3173221                    /usr/lib/x86_64-linux-gnu/liblzma.so.5.2.5
7e2307b4f000-7e2307b50000 rw-p 00029000 08:05 3173221                    /usr/lib/x86_64-linux-gnu/liblzma.so.5.2.5
7e2307b50000-7e2307b5a000 r--p 00000000 08:05 3173312                    /usr/lib/x86_64-linux-gnu/libnettle.so.8.4
7e2307b5a000-7e2307b7d000 r-xp 0000a000 08:05 3173312                    /usr/lib/x86_64-linux-gnu/libnettle.so.8.4
7e2307b7d000-7e2307b93000 r--p 0002d000 08:05 3173312                    /usr/lib/x86_64-linux-gnu/libnettle.so.8.4
7e2307b93000-7e2307b95000 r--p 00042000 08:05 3173312                    /usr/lib/x86_64-linux-gnu/libnettle.so.8.4
7e2307b95000-7e2307b96000 rw-p 00044000 08:05 3173312                    /usr/lib/x86_64-linux-gnu/libnettle.so.8.4
7e2307b96000-7e2307ba0000 r--p 00000000 08:05 3147876                    /usr/lib/x86_64-linux-gnu/libgomp.so.1.0.0
7e2307ba0000-7e2307bd1000 r-xp 0000a000 08:05 3147876                    /usr/lib/x86_64-linux-gnu/libgomp.so.1.0.0
7e2307bd1000-7e2307bde000 r--p 0003b000 08:05 3147876                    /usr/lib/x86_64-linux-gnu/libgomp.so.1.0.0
7e2307bde000-7e2307bdf000 r--p 00047000 08:05 3147876                    /usr/lib/x86_64-linux-gnu/libgomp.so.1.0.0
7e2307bdf000-7e2307be0000 rw-p 00048000 08:05 3147876                    /usr/lib/x86_64-linux-gnu/libgomp.so.1.0.0
7e2307be0000-7e2307be3000 r--p 00000000 08:05 3147880                    /usr/lib/x86_64-linux-gnu/libgcc_s.so.1
7e2307be3000-7e2307bfa000 r-xp 00003000 08:05 3147880                    /usr/lib/x86_64-linux-gnu/libgcc_s.so.1
7e2307bfa000-7e2307bfe000 r--p 0001a000 08:05 3147880                    /usr/lib/x86_64-linux-gnu/libgcc_s.so.1
7e2307bfe000-7e2307bff000 r--p 0001d000 08:05 3147880                    /usr/lib/x86_64-linux-gnu/libgcc_s.so.1
7e2307bff000-7e2307c00000 rw-p 0001e000 08:05 3147880                    /usr/lib/x86_64-linux-gnu/libgcc_s.so.1
7e2307c00000-7e2307c04000 ---p 00000000 00:00 0 
7e2307c04000-7e2307d00000 rw-p 00000000 00:00 0 
7e2307d00000-7e2307d04000 ---p 00000000 00:00 0 
7e2307d04000-7e2307e00000 rw-p 00000000 00:00 0 
7e2307e00000-7e2307e04000 ---p 00000000 00:00 0 
7e2307e04000-7e2307f00000 rw-p 00000000 00:00 0 
7e2307f00000-7e2307f04000 ---p 00000000 00:00 0 
7e2307f04000-7e2308000000 rw-p 00000000 00:00 0 
7e2308000000-7e2308021000 rw-p 00000000 00:00 0 
7e2308021000-7e230c000000 ---p 00000000 00:00 0 
7e230c000000-7e230c021000 rw-p 00000000 00:00 0 
7e230c021000-7e2310000000 ---p 00000000 00:00 0 
7e2310000000-7e2310021000 rw-p 00000000 00:00 0 
7e2310021000-7e2314000000 ---p 00000000 00:00 0 
7e2314002000-7e23140c3000 r-xp 00000000 08:05 3168398                    /usr/lib/jvm/jdk-24.0.2-oracle-x64/lib/libawt.so
7e23140c3000-7e23140c4000 ---p 000c1000 08:05 3168398                    /usr/lib/jvm/jdk-24.0.2-oracle-x64/lib/libawt.so
7e23140c4000-7e23140c5000 r--p 000c1000 08:05 3168398                    /usr/lib/jvm/jdk-24.0.2-oracle-x64/lib/libawt.so
7e23140c5000-7e23140d0000 rw-p 000c2000 08:05 3168398                    /usr/lib/jvm/jdk-24.0.2-oracle-x64/lib/libawt.so
7e23140d0000-7e23140f5000 rw-p 00000000 00:00 0 
7e23140f5000-7e23140f9000 ---p 00000000 00:00 0 
7e23140f9000-7e23141f5000 rw-p 00000000 00:00 0 
7e23141f5000-7e23141f9000 ---p 00000000 00:00 0 
7e23141f9000-7e23142f5000 rw-p 00000000 00:00 0 
7e23142f5000-7e23142f9000 ---p 00000000 00:00 0 
7e23142f9000-7e23143f5000 rw-p 00000000 00:00 0 
7e23143f5000-7e23143f9000 ---p 00000000 00:00 0 
7e23143f9000-7e23144f5000 rw-p 00000000 00:00 0 
7e23144f5000-7e23144f9000 ---p 00000000 00:00 0 
7e23144f9000-7e23145f5000 rw-p 00000000 00:00 0 
7e23146f5000-7e23146f9000 ---p 00000000 00:00 0 
7e23146f9000-7e23147f5000 rw-p 00000000 00:00 0 
7e23147f5000-7e23147f9000 ---p 00000000 00:00 0 
7e23147f9000-7e23148f5000 rw-p 00000000 00:00 0 
7e23148f5000-7e23148f9000 ---p 00000000 00:00 0 
7e23148f9000-7e23149f5000 rw-p 00000000 00:00 0 
7e23149f5000-7e23149f9000 ---p 00000000 00:00 0 
7e23149f9000-7e2314af5000 rw-p 00000000 00:00 0 
7e2314af5000-7e2314af9000 ---p 00000000 00:00 0 
7e2314af9000-7e2314bf5000 rw-p 00000000 00:00 0 
7e2314bf5000-7e2314bf6000 ---p 00000000 00:00 0 
7e2314bf6000-7e2314cf6000 rw-p 00000000 00:00 0 
7e2314cf6000-7e2314cf7000 ---p 00000000 00:00 0 
7e2314cf7000-7e2314df7000 rw-p 00000000 00:00 0 
7e2314df7000-7e2314df8000 ---p 00000000 00:00 0 
7e2314df8000-7e2314ef8000 rw-p 00000000 00:00 0 
7e2314ef8000-7e2314ef9000 ---p 00000000 00:00 0 
7e2314ef9000-7e2314ff9000 rw-p 00000000 00:00 0 
7e2314ff9000-7e2314ffa000 ---p 00000000 00:00 0 
7e2314ffa000-7e23150fa000 rw-p 00000000 00:00 0 
7e23150fa000-7e23150fb000 ---p 00000000 00:00 0 
7e23150fb000-7e23151fb000 rw-p 00000000 00:00 0 
7e23151fb000-7e23151ff000 ---p 00000000 00:00 0 
7e23151ff000-7e23152fb000 rw-p 00000000 00:00 0 
7e23152fb000-7e23152ff000 ---p 00000000 00:00 0 
7e23152ff000-7e23153fb000 rw-p 00000000 00:00 0 
7e23153fb000-7e23153fc000 ---p 00000000 00:00 0 
7e23153fc000-7e23154fc000 rw-p 00000000 00:00 0 
7e23154fc000-7e23154fd000 ---p 00000000 00:00 0 
7e23154fd000-7e23155fd000 rw-p 00000000 00:00 0 
7e23155fd000-7e23155fe000 ---p 00000000 00:00 0 
7e23155fe000-7e23156fe000 rw-p 00000000 00:00 0 
7e23156fe000-7e23156ff000 ---p 00000000 00:00 0 
7e23156ff000-7e23157ff000 rw-p 00000000 00:00 0 
7e23157ff000-7e2315800000 ---p 00000000 00:00 0 
7e2315800000-7e2315900000 rw-p 00000000 00:00 0 
7e2315900000-7e2315904000 ---p 00000000 00:00 0 
7e2315904000-7e2315a00000 rw-p 00000000 00:00 0 
7e2315a00000-7e2315a04000 ---p 00000000 00:00 0 
7e2315a04000-7e2315b00000 rw-p 00000000 00:00 0 
7e2315b00000-7e2315b04000 ---p 00000000 00:00 0 
7e2315b04000-7e2315c00000 rw-p 00000000 00:00 0 
7e2315c00000-7e2315c04000 ---p 00000000 00:00 0 
7e2315c04000-7e2315d00000 rw-p 00000000 00:00 0 
7e2315d00000-7e2315d04000 ---p 00000000 00:00 0 
7e2315d04000-7e2315e00000 rw-p 00000000 00:00 0 
7e2315e00000-7e2315e04000 ---p 00000000 00:00 0 
7e2315e04000-7e2315f00000 rw-p 00000000 00:00 0 
7e2315f00000-7e2315f04000 ---p 00000000 00:00 0 
7e2315f04000-7e2316000000 rw-p 00000000 00:00 0 
7e2316000000-7e2318000000 rw-p 00000000 00:00 0 
7e2318000000-7e2318021000 rw-p 00000000 00:00 0 
7e2318021000-7e231c000000 ---p 00000000 00:00 0 
7e231c000000-7e231c021000 rw-p 00000000 00:00 0 
7e231c021000-7e2320000000 ---p 00000000 00:00 0 
7e2320000000-7e2320021000 rw-p 00000000 00:00 0 
7e2320021000-7e2324000000 ---p 00000000 00:00 0 
7e2324004000-7e2324016000 r--p 00000000 08:05 3174199                    /usr/lib/x86_64-linux-gnu/libarchive.so.13.6.0
7e2324016000-7e23240a0000 r-xp 00012000 08:05 3174199                    /usr/lib/x86_64-linux-gnu/libarchive.so.13.6.0
7e23240a0000-7e23240c9000 r--p 0009c000 08:05 3174199                    /usr/lib/x86_64-linux-gnu/libarchive.so.13.6.0
7e23240c9000-7e23240cd000 r--p 000c4000 08:05 3174199                    /usr/lib/x86_64-linux-gnu/libarchive.so.13.6.0
7e23240cd000-7e23240ce000 rw-p 000c8000 08:05 3174199                    /usr/lib/x86_64-linux-gnu/libarchive.so.13.6.0
7e23240f0000-7e23240f4000 ---p 00000000 00:00 0 
7e23240f4000-7e23241f0000 rw-p 00000000 00:00 0 
7e23241f0000-7e23241f4000 ---p 00000000 00:00 0 
7e23241f4000-7e23242f0000 rw-p 00000000 00:00 0 
7e23242f0000-7e23242f4000 ---p 00000000 00:00 0 
7e23242f4000-7e23243f0000 rw-p 00000000 00:00 0 
7e23243f0000-7e23243f4000 ---p 00000000 00:00 0 
7e23243f4000-7e23244f0000 rw-p 00000000 00:00 0 
7e23244f0000-7e23244f4000 ---p 00000000 00:00 0 
7e23244f4000-7e23245f0000 rw-p 00000000 00:00 0 
7e23245f0000-7e23245f4000 ---p 00000000 00:00 0 
7e23245f4000-7e23246f0000 rw-p 00000000 00:00 0 
7e23246f0000-7e23247be000 r-xp 00000000 08:05 3168417                    /usr/lib/jvm/jdk-24.0.2-oracle-x64/lib/libjsvml.so
7e23247be000-7e23247bf000 r--p 000cd000 08:05 3168417                    /usr/lib/jvm/jdk-24.0.2-oracle-x64/lib/libjsvml.so
7e23247bf000-7e23247c0000 rw-p 000ce000 08:05 3168417                    /usr/lib/jvm/jdk-24.0.2-oracle-x64/lib/libjsvml.so
7e23247c0000-7e23247c4000 ---p 00000000 00:00 0 
7e23247c4000-7e23248c0000 rw-p 00000000 00:00 0 
7e23248c0000-7e23249b8000 rw-p 00000000 00:00 0 
7e23249b8000-7e2324b98000 ---p 00000000 00:00 0 
7e2324b98000-7e2324bc0000 rw-p 00000000 00:00 0 
7e2324bc0000-7e2324c90000 ---p 00000000 00:00 0 
7e2324c90000-7e2324c98000 rw-p 00000000 00:00 0 
7e2324c98000-7e23285b8000 ---p 00000000 00:00 0 
7e23285b8000-7e2328600000 rw-p 00000000 00:00 0 
7e2328600000-7e2328f70000 rwxp 00000000 00:00 0 
7e2328f70000-7e232fb37000 ---p 00000000 00:00 0 
7e232fb37000-7e232fda7000 rwxp 00000000 00:00 0 
7e232fda7000-7e23300c8000 ---p 00000000 00:00 0 
7e23300c8000-7e2330598000 rwxp 00000000 00:00 0 
7e2330598000-7e2337600000 ---p 00000000 00:00 0 
7e2337600000-7e233feb7000 r--s 00000000 08:05 3168435                    /usr/lib/jvm/jdk-24.0.2-oracle-x64/lib/modules
7e233fec2000-7e233fec9000 r--s 00000000 08:05 3148254                    /usr/lib/x86_64-linux-gnu/gconv/gconv-modules.cache
7e233fec9000-7e233fefe000 r-xp 00000000 08:05 3168410                    /usr/lib/jvm/jdk-24.0.2-oracle-x64/lib/libjavajpeg.so
7e233fefe000-7e233feff000 r--p 00034000 08:05 3168410                    /usr/lib/jvm/jdk-24.0.2-oracle-x64/lib/libjavajpeg.so
7e233feff000-7e233ff00000 rw-p 00035000 08:05 3168410                    /usr/lib/jvm/jdk-24.0.2-oracle-x64/lib/libjavajpeg.so
7e233ff00000-7e233ff04000 ---p 00000000 00:00 0 
7e233ff04000-7e2340000000 rw-p 00000000 00:00 0 
7e2340000000-7e2340608000 rw-p 00000000 00:00 0 
7e2340608000-7e2344000000 ---p 00000000 00:00 0 
7e2344000000-7e2344004000 ---p 00000000 00:00 0 
7e2344004000-7e2344100000 rw-p 00000000 00:00 0 
7e2344100000-7e2344104000 ---p 00000000 00:00 0 
7e2344104000-7e2344200000 rw-p 00000000 00:00 0 
7e2344200000-7e2344204000 ---p 00000000 00:00 0 
7e2344204000-7e2344300000 rw-p 00000000 00:00 0 
7e2344300000-7e2344304000 ---p 00000000 00:00 0 
7e2344304000-7e2344400000 rw-p 00000000 00:00 0 
7e2344400000-7e2344bec000 r--p 00000000 08:05 3182903                    /usr/lib/locale/locale-archive
7e2344bee000-7e2344bf0000 r--p 00000000 08:05 3172453                    /usr/lib/x86_64-linux-gnu/libacl.so.1.1.2301
7e2344bf0000-7e2344bf4000 r-xp 00002000 08:05 3172453                    /usr/lib/x86_64-linux-gnu/libacl.so.1.1.2301
7e2344bf4000-7e2344bf5000 r--p 00006000 08:05 3172453                    /usr/lib/x86_64-linux-gnu/libacl.so.1.1.2301
7e2344bf5000-7e2344bf6000 ---p 00007000 08:05 3172453                    /usr/lib/x86_64-linux-gnu/libacl.so.1.1.2301
7e2344bf6000-7e2344bf7000 r--p 00007000 08:05 3172453                    /usr/lib/x86_64-linux-gnu/libacl.so.1.1.2301
7e2344bf7000-7e2344bf8000 rw-p 00008000 08:05 3172453                    /usr/lib/x86_64-linux-gnu/libacl.so.1.1.2301
7e2344bf8000-7e2344c00000 r-xp 00000000 08:05 3168399                    /usr/lib/jvm/jdk-24.0.2-oracle-x64/lib/libawt_headless.so
7e2344c00000-7e2344c01000 r--p 00007000 08:05 3168399                    /usr/lib/jvm/jdk-24.0.2-oracle-x64/lib/libawt_headless.so
7e2344c01000-7e2344c02000 rw-p 00008000 08:05 3168399                    /usr/lib/jvm/jdk-24.0.2-oracle-x64/lib/libawt_headless.so
7e2344c02000-7e2344c07000 r-xp 00000000 08:05 3168422                    /usr/lib/jvm/jdk-24.0.2-oracle-x64/lib/libmanagement_ext.so
7e2344c07000-7e2344c08000 ---p 00005000 08:05 3168422                    /usr/lib/jvm/jdk-24.0.2-oracle-x64/lib/libmanagement_ext.so
7e2344c08000-7e2344c09000 r--p 00005000 08:05 3168422                    /usr/lib/jvm/jdk-24.0.2-oracle-x64/lib/libmanagement_ext.so
7e2344c09000-7e2344c0a000 rw-p 00006000 08:05 3168422                    /usr/lib/jvm/jdk-24.0.2-oracle-x64/lib/libmanagement_ext.so
7e2344c0a000-7e2344c11000 r-xp 00000000 08:05 3168434                    /usr/lib/jvm/jdk-24.0.2-oracle-x64/lib/libzip.so
7e2344c11000-7e2344c12000 ---p 00007000 08:05 3168434                    /usr/lib/jvm/jdk-24.0.2-oracle-x64/lib/libzip.so
7e2344c12000-7e2344c13000 r--p 00007000 08:05 3168434                    /usr/lib/jvm/jdk-24.0.2-oracle-x64/lib/libzip.so
7e2344c13000-7e2344c14000 rw-p 00008000 08:05 3168434                    /usr/lib/jvm/jdk-24.0.2-oracle-x64/lib/libzip.so
7e2344c14000-7e2344c1f000 r-xp 00000000 08:05 3168424                    /usr/lib/jvm/jdk-24.0.2-oracle-x64/lib/libnet.so
7e2344c1f000-7e2344c20000 ---p 0000b000 08:05 3168424                    /usr/lib/jvm/jdk-24.0.2-oracle-x64/lib/libnet.so
7e2344c20000-7e2344c21000 r--p 0000b000 08:05 3168424                    /usr/lib/jvm/jdk-24.0.2-oracle-x64/lib/libnet.so
7e2344c21000-7e2344c22000 rw-p 0000c000 08:05 3168424                    /usr/lib/jvm/jdk-24.0.2-oracle-x64/lib/libnet.so
7e2344c22000-7e2344c60000 r-xp 00000000 08:05 3168430                    /usr/lib/jvm/jdk-24.0.2-oracle-x64/lib/libsimdsort.so
7e2344c60000-7e2344c61000 ---p 0003e000 08:05 3168430                    /usr/lib/jvm/jdk-24.0.2-oracle-x64/lib/libsimdsort.so
7e2344c61000-7e2344c62000 r--p 0003e000 08:05 3168430                    /usr/lib/jvm/jdk-24.0.2-oracle-x64/lib/libsimdsort.so
7e2344c62000-7e2344c63000 rw-p 0003f000 08:05 3168430                    /usr/lib/jvm/jdk-24.0.2-oracle-x64/lib/libsimdsort.so
7e2344c63000-7e2344d3f000 rw-p 00000000 00:00 0 
7e2344d3f000-7e2344d40000 ---p 00000000 00:00 0 
7e2344d40000-7e2344e40000 rw-p 00000000 00:00 0 
7e2344e40000-7e2344e41000 ---p 00000000 00:00 0 
7e2344e41000-7e2344e45000 ---p 00000000 00:00 0 
7e2344e45000-7e2344f41000 rw-p 00000000 00:00 0 
7e2344f41000-7e2344f42000 ---p 00000000 00:00 0 
7e2344f42000-7e2345042000 rw-p 00000000 00:00 0 
7e2345042000-7e2345043000 ---p 00000000 00:00 0 
7e2345043000-7e2345143000 rw-p 00000000 00:00 0 
7e2345143000-7e2345144000 ---p 00000000 00:00 0 
7e2345144000-7e2345244000 rw-p 00000000 00:00 0 
7e2345244000-7e2345c4e000 rw-p 00000000 00:00 0 
7e2345c4e000-7e2345c4f000 ---p 00000000 00:00 0 
7e2345c4f000-7e2345d4f000 rw-p 00000000 00:00 0 
7e2345d4f000-7e2345d50000 ---p 00000000 00:00 0 
7e2345d50000-7e2345e50000 rw-p 00000000 00:00 0 
7e2345e50000-7e2345e51000 ---p 00000000 00:00 0 
7e2345e51000-7e2345f51000 rw-p 00000000 00:00 0 
7e2345f51000-7e2345fef000 rw-p 00000000 00:00 0 
7e2345fef000-7e234602b000 ---p 00000000 00:00 0 
7e234602b000-7e2346030000 rw-p 00000000 00:00 0 
7e2346030000-7e234604a000 ---p 00000000 00:00 0 
7e234604a000-7e234604b000 rw-p 00000000 00:00 0 
7e234604b000-7e234676f000 ---p 00000000 00:00 0 
7e234676f000-7e2346797000 rw-p 00000000 00:00 0 
7e2346797000-7e23467d3000 ---p 00000000 00:00 0 
7e23467d3000-7e23467d8000 rw-p 00000000 00:00 0 
7e23467d8000-7e23467f2000 ---p 00000000 00:00 0 
7e23467f2000-7e23467f3000 rw-p 00000000 00:00 0 
7e23467f3000-7e2346f17000 ---p 00000000 00:00 0 
7e2346f17000-7e2347934000 rw-p 00000000 00:00 0 
7e2347934000-7e2347a15000 ---p 00000000 00:00 0 
7e2347a15000-7e2347a28000 rw-p 00000000 00:00 0 
7e2347a28000-7e2347b00000 ---p 00000000 00:00 0 
7e2347b00000-7e2347b04000 ---p 00000000 00:00 0 
7e2347b04000-7e2347c00000 rw-p 00000000 00:00 0 
7e2347c00000-7e2348f80000 r-xp 00000000 08:05 3168446                    /usr/lib/jvm/jdk-24.0.2-oracle-x64/lib/server/libjvm.so
7e2348f80000-7e2348f81000 ---p 01380000 08:05 3168446                    /usr/lib/jvm/jdk-24.0.2-oracle-x64/lib/server/libjvm.so
7e2348f81000-7e2349055000 r--p 01380000 08:05 3168446                    /usr/lib/jvm/jdk-24.0.2-oracle-x64/lib/server/libjvm.so
7e2349055000-7e2349083000 rw-p 01454000 08:05 3168446                    /usr/lib/jvm/jdk-24.0.2-oracle-x64/lib/server/libjvm.so
7e2349083000-7e23490fc000 rw-p 00000000 00:00 0 
7e23490fd000-7e2349101000 r-xp 00000000 08:05 3168420                    /usr/lib/jvm/jdk-24.0.2-oracle-x64/lib/libmanagement.so
7e2349101000-7e2349102000 r--p 00003000 08:05 3168420                    /usr/lib/jvm/jdk-24.0.2-oracle-x64/lib/libmanagement.so
7e2349102000-7e2349103000 rw-p 00004000 08:05 3168420                    /usr/lib/jvm/jdk-24.0.2-oracle-x64/lib/libmanagement.so
7e2349103000-7e2349116000 r-xp 00000000 08:05 3168425                    /usr/lib/jvm/jdk-24.0.2-oracle-x64/lib/libnio.so
7e2349116000-7e2349117000 ---p 00013000 08:05 3168425                    /usr/lib/jvm/jdk-24.0.2-oracle-x64/lib/libnio.so
7e2349117000-7e2349118000 r--p 00013000 08:05 3168425                    /usr/lib/jvm/jdk-24.0.2-oracle-x64/lib/libnio.so
7e2349118000-7e2349119000 rw-p 00014000 08:05 3168425                    /usr/lib/jvm/jdk-24.0.2-oracle-x64/lib/libnio.so
7e2349119000-7e2349127000 r--p 00000000 08:05 3147896                    /usr/lib/x86_64-linux-gnu/libm.so.6
7e2349127000-7e23491a3000 r-xp 0000e000 08:05 3147896                    /usr/lib/x86_64-linux-gnu/libm.so.6
7e23491a3000-7e23491fe000 r--p 0008a000 08:05 3147896                    /usr/lib/x86_64-linux-gnu/libm.so.6
7e23491fe000-7e23491ff000 r--p 000e4000 08:05 3147896                    /usr/lib/x86_64-linux-gnu/libm.so.6
7e23491ff000-7e2349200000 rw-p 000e5000 08:05 3147896                    /usr/lib/x86_64-linux-gnu/libm.so.6
7e2349200000-7e2349228000 r--p 00000000 08:05 3147890                    /usr/lib/x86_64-linux-gnu/libc.so.6
7e2349228000-7e23493bd000 r-xp 00028000 08:05 3147890                    /usr/lib/x86_64-linux-gnu/libc.so.6
7e23493bd000-7e2349415000 r--p 001bd000 08:05 3147890                    /usr/lib/x86_64-linux-gnu/libc.so.6
7e2349415000-7e2349416000 ---p 00215000 08:05 3147890                    /usr/lib/x86_64-linux-gnu/libc.so.6
7e2349416000-7e234941a000 r--p 00215000 08:05 3147890                    /usr/lib/x86_64-linux-gnu/libc.so.6
7e234941a000-7e234941c000 rw-p 00219000 08:05 3147890                    /usr/lib/x86_64-linux-gnu/libc.so.6
7e234941c000-7e2349429000 rw-p 00000000 00:00 0 
7e234942b000-7e2349471000 rw-p 00000000 00:00 0 
7e2349471000-7e2349478000 ---p 00000000 00:00 0 
7e2349478000-7e2349497000 r-xp 00000000 08:05 3168409                    /usr/lib/jvm/jdk-24.0.2-oracle-x64/lib/libjava.so
7e2349497000-7e2349498000 ---p 0001f000 08:05 3168409                    /usr/lib/jvm/jdk-24.0.2-oracle-x64/lib/libjava.so
7e2349498000-7e2349499000 r--p 0001f000 08:05 3168409                    /usr/lib/jvm/jdk-24.0.2-oracle-x64/lib/libjava.so
7e2349499000-7e234949a000 rw-p 00020000 08:05 3168409                    /usr/lib/jvm/jdk-24.0.2-oracle-x64/lib/libjava.so
7e234949a000-7e234949b000 rw-p 00000000 00:00 0 
7e234949b000-7e23494b9000 r-xp 00000000 08:05 3168413                    /usr/lib/jvm/jdk-24.0.2-oracle-x64/lib/libjimage.so
7e23494b9000-7e23494bb000 r--p 0001d000 08:05 3168413                    /usr/lib/jvm/jdk-24.0.2-oracle-x64/lib/libjimage.so
7e23494bb000-7e23494bc000 rw-p 0001f000 08:05 3168413                    /usr/lib/jvm/jdk-24.0.2-oracle-x64/lib/libjimage.so
7e23494bc000-7e23494bd000 r--p 00000000 08:05 3147934                    /usr/lib/x86_64-linux-gnu/librt.so.1
7e23494bd000-7e23494be000 r-xp 00001000 08:05 3147934                    /usr/lib/x86_64-linux-gnu/librt.so.1
7e23494be000-7e23494bf000 r--p 00002000 08:05 3147934                    /usr/lib/x86_64-linux-gnu/librt.so.1
7e23494bf000-7e23494c0000 r--p 00002000 08:05 3147934                    /usr/lib/x86_64-linux-gnu/librt.so.1
7e23494c0000-7e23494c1000 rw-p 00003000 08:05 3147934                    /usr/lib/x86_64-linux-gnu/librt.so.1
7e23494c1000-7e23494c5000 rw-p 00000000 00:00 0 
7e23494c5000-7e23494c6000 r--p 00000000 08:05 3147919                    /usr/lib/x86_64-linux-gnu/libpthread.so.0
7e23494c6000-7e23494c7000 r-xp 00001000 08:05 3147919                    /usr/lib/x86_64-linux-gnu/libpthread.so.0
7e23494c7000-7e23494c8000 r--p 00002000 08:05 3147919                    /usr/lib/x86_64-linux-gnu/libpthread.so.0
7e23494c8000-7e23494c9000 r--p 00002000 08:05 3147919                    /usr/lib/x86_64-linux-gnu/libpthread.so.0
7e23494c9000-7e23494ca000 rw-p 00003000 08:05 3147919                    /usr/lib/x86_64-linux-gnu/libpthread.so.0
7e23494ca000-7e23494cb000 r--p 00000000 08:05 3147893                    /usr/lib/x86_64-linux-gnu/libdl.so.2
7e23494cb000-7e23494cc000 r-xp 00001000 08:05 3147893                    /usr/lib/x86_64-linux-gnu/libdl.so.2
7e23494cc000-7e23494cd000 r--p 00002000 08:05 3147893                    /usr/lib/x86_64-linux-gnu/libdl.so.2
7e23494cd000-7e23494ce000 r--p 00002000 08:05 3147893                    /usr/lib/x86_64-linux-gnu/libdl.so.2
7e23494ce000-7e23494cf000 rw-p 00003000 08:05 3147893                    /usr/lib/x86_64-linux-gnu/libdl.so.2
7e23494cf000-7e23494d1000 r--p 00000000 08:05 3173927                    /usr/lib/x86_64-linux-gnu/libz.so.1.2.11
7e23494d1000-7e23494e2000 r-xp 00002000 08:05 3173927                    /usr/lib/x86_64-linux-gnu/libz.so.1.2.11
7e23494e2000-7e23494e8000 r--p 00013000 08:05 3173927                    /usr/lib/x86_64-linux-gnu/libz.so.1.2.11
7e23494e8000-7e23494e9000 ---p 00019000 08:05 3173927                    /usr/lib/x86_64-linux-gnu/libz.so.1.2.11
7e23494e9000-7e23494ea000 r--p 00019000 08:05 3173927                    /usr/lib/x86_64-linux-gnu/libz.so.1.2.11
7e23494ea000-7e23494eb000 rw-p 0001a000 08:05 3173927                    /usr/lib/x86_64-linux-gnu/libz.so.1.2.11
7e23494ec000-7e23494ee000 r-xp 00000000 08:05 3168402                    /usr/lib/jvm/jdk-24.0.2-oracle-x64/lib/libextnet.so
7e23494ee000-7e23494ef000 r--p 00001000 08:05 3168402                    /usr/lib/jvm/jdk-24.0.2-oracle-x64/lib/libextnet.so
7e23494ef000-7e23494f0000 rw-p 00002000 08:05 3168402                    /usr/lib/jvm/jdk-24.0.2-oracle-x64/lib/libextnet.so
7e23494f0000-7e23494f8000 rw-s 00000000 08:05 11274066                   /tmp/hsperfdata_spartanluck/119509
7e23494f8000-7e23494f9000 ---p 00000000 00:00 0 
7e23494f9000-7e23494fa000 r--p 00000000 00:00 0 
7e23494fa000-7e2349508000 r-xp 00000000 08:05 3168414                    /usr/lib/jvm/jdk-24.0.2-oracle-x64/lib/libjli.so
7e2349508000-7e2349509000 ---p 0000e000 08:05 3168414                    /usr/lib/jvm/jdk-24.0.2-oracle-x64/lib/libjli.so
7e2349509000-7e234950a000 r--p 0000e000 08:05 3168414                    /usr/lib/jvm/jdk-24.0.2-oracle-x64/lib/libjli.so
7e234950a000-7e234950b000 rw-p 0000f000 08:05 3168414                    /usr/lib/jvm/jdk-24.0.2-oracle-x64/lib/libjli.so
7e234950b000-7e234950d000 rw-p 00000000 00:00 0 
7e234950d000-7e234950f000 r--p 00000000 08:05 3147883                    /usr/lib/x86_64-linux-gnu/ld-linux-x86-64.so.2
7e234950f000-7e2349539000 r-xp 00002000 08:05 3147883                    /usr/lib/x86_64-linux-gnu/ld-linux-x86-64.so.2
7e2349539000-7e2349544000 r--p 0002c000 08:05 3147883                    /usr/lib/x86_64-linux-gnu/ld-linux-x86-64.so.2
7e2349544000-7e2349545000 ---p 00000000 00:00 0 
7e2349545000-7e2349547000 r--p 00037000 08:05 3147883                    /usr/lib/x86_64-linux-gnu/ld-linux-x86-64.so.2
7e2349547000-7e2349549000 rw-p 00039000 08:05 3147883                    /usr/lib/x86_64-linux-gnu/ld-linux-x86-64.so.2
7ffddec3f000-7ffddec61000 rw-p 00000000 00:00 0                          [stack]
7ffddecf2000-7ffddecf6000 r--p 00000000 00:00 0                          [vvar]
7ffddecf6000-7ffddecf8000 r-xp 00000000 00:00 0                          [vdso]
ffffffffff600000-ffffffffff601000 --xp 00000000 00:00 0                  [vsyscall]
Total number of mappings: 559

JVMTI agents: none


VM Arguments:
jvm_args: -Dcom.sun.management.jmxremote -Dcom.sun.management.jmxremote.port=43367 -Dcom.sun.management.jmxremote.authenticate=false -Dcom.sun.management.jmxremote.ssl=false -Dspring.jmx.enabled=true -Djava.rmi.server.hostname=localhost -Dspring.application.admin.enabled=true -Dspring.boot.project.name=rovirosa_spring -XX:+ShowCodeDetailsInExceptionMessages -Dmanagement.endpoints.jmx.exposure.include=* 
java_command: com.rovirosa.rovirosa_spring.RovirosaSpringApplication
java_class_path (initial): /home/spartanluck/Documents/rovirosa_spring/target/classes:/home/spartanluck/.m2/repository/org/springframework/boot/spring-boot-starter/3.5.5/spring-boot-starter-3.5.5.jar:/home/spartanluck/.m2/repository/org/springframework/boot/spring-boot/3.5.5/spring-boot-3.5.5.jar:/home/spartanluck/.m2/repository/org/springframework/spring-context/6.2.10/spring-context-6.2.10.jar:/home/spartanluck/.m2/repository/org/springframework/boot/spring-boot-autoconfigure/3.5.5/spring-boot-autoconfigure-3.5.5.jar:/home/spartanluck/.m2/repository/org/springframework/boot/spring-boot-starter-logging/3.5.5/spring-boot-starter-logging-3.5.5.jar:/home/spartanluck/.m2/repository/ch/qos/logback/logback-classic/1.5.18/logback-classic-1.5.18.jar:/home/spartanluck/.m2/repository/ch/qos/logback/logback-core/1.5.18/logback-core-1.5.18.jar:/home/spartanluck/.m2/repository/org/apache/logging/log4j/log4j-to-slf4j/2.24.3/log4j-to-slf4j-2.24.3.jar:/home/spartanluck/.m2/repository/org/apache/logging/log4j/log4j-api/2.24.3/log4j-api-2.24.3.jar:/home/spartanluck/.m2/repository/org/slf4j/jul-to-slf4j/2.0.17/jul-to-slf4j-2.0.17.jar:/home/spartanluck/.m2/repository/jakarta/annotation/jakarta.annotation-api/2.1.1/jakarta.annotation-api-2.1.1.jar:/home/spartanluck/.m2/repository/org/springframework/spring-core/6.2.10/spring-core-6.2.10.jar:/home/spartanluck/.m2/repository/org/springframework/spring-jcl/6.2.10/spring-jcl-6.2.10.jar:/home/spartanluck/.m2/repository/org/yaml/snakeyaml/2.4/snakeyaml-2.4.jar:/home/spartanluck/.m2/repository/org/springframework/boot/spring-boot-starter-actuator/3.5.5/spring-boot-starter-actuator-3.5.5.jar:/home/spartanluck/.m2/repository/org/springframework/boot/spring-boot-actuator-autoconfigure/3.5.5/spring-boot-actuator-autoconfigure-3.5.5.jar:/home/spartanluck/.m2/repository/org/springframework/boot/spring-boot-actuator/3.5.5/spring-boot-actuator-3.5.5.jar:/home/spartanluck/.m2/repository/com/fasterxml/jackson/core/jackson-databind/2.19.2/jackson-databind-2.19.2.jar:/home/spartanluck/.m2/repository/com/fasterxml/jackson/core/jackson-annotations/2.19.2/jackson-annotations-2.19.2.jar:/home/spartanluck/.m2/repository/com/fasterxml/jackson/core/jackson-core/2.19.2/jackson-core-2.19.2.jar:/home/spartanluck/.m2/repository/com/fasterxml/jackson/datatype/jackson-datatype-jsr310/2.19.2/jackson-datatype-jsr310-2.19.2.jar:/home/spartanluck/.m2/repository/io/micrometer/micrometer-observation/1.15.3/micrometer-observation-1.15.3.jar:/home/spartanluck/.m2/repository/io/micrometer/micrometer-commons/1.15.3/micrometer-commons-1.15.3.jar:/home/spartanluck/.m2/repository/io/micrometer/micrometer-jakarta9/1.15.3/micrometer-jakarta9-1.15.3.jar:/home/spartanluck/.m2/repository/io/micrometer/micrometer-core/1.15.3/micrometer-core-1.15.3.jar:/home/spartanluck/.m2/repository/org/hdrhistogram/HdrHistogram/2.2.2/HdrHistogram-2.2.2.jar:/home/spartanluck/.m2/repository/org/latencyutils/LatencyUtils/2.0.3/LatencyUtils-2.0.3.jar:/home/spartanluck/.m2/repository/org/springframework/boot/spring-boot-starter-web/3.5.5/spring-boot-starter-web-3.5.5.jar:/home/spartanluck/.m2/repository/org/springframework/boot/spring-boot-starter-json/3.5.5/spring-boot-starter-json-3.5.5.jar:/home/spartanluck/.m2/repository/com/fasterxml/jackson/datatype/jackson-datatype-jdk8/2.19.2/jackson-datatype-jdk8-2.19.2.jar:/home/spartanluck/.m2/repository/com/fasterxml/jackson/module/jackson-module-parameter-names/2.19.2/jackson-module-parameter-names-2.19.2.jar:/home/spartanluck/.m2/repository/org/springframework/boot/spring-boot-starter-tomcat/3.5.5/spring-boot-starter-tomcat-3.5.5.jar:/home/spartanluck/.m2/repository/org/apache/tomcat/embed/tomcat-embed-core/10.1.44/tomcat-embed-core-10.1.44.jar:/home/spartanluck/.m2/repository/org/apache/tomcat/embed/tomcat-embed-el/10.1.44/tomcat-embed-el-10.1.44.jar:/home/spartanluck/.m2/repository/org/apache/tomcat/embed/tomcat-embed-websocket/10.1.44/tomcat-embed-websocket-10.1.44.jar:/home/spartanluck/.m2/repository/org/springframework/spring-web/6.2.10/spring-web-6.2.10.jar:/home/spartanluck/.m2/repository/org/springframework/spring-beans/6.2.10/spring-beans-6.2.10.jar:/home/spartanluck/.m2/repository/org/springframework/spring-webmvc/6.2.10/spring-webmvc-6.2.10.jar:/home/spartanluck/.m2/repository/org/springframework/spring-aop/6.2.10/spring-aop-6.2.10.jar:/home/spartanluck/.m2/repository/org/springframework/spring-expression/6.2.10/spring-expression-6.2.10.jar:/home/spartanluck/.m2/repository/net/sourceforge/tess4j/tess4j/5.4.0/tess4j-5.4.0.jar:/home/spartanluck/.m2/repository/net/java/dev/jna/jna/5.12.1/jna-5.12.1.jar:/home/spartanluck/.m2/repository/com/github/jai-imageio/jai-imageio-core/1.4.0/jai-imageio-core-1.4.0.jar:/home/spartanluck/.m2/repository/org/apache/pdfbox/pdfbox/2.0.26/pdfbox-2.0.26.jar:/home/spartanluck/.m2/repository/org/apache/pdfbox/fontbox/2.0.26/fontbox-2.0.26.jar:/home/spartanluck/.m2/repository/commons-logging/commons-logging/1.2/commons-logging-1.2.jar:/home/spartanluck/.m2/repository/org/apache/pdfbox/pdfbox-tools/2.0.26/pdfbox-tools-2.0.26.jar:/home/spartanluck/.m2/repository/org/apache/pdfbox/pdfbox-debugger/2.0.26/pdfbox-debugger-2.0.26.jar:/home/spartanluck/.m2/repository/org/apache/pdfbox/jbig2-imageio/3.0.4/jbig2-imageio-3.0.4.jar:/home/spartanluck/.m2/repository/commons-io/commons-io/2.11.0/commons-io-2.11.0.jar:/home/spartanluck/.m2/repository/net/sourceforge/lept4j/lept4j/1.16.2/lept4j-1.16.2.jar:/home/spartanluck/.m2/repository/org/jboss/jboss-vfs/3.2.17.Final/jboss-vfs-3.2.17.Final.jar:/home/spartanluck/.m2/repository/org/jboss/logging/jboss-logging/3.6.1.Final/jboss-logging-3.6.1.Final.jar:/home/spartanluck/.m2/repository/org/slf4j/slf4j-api/2.0.17/slf4j-api-2.0.17.jar:/home/spartanluck/.m2/repository/org/springframework/boot/spring-boot-devtools/3.5.5/spring-boot-devtools-3.5.5.jar:/home/spartanluck/.m2/repository/com/mysql/mysql-connector-j/9.4.0/mysql-connector-j-9.4.0.jar:/home/spartanluck/.m2/repository/org/projectlombok/lombok/1.18.38/lombok-1.18.38.jar
Launcher Type: SUN_STANDARD

[Global flags]
     intx CICompilerCount                          = 4                                         {product} {ergonomic}
     uint ConcGCThreads                            = 3                                         {product} {ergonomic}
     uint G1ConcRefinementThreads                  = 10                                        {product} {ergonomic}
   size_t G1HeapRegionSize                         = 2097152                                   {product} {ergonomic}
   size_t InitialHeapSize                          = 257949696                                 {product} {ergonomic}
     bool ManagementServer                         = true                                      {product} {command line}
   size_t MarkStackSize                            = 4194304                                   {product} {ergonomic}
   size_t MarkStackSizeMax                         = 536870912                                 {product} {ergonomic}
   size_t MaxHeapSize                              = 4110417920                                {product} {ergonomic}
   size_t MaxNewSize                               = 2466250752                                {product} {ergonomic}
   size_t MinHeapDeltaBytes                        = 2097152                                   {product} {ergonomic}
   size_t MinHeapSize                              = 8388608                                   {product} {ergonomic}
    uintx NonNMethodCodeHeapSize                   = 5836800                                {pd product} {ergonomic}
    uintx NonProfiledCodeHeapSize                  = 122912768                              {pd product} {ergonomic}
    uintx ProfiledCodeHeapSize                     = 122908672                              {pd product} {ergonomic}
    uintx ReservedCodeCacheSize                    = 251658240                              {pd product} {ergonomic}
     bool SegmentedCodeCache                       = true                                      {product} {ergonomic}
     bool ShowCodeDetailsInExceptionMessages       = true                                   {manageable} {command line}
   size_t SoftMaxHeapSize                          = 4110417920                             {manageable} {ergonomic}
     bool UseCompressedOops                        = true                           {product lp64_product} {ergonomic}
     bool UseG1GC                                  = true                                      {product} {ergonomic}

Logging:
Log output configuration:
 #0: stdout all=warning uptime,level,tags foldmultilines=false
 #1: stderr all=off uptime,level,tags foldmultilines=false

Environment Variables:
PATH=/home/spartanluck/.bun/bin:/home/spartanluck/.nvm/versions/node/v22.19.0/bin:/usr/local/sbin:/usr/local/bin:/usr/sbin:/usr/bin:/sbin:/bin:/usr/games:/usr/local/games:/snap/bin:/snap/bin:/home/spartanluck/.config/Code/User/globalStorage/github.copilot-chat/debugCommand
USERNAME=spartanluck
SHELL=/usr/bin/zsh
DISPLAY=:0
LANG=en_US.UTF-8
LC_NUMERIC=es_MX.UTF-8
LC_TIME=es_MX.UTF-8
TERM=xterm-256color

Active Locale:
LC_ALL=LC_CTYPE=en_US.UTF-8;LC_NUMERIC=es_MX.UTF-8;LC_TIME=es_MX.UTF-8;LC_COLLATE=en_US.UTF-8;LC_MONETARY=es_MX.UTF-8;LC_MESSAGES=en_US.UTF-8;LC_PAPER=es_MX.UTF-8;LC_NAME=es_MX.UTF-8;LC_ADDRESS=es_MX.UTF-8;LC_TELEPHONE=es_MX.UTF-8;LC_MEASUREMENT=es_MX.UTF-8;LC_IDENTIFICATION=es_MX.UTF-8
LC_COLLATE=en_US.UTF-8
LC_CTYPE=en_US.UTF-8
LC_MESSAGES=en_US.UTF-8
LC_MONETARY=es_MX.UTF-8
LC_NUMERIC=es_MX.UTF-8
LC_TIME=es_MX.UTF-8

Signal Handlers:
   SIGSEGV: crash_handler in libjvm.so, mask=11100100010111111101111111111110, flags=SA_RESTART|SA_SIGINFO, unblocked
    SIGBUS: crash_handler in libjvm.so, mask=11100100010111111101111111111110, flags=SA_RESTART|SA_SIGINFO, unblocked
    SIGFPE: crash_handler in libjvm.so, mask=11100100010111111101111111111110, flags=SA_RESTART|SA_SIGINFO, unblocked
   SIGPIPE: javaSignalHandler in libjvm.so, mask=11100100010111111101111111111110, flags=SA_RESTART|SA_SIGINFO, blocked
   SIGXFSZ: javaSignalHandler in libjvm.so, mask=11100100010111111101111111111110, flags=SA_RESTART|SA_SIGINFO, blocked
    SIGILL: crash_handler in libjvm.so, mask=11100100010111111101111111111110, flags=SA_RESTART|SA_SIGINFO, unblocked
   SIGUSR2: SR_handler in libjvm.so, mask=00000000000000000000000000000000, flags=SA_RESTART|SA_SIGINFO, blocked
    SIGHUP: UserHandler in libjvm.so, mask=11100100010111111101111111111110, flags=SA_RESTART|SA_SIGINFO, blocked
    SIGINT: UserHandler in libjvm.so, mask=11100100010111111101111111111110, flags=SA_RESTART|SA_SIGINFO, blocked
   SIGTERM: UserHandler in libjvm.so, mask=11100100010111111101111111111110, flags=SA_RESTART|SA_SIGINFO, blocked
   SIGQUIT: UserHandler in libjvm.so, mask=11100100010111111101111111111110, flags=SA_RESTART|SA_SIGINFO, blocked
   SIGTRAP: crash_handler in libjvm.so, mask=11100100010111111101111111111110, flags=SA_RESTART|SA_SIGINFO, unblocked


Periodic native trim disabled

---------------  S Y S T E M  ---------------

OS:
DISTRIB_ID=Ubuntu
DISTRIB_RELEASE=22.04
DISTRIB_CODENAME=jammy
DISTRIB_DESCRIPTION="Ubuntu 22.04.5 LTS"
uname: Linux 6.8.0-79-generic #79~22.04.1-Ubuntu SMP PREEMPT_DYNAMIC Fri Aug 15 16:54:53 UTC 2 x86_64
OS uptime: 0 days 2:10 hours
libc: glibc 2.35 NPTL 2.35 
rlimit (soft/hard): STACK 8192k/infinity , CORE 0k/infinity , NPROC 62388/62388 , NOFILE 1048576/1048576 , AS infinity/infinity , CPU infinity/infinity , DATA infinity/infinity , FSIZE infinity/infinity , MEMLOCK 2006796k/2006796k
load average: 0.71 0.92 1.08

/proc/meminfo:
MemTotal:       16054392 kB
MemFree:          430356 kB
MemAvailable:    3711892 kB
Buffers:          156572 kB
Cached:          4215348 kB
SwapCached:            0 kB
Active:          9594072 kB
Inactive:        3923024 kB
Active(anon):    8254148 kB
Inactive(anon):  2103248 kB
Active(file):    1339924 kB
Inactive(file):  1819776 kB
Unevictable:      974960 kB
Mlocked:              16 kB
SwapTotal:             0 kB
SwapFree:              0 kB
Zswap:                 0 kB
Zswapped:              0 kB
Dirty:              1176 kB
Writeback:             0 kB
AnonPages:      10120408 kB
Mapped:          1211536 kB
Shmem:           1212220 kB
KReclaimable:     464664 kB
Slab:             772332 kB
SReclaimable:     464664 kB
SUnreclaim:       307668 kB
KernelStack:       26208 kB
PageTables:       104068 kB
SecPageTables:         0 kB
NFS_Unstable:          0 kB
Bounce:                0 kB
WritebackTmp:          0 kB
CommitLimit:     8027196 kB
Committed_AS:   40834332 kB
VmallocTotal:   34359738367 kB
VmallocUsed:       58628 kB
VmallocChunk:          0 kB
Percpu:            12144 kB
HardwareCorrupted:     0 kB
AnonHugePages:      2048 kB
ShmemHugePages:   800768 kB
ShmemPmdMapped:        0 kB
FileHugePages:         0 kB
FilePmdMapped:         0 kB
Unaccepted:            0 kB
HugePages_Total:       0
HugePages_Free:        0
HugePages_Rsvd:        0
HugePages_Surp:        0
Hugepagesize:       2048 kB
Hugetlb:               0 kB
DirectMap4k:      285820 kB
DirectMap2M:     9877504 kB
DirectMap1G:     7340032 kB

/sys/kernel/mm/transparent_hugepage/enabled: always [madvise] never
/sys/kernel/mm/transparent_hugepage/hpage_pmd_size: 2097152
/sys/kernel/mm/transparent_hugepage/shmem_enabled: always within_size advise [never] deny force
/sys/kernel/mm/transparent_hugepage/defrag (defrag/compaction efforts parameter): always defer defer+madvise [madvise] never

Process Memory:
Virtual Size: 9700048K (peak: 9702068K)
Resident Set Size: 623752K (peak: 623752K) (anon: 587160K, file: 36592K, shmem: 0K)
Swapped out: 0K
C-Heap outstanding allocations: 63202K, retained: 504389K
glibc malloc tunables: (default)

/proc/sys/kernel/threads-max (system-wide limit on the number of threads): 124777
/proc/sys/vm/max_map_count (maximum number of memory map areas a process may have): 65530
/proc/sys/vm/swappiness (control to define how aggressively the kernel swaps out anonymous memory): 60
/proc/sys/kernel/pid_max (system-wide limit on number of process identifiers): 4194304

container information not found.
Steal ticks since vm start: 0
Steal ticks percentage since vm start:  0.000

CPU: total 12 (initial active 12) (6 cores per cpu, 2 threads per core) family 6 model 154 stepping 4 microcode 0x437, cx8, cmov, fxsr, ht, mmx, 3dnowpref, sse, sse2, sse3, ssse3, sse4.1, sse4.2, popcnt, lzcnt, tsc, tscinvbit, avx, avx2, aes, erms, clmul, bmi1, bmi2, adx, sha, fma, vzeroupper, clflush, clflushopt, clwb, serialize, rdtscp, rdpid, fsrm, gfni, f16c, pku, ospke, cet_ibt, cet_ss
CPU Model and flags from /proc/cpuinfo:
model name	: 12th Gen Intel(R) Core(TM) i5-1235U
flags		: fpu vme de pse tsc msr pae mce cx8 apic sep mtrr pge mca cmov pat pse36 clflush dts acpi mmx fxsr sse sse2 ss ht tm pbe syscall nx pdpe1gb rdtscp lm constant_tsc art arch_perfmon pebs bts rep_good nopl xtopology nonstop_tsc cpuid aperfmperf tsc_known_freq pni pclmulqdq dtes64 monitor ds_cpl vmx smx est tm2 ssse3 sdbg fma cx16 xtpr pdcm sse4_1 sse4_2 x2apic movbe popcnt tsc_deadline_timer aes xsave avx f16c rdrand lahf_lm abm 3dnowprefetch cpuid_fault epb ssbd ibrs ibpb stibp ibrs_enhanced tpr_shadow flexpriority ept vpid ept_ad fsgsbase tsc_adjust bmi1 avx2 smep bmi2 erms invpcid rdseed adx smap clflushopt clwb intel_pt sha_ni xsaveopt xsavec xgetbv1 xsaves split_lock_detect user_shstk avx_vnni dtherm ida arat pln pts hwp hwp_notify hwp_act_window hwp_epp hwp_pkg_req hfi vnmi umip pku ospke waitpkg gfni vaes vpclmulqdq rdpid movdiri movdir64b fsrm md_clear serialize arch_lbr ibt flush_l1d arch_capabilities

Online cpus: 0-11
Offline cpus: 
BIOS frequency limitation: <Not Available>
Frequency switch latency (ns): 0
Available cpu frequencies: <Not Available>
Current governor: powersave
Core performance/turbo boost: <Not Available>

Memory: 4k page, physical 16054392k(3711892k free), swap 0k(0k free)
Page Sizes: 4k

vm_info: Java HotSpot(TM) 64-Bit Server VM (24.0.2+12-54) for linux-amd64 JRE (24.0.2+12-54), built on 2025-07-08T12:10:27Z with gcc 13.2.0

END.
